spell_id	name	sp	element_id	text	range	power	hit	gems	timing_id	class_id	base_spell_id	
0	 	0	0	 	0	0	0		0	0
1	г‚·гѓ§гѓѓгѓ€	10	11	еЇѕпјљж”»ж’ѓ	3	100	100		12	13	1
2	г‚·гѓјгѓ«гѓ‰	10	11	еЇѕпјљгЂђзІѕз›ѕгЂ‘(1)г‚’д»дёЋ	-1	100	-1		7	14	2
3	гѓЃгѓЈгѓјг‚ё	10	11	еЇѕпјљж”»ж’ѓв‡’и‡ЄпјљгЂЉйІеѕЎ+50%гЂ‹	1	140	70		12	15	3
4	г‚їгѓјг‚Ігѓѓгѓ€	10	11	еЇѕпјљж”»ж’ѓв†’и‡Єпјљ[е‘Ѕдё­еЉ›+](1)г‚’д»дёЋв‡’еЇѕпјљж”»ж’ѓ	2	100	50		12	13	4
5	г‚¦г‚§г‚¤гѓ€	50	11	и‡ЄпјљCPеў—	-1	300	-1		12	14	5
6	г‚¬гѓјгѓ‰	30	11	еЇѕпјљгЂђиє«д»ЈгЂ‘(1)г‚’д»дёЋ	-1	100	-1		7	14	6
7	гѓ’гѓјгѓ«	10	11	еЇѕпјљHPеў—	-1	100	-1		12	16	7
8	г‚µгѓ—гѓ©г‚¤	20	11	еЇѕпјљMPеў—пј†SPеў—	-1	23	-1		7	16	8
9	г‚ЁгѓігѓЃгѓЈгѓігѓ€пјљг‚ўг‚їгѓѓг‚Ї	20	11	еЇѕпјљ[ж”»ж’ѓ+](3)г‚’д»дёЋ	-1	33	-1		12	17	9
10	г‚µгѓўгѓіпјљг‚Їгѓ­г‚¦	50	11	и‡ЄпјљеЏ¬е–љгЂЋг‚Їгѓ­г‚¦гЂЏ	-1	100	-1		12	18	10
11	гѓљг‚¤гѓі	20	11	еЇѕпјљи‚‰дЅ“зЉ¶ж…‹з•°еёёд»дёЋ	2	200	100		12	19	11
12	г‚Ёгѓ¬гѓЎгѓігѓ€пјљгѓ•г‚Ўг‚¤г‚ў	10	11	г‚№пјљзЃ«е±ћжЂ§д»дёЋ	-1	100	-1		7	20	12
13	г‚Ёгѓ¬гѓЎгѓігѓ€пјљг‚¦г‚©гѓјг‚ї	10	11	г‚№пјљж°ґе±ћжЂ§д»дёЋ	-1	100	-1		7	20	13
14	г‚Ёгѓ¬гѓЎгѓігѓ€пјљг‚Ёг‚ў	10	11	г‚№пјљйўЁе±ћжЂ§д»дёЋ	-1	100	-1		7	20	14
15	г‚Ёгѓ¬гѓЎгѓігѓ€пјљг‚ўгѓјг‚№	10	11	г‚№пјљењ°е±ћжЂ§д»дёЋ	-1	100	-1		7	20	15
16	г‚Ёгѓ¬гѓЎгѓігѓ€пјљгѓ©г‚¤гѓ€	10	11	г‚№пјље…‰е±ћжЂ§д»дёЋ	-1	100	-1		7	20	16
17	г‚Ёгѓ¬гѓЎгѓігѓ€пјљгѓЂгѓјг‚Ї	10	11	г‚№пјљй—‡е±ћжЂ§д»дёЋ	-1	100	-1		7	20	17
18	г‚Ёгѓ¬гѓЎгѓігѓ€пјљгѓгѓ“гѓј	20	11	г‚№пјљгЂЉгѓЂгѓЎгѓјг‚ё-гЂ‹пј†[е›ћйЃїеЉ›-](3)г‚’д»дёЋ	-1	200	-1		7	20	18
19	г‚Ѕгѓјгѓ‰г‚«г‚¦гѓіг‚їгѓј	7	11	еЇѕпјљж”»ж’ѓв‡’и‡ЄпјљгЂЉйІеѕЎ+50%гЂ‹	1	140	54	,г‚«г‚¦гѓіг‚їгѓјеЊ–,ж®‹еїѓ,ж”»ж’ѓйЂЈйЋ–еЊ–	7	15	3
20	е¤©зї”ж–¬	10	32	еЇѕпјљж”»ж’ѓв‡’и‡ЄпјљгЂЉйІеѕЎ+50%гЂ‹	1	140	70	,е…‰д»дёЋ,ж”»ж’ѓйЂЈйЋ–еЊ–,ж‰“дёЉ	12	15	3
21	г‚ўг‚¦гѓЄг‚«гѓ–гѓ¬гѓјгѓ‰	12	38	еЇѕпјљж”»ж’ѓ	3	110	100	,ењ°д»дёЋ,е°„зЁ‹жё›,ж”»ж’ѓе€—еЊ–	12	13	1
22	г‚¤гѓіг‚µгѓ‹гѓ†г‚Јгѓ“гѓѓг‚°г‚¦г‚§г‚¤гѓ–	10	34	еЇѕпјљж”»ж’ѓ	2	155	91	,ж°ґд»дёЋ,ж”»ж’ѓе€—еЊ–,е°„зЁ‹жё›	12	13	1
23	г‚·гѓ§гѓѓгѓ€B	10	11	еЇѕпјљж”»ж’ѓ	3	100	100	,е°„зЁ‹еў—,е‡Ќзµђд»дёЋ,ж®‹еїѓ	12	13	1
24	г‚·гѓ§гѓѓгѓ€C	10	32	еЇѕпјљж”»ж’ѓ	3	100	100	,г‚ўг‚Їгѓ†г‚Јгѓ–еЊ–,е…‰д»дёЋ,ж”»ж’ѓе€—еЊ–	12	13	1
25	г‚·гѓ§гѓѓгѓ€D	10	36	еЇѕпјљж”»ж’ѓ	3	100	100	,й—‡д»дёЋ,ж”»ж’ѓе€—еЊ–,зЊ›жЇ’д»дёЋ	12	13	1
26	г‚·гѓ§гѓѓгѓ€E	10	35	еЇѕпјљж”»ж’ѓ	3	100	100	,зЃ«д»дёЋ,ж”»ж’ѓйЂЈйЋ–еЊ–,ж®‹еїѓ	12	13	1
27	гѓЃг‚§гѓјгѓігѓњгѓ«гѓ†г‚Їг‚№	10	11	еЇѕпјљж”»ж’ѓ	3	100	100	,йє»з—єд»дёЋ,ж”»ж’ѓйЂЈйЋ–еЊ–,е°„зЁ‹жё›	12	13	1
28	гѓћг‚ёгѓћг‚ёгѓћгѓ•г‚Ўг‚¤гѓ¤гѓј	10	35	еЇѕпјљж”»ж’ѓ	3	100	100	,зЃ«д»дёЋ,е°„зЁ‹жё›,зЃ«е‚·д»дёЋ	12	13	1
29	гѓџгѓѓгѓ‰гѓЉг‚¤гѓ€	10	36	еЇѕпјљж”»ж’ѓ	3	100	100	,е°„зЁ‹жё›,ж”»ж’ѓе€—еЊ–,й—‡д»дёЋ	12	13	1
30	зЃ«г‚·гѓ§гѓѓгѓ€	10	35	еЇѕпјљж”»ж’ѓ	3	100	100	,ж”»ж’ѓйЂЈйЋ–еЊ–,е°„зЁ‹жё›,зЃ«д»дёЋ	12	13	1
31	иЉ±й–‹гЃЏй­”ејѕ	10	37	еЇѕпјљж”»ж’ѓ	3	100	100	,йўЁд»дёЋ,е°„зЁ‹еў—,ж”»ж’ѓйЂЈйЋ–еЊ–	12	13	1
32	ењџг‚·гѓ§гѓѓгѓ€	10	38	еЇѕпјљж”»ж’ѓ	3	100	100	,г‚ўг‚Їгѓ†г‚Јгѓ–еЊ–,ж”»ж’ѓе€—еЊ–,ењ°д»дёЋ	12	13	1
33	йўЁг‚·гѓ§гѓѓгѓ€	10	37	еЇѕпјљж”»ж’ѓ	2	141	100	,е°„зЁ‹жё›,ж‰“дёЉ,йўЁд»дёЋ	12	13	1
34	г‚Ёг‚ўгѓ­г‚№гѓЉг‚¤гѓ—	10	37	еЇѕпјљж”»ж’ѓв†’и‡Єпјљ[е‘Ѕдё­еЉ›+](1)г‚’д»дёЋв‡’еЇѕпјљж”»ж’ѓ	2	100	50	,йўЁд»дёЋ,ж‰“дёЉ,ж®‹еїѓ	12	13	4
35	г‚Ёг‚ўгѓ­г‚№гѓЉг‚¤гѓ—A	10	11	еЇѕпјљж”»ж’ѓв†’и‡Єпјљ[е‘Ѕдё­еЉ›+](1)г‚’д»дёЋв‡’еЇѕпјљж”»ж’ѓ	2	100	50	,ж‰“дёЉ,ж®‹еїѓ,ж”»ж’ѓйЂЈйЋ–еЊ–	12	13	4
36	г‚їгѓјг‚Ігѓѓгѓ€A	10	11	еЇѕпјљж”»ж’ѓв†’и‡Єпјљ[е‘Ѕдё­еЉ›+](1)г‚’д»дёЋв‡’еЇѕпјљж”»ж’ѓ	2	100	50	,ж”»ж’ѓйЂЈйЋ–еЊ–,г‚«г‚¦гѓіг‚їгѓјеЊ–,йє»з—єд»дёЋ	7	13	4
37	гѓ•гѓ¬г‚¤гѓ гѓЃг‚§гѓјгѓі	10	35	еЇѕпјљж”»ж’ѓв†’и‡Єпјљ[е‘Ѕдё­еЉ›+](1)г‚’д»дёЋв‡’еЇѕпјљж”»ж’ѓ	2	100	50	,е°„зЁ‹жё›,ж”»ж’ѓйЂЈйЋ–еЊ–,зЃ«д»дёЋ	12	13	4
38	гѓЎг‚¬гѓ€гѓіг‚¤гѓігѓ‘г‚Їгѓ€	20	11	г‚№пјљгЂЉгѓЂгѓЎгѓјг‚ё-гЂ‹пј†[е›ћйЃїеЉ›-](3)г‚’д»дёЋ	-1	200	-1	,е°„зЁ‹еў—,ж‰“дёЉ,ж”»ж’ѓйЂЈйЋ–еЊ–	7	20	18
39	г‚Ёгѓ¬гѓЎгѓігѓ€пјљгѓЂгѓјг‚ЇA	10	36	г‚№пјљй—‡е±ћжЂ§д»дёЋ	-1	100	-1	,й—‡д»дёЋ,зЃ«е‚·д»дёЋ,ж”»ж’ѓйЂЈйЋ–еЊ–	7	20	17
40	жЂЁе—џ	10	36	г‚№пјљй—‡е±ћжЂ§д»дёЋ	-1	100	-1	,йє»з—єд»дёЋ,ж”»ж’ѓе€—еЊ–,й—‡д»дёЋ	7	20	17
41	гЂЉе¤љгЃЏгЃ®г‚‚гЃ®гЃ«гЃЇзџҐг‚‰г‚ЊгЃ–г‚‹дёЌеЏЇи¦–гЃ®зЃ«гЂ‹	10	35	г‚№пјљзЃ«е±ћжЂ§д»дёЋ	-1	100	-1	,зЃ«д»дёЋ,ж”»ж’ѓе€—еЊ–,зЃ«е‚·д»дёЋ	7	20	12
42	еёЇй›»е€ѓ	10	37	г‚№пјљзЃ«е±ћжЂ§д»дёЋ	-1	100	-1	,йўЁд»дёЋ,ж”»ж’ѓе€—еЊ–,зЊ›жЇ’д»дёЋ	7	20	12
43	г‚Ёгѓ¬гѓЎгѓігѓ€пјљгѓћгѓЌгѓј	10	32	г‚№пјље…‰е±ћжЂ§д»дёЋ	-1	100	-1	,е…‰д»дёЋ,ж‰“дёЉ,ж”»ж’ѓйЂЈйЋ–еЊ–	7	20	16
44	гѓ‹гѓ•г‚№гЃ®ж №й›Є	10	37	г‚№пјљж°ґе±ћжЂ§д»дёЋ	-1	100	-1	,йўЁд»дёЋ,е‡Ќзµђд»дёЋ,ж”»ж’ѓе€—еЊ–	7	20	13
45	гѓ­г‚Їгѓ¬г‚їгѓјг‚Їгѓ¬гѓ•гЂђзҐ€г‚Љг‚’гЃ“г‚ЃгЃ¦гЂ‘	10	34	г‚№пјљж°ґе±ћжЂ§д»дёЋ	-1	100	-1	,г‚ўг‚Їгѓ†г‚Јгѓ–еЊ–,ж°ґд»дёЋ,йє»з—єд»дёЋ	12	20	13
46	жґ»еЉ›гЃ®й­”жі•	8	38	г‚№пјљж°ґе±ћжЂ§д»дёЋ	-1	83	-1	,ењ°д»дёЋ,г‚ўг‚Їгѓ†г‚Јгѓ–еЊ–,е°„зЁ‹жё›	12	20	13
47	гЃ‹г‚‰гЃѕг‚‹гЃ„гЃЁ	10	38	г‚№пјљењ°е±ћжЂ§д»дёЋ	-1	100	-1	,ењ°д»дёЋ,йє»з—єд»дёЋ,ж”»ж’ѓйЂЈйЋ–еЊ–	7	20	15
48	гѓ‰г‚Їг‚јгѓЄ	10	34	г‚№пјљењ°е±ћжЂ§д»дёЋ	-1	100	-1	,ж°ґд»дёЋ,ж”»ж’ѓйЂЈйЋ–еЊ–,зЊ›жЇ’д»дёЋ	7	20	15
49	й»’гЃ®ж·±жіҐ	10	38	г‚№пјљењ°е±ћжЂ§д»дёЋ	-1	100	-1	,ењ°д»дёЋ,ж”»ж’ѓе€—еЊ–,г‚ўг‚Їгѓ†г‚Јгѓ–еЊ–	12	20	15
50	жњЁй™°гЃ®и‰І	10	34	г‚№пјљењ°е±ћжЂ§д»дёЋ	-1	100	-1	,ж°ґд»дёЋ,ж”»ж’ѓе€—еЊ–,зЊ›жЇ’д»дёЋ	7	20	15
51	й­‚з‡ѓз„ј	20	11	еЇѕпјљ[ж”»ж’ѓ+](3)г‚’д»дёЋ	-1	33	-1	,ж”»ж’ѓйЂЈйЋ–еЊ–,ж®‹еїѓ,зЃ«е‚·д»дёЋ	12	17	9
52	Mizuchi	10	11	еЇѕпјљж”»ж’ѓв‡’и‡ЄпјљгЂЉйІеѕЎ+50%гЂ‹	1	117	84	,г‚«г‚¦гѓіг‚їгѓјеЊ–,е°„зЁ‹жё›,йє»з—єд»дёЋ	7	15	3
53	й—‡е‘јгЃ¶е€ѓ	10	36	еЇѕпјљж”»ж’ѓв‡’и‡ЄпјљгЂЉйІеѕЎ+50%гЂ‹	2	140	70	,ж”»ж’ѓе€—еЊ–,й—‡д»дёЋ,е°„зЁ‹жё›,гЂђг‚№гѓљгѓ«дЅїз”Ёе‰ЌгЂ‘и‡ЄпјљгЂђйє»з—єгЂ‘	12	15	3
54	еЌ±й™єгЃЄеЏЌеїњ	10	34	еЇѕпјљж”»ж’ѓв‡’и‡ЄпјљгЂЉйІеѕЎ+50%гЂ‹	1	140	70	,ж”»ж’ѓйЂЈйЋ–еЊ–,ж°ґд»дёЋ,е°„зЁ‹жё›	12	15	3
55	зї йўЁ	16	34	еЇѕпјљж”»ж’ѓв‡’и‡ЄпјљгЂЉйІеѕЎ+50%гЂ‹	1	185	77	,ж‰“дёЉ,ж”»ж’ѓйЂЈйЋ–еЊ–,ж°ґд»дёЋ,гЂђг‚№гѓљгѓ«дЅїз”Ёе‰ЌгЂ‘и‡ЄпјљгЂђйє»з—єгЂ‘	12	15	3
56	зЄЃж’ѓиЎ“пјљз—›ж‰“дє¤еЏ‰ 	14	38	еЇѕпјљж”»ж’ѓв‡’и‡ЄпјљгЂЉйІеѕЎ+50%гЂ‹	1	169	70	,е°„зЁ‹жё›,ж”»ж’ѓйЂЈйЋ–еЊ–,ењ°д»дёЋ	12	15	3
57	гѓЃгѓЈгѓјг‚ёA	10	11	еЇѕпјљж”»ж’ѓв‡’и‡ЄпјљгЂЉйІеѕЎ+50%гЂ‹	1	140	70	,ж”»ж’ѓйЂЈйЋ–еЊ–,е°„зЁ‹еў—,ж‰“дёЉ	12	15	3
58	Ghidorah	10	11	еЇѕпјљж”»ж’ѓ	1	100	199	,ж”»ж’ѓйЂЈйЋ–еЊ–,е‡Ќзµђд»дёЋ,г‚ўг‚Їгѓ†г‚Јгѓ–еЊ–	12	13	1
59	г‚ўгѓјг‚№г‚ігѓігѓњгѓђгѓјгѓіг‚·гѓ§гѓѓгѓ€	10	38	еЇѕпјљж”»ж’ѓ	2	141	100	,ж”»ж’ѓйЂЈйЋ–еЊ–,ењ°д»дёЋ,зЃ«е‚·д»дёЋ	12	13	1
60	г‚ўгѓјг‚№г‚ігѓігѓњгѓќг‚¤г‚єгѓіг‚·гѓ§гѓѓгѓ€	10	38	еЇѕпјљж”»ж’ѓ	3	100	100	,ењ°д»дёЋ,ж”»ж’ѓйЂЈйЋ–еЊ–,зЊ›жЇ’д»дёЋ	12	13	1
61	г‚ўг‚Їг‚ўг‚·гѓ§гѓѓгѓ€	10	34	еЇѕпјљж”»ж’ѓ	1	199	100	,ж°ґд»дёЋ,ж”»ж’ѓйЂЈйЋ–еЊ–,йє»з—єд»дёЋ	12	13	1
62	г‚Ёгѓігѓ‰гѓ»гѓ–гѓЄгѓіг‚¬гѓј	10	36	еЇѕпјљж”»ж’ѓ	3	100	100	,е°„зЁ‹жё›,ж”»ж’ѓйЂЈйЋ–еЊ–,й—‡д»дёЋ	12	13	1
63	гѓ†г‚Јгѓјгѓ­гѓ»г‚ўгѓіг‚ігѓјгѓ©	10	34	еЇѕпјљж”»ж’ѓ	3	100	100	,ж”»ж’ѓйЂЈйЋ–еЊ–,ж‰“дёЉ,ж°ґд»дёЋ	12	13	1
64	гѓ‡г‚°гѓ¬гѓѓг‚»	10	37	еЇѕпјљж”»ж’ѓ	3	100	100	,ж”»ж’ѓйЂЈйЋ–еЊ–,е°„зЁ‹жё›,йўЁд»дёЋ	12	13	1
65	гѓ†гѓ€гѓ­гѓ‰г‚·гѓ§гѓѓгѓ€	10	34	еЇѕпјљж”»ж’ѓ	1	199	100	,ж”»ж’ѓйЂЈйЋ–еЊ–,ж°ґд»дёЋ,зЊ›жЇ’д»дёЋ	12	13	1
66	гЃЁгЃ¤гЃ’гЃЌгЃ—г‚ѓг‚Љг‚“пј€г‚‚гЃ€гЃ¦г‚‹пј‰	10	11	еЇѕпјљж”»ж’ѓ	3	100	100	,зЃ«е‚·д»дёЋ,е°„зЁ‹жё›,ж”»ж’ѓе€—еЊ–	12	13	1
67	гѓђг‚№г‚їгѓјг‚­гѓЈгѓЋгѓі	10	35	еЇѕпјљж”»ж’ѓ	2	141	100	,ж”»ж’ѓе€—еЊ–,е°„зЁ‹жё›,зЃ«д»дёЋ	12	13	1
68	гѓ•г‚Ўг‚¤г‚ўгѓђгѓ¬гѓѓгѓ€	10	35	еЇѕпјљж”»ж’ѓ	1	141	142	,зЃ«д»дёЋ,ж”»ж’ѓйЂЈйЋ–еЊ–,зЃ«е‚·д»дёЋ	12	13	1
69	гѓ–гѓ©гѓѓг‚Їг‚ігѓјгѓ€	10	36	еЇѕпјљж”»ж’ѓ	3	100	100	,г‚«г‚¦гѓіг‚їгѓјеЊ–,й—‡д»дёЋ,е°„зЁ‹еў—	7	13	1
70	гѓ•гѓ¬г‚¤гѓ г‚їгѓі	5	35	еЇѕпјљж”»ж’ѓ	2	100	100	,ж”»ж’ѓйЂЈйЋ–еЊ–,йє»з—єд»дёЋ,зЃ«д»дёЋ	12	13	1
71	гѓљгѓ«г‚ЅгѓЉг‚·гѓ§гѓѓгѓ€	7	36	еЇѕпјљж”»ж’ѓ	2	121	100	,ж”»ж’ѓйЂЈйЋ–еЊ–,й—‡д»дёЋ,ж®‹еїѓ	12	13	1
72	гѓЄгѓѓгѓ—г‚«гѓ¬гѓігѓ€	10	34	еЇѕпјљж”»ж’ѓ	2	141	100	,ж°ґд»дёЋ,ж”»ж’ѓе€—еЊ–,г‚«г‚¦гѓіг‚їгѓјеЊ–	7	13	1
73	жЏгЃЌе…‰гЃ®зџў	10	36	еЇѕпјљж”»ж’ѓ	3	100	100	,й—‡д»дёЋ,е‡Ќзµђд»дёЋ,ж®‹еїѓ	12	13	1
74	ж–¬е…‰	10	35	еЇѕпјљж”»ж’ѓ	1	199	100	,зЃ«д»дёЋ,ж”»ж’ѓйЂЈйЋ–еЊ–,е°„зЁ‹еў—	12	13	1
75	зЃјйЉ…	10	35	еЇѕпјљж”»ж’ѓ	3	100	100	,зЊ›жЇ’д»дёЋ,ж”»ж’ѓйЂЈйЋ–еЊ–,зЃ«д»дёЋ	12	13
76	зћ¬жџгЃ«и© г‚Ѓ	5	11	еЇѕпјљж”»ж’ѓ	1	141	100	,г‚«г‚¦гѓіг‚їгѓјеЊ–,ж”»ж’ѓйЂЈйЋ–еЊ–,ж®‹еїѓ	7	13	1
77	е°Џе™є	10	11	еЇѕпјљж”»ж’ѓ	3	100	100	,г‚«г‚¦гѓіг‚їгѓјеЊ–,ж”»ж’ѓйЂЈйЋ–еЊ–,е°„зЁ‹жё›	7	13	1
78	еѕ’иЉ±	10	37	еЇѕпјљж”»ж’ѓ	2	141	100	,йўЁд»дёЋ,йє»з—єд»дёЋ,ж”»ж’ѓе€—еЊ–	12	13	1
79	жЇ’зЃ«г‚·гѓ§гѓѓгѓ€	10	35	еЇѕпјљж”»ж’ѓ	3	100	100	,зЃ«д»дёЋ,зЊ›жЇ’д»дёЋ,г‚ўг‚Їгѓ†г‚Јгѓ–еЊ–	12	13	1
80	з ґе‘Є	12	34	еЇѕпјљж”»ж’ѓ	3	110	100	,ж°ґд»дёЋ,ж”»ж’ѓйЂЈйЋ–еЊ–,е°„зЁ‹жё›	12	13
81	з™Ѕж°·гЃ®е€ѓ	10	34	еЇѕпјљж”»ж’ѓ	2	141	100	,е‡Ќзµђд»дёЋ,ж”»ж’ѓйЂЈйЋ–еЊ–,ж°ґд»дёЋ	12	13	1
82	жє¶ж¶Іе°„иЎ“	10	34	еЇѕпјљж”»ж’ѓ	1	199	100	,ж”»ж’ѓе€—еЊ–,ж°ґд»дёЋ,е‡Ќзµђд»дёЋ	12	13	1
83	г‚ўгѓѓгѓ‘гѓјгЃ§г‚ЏгЃ‹г‚‰гЃ›г‚‹	10	35	еЇѕпјљж”»ж’ѓ	3	100	100	,зЃ«д»дёЋ,ж”»ж’ѓйЂЈйЋ–еЊ–,ж‰“дёЉ	12	13
84	гѓґг‚©гѓ«г‚«гѓ‹гѓѓг‚Їгѓ»гѓ­г‚ўгѓј	10	35	еЇѕпјљж”»ж’ѓ	3	100	100	,зЃ«д»дёЋ,зЃ«е‚·д»дёЋ,ж”»ж’ѓе€—еЊ–	12	13	1
85	г‚Ёг‚ўгѓ­г‚·гѓ§гѓѓгѓ€	10	37	еЇѕпјљж”»ж’ѓ	2	141	100	,е°„зЁ‹жё›,ж‰“дёЉ,йўЁд»дёЋ	12	13	1
86	г‚µгѓігѓЂгѓјгѓњгѓјгѓ«	10	35	еЇѕпјљж”»ж’ѓ	3	100	100	,зЃ«д»дёЋ,ж”»ж’ѓе€—еЊ–,ж‰“дёЉ	12	13	1
87	г‚·гѓ§гѓѓгѓ€G	12	37	еЇѕпјљж”»ж’ѓ	1	199	110	,ж‰“дёЉ,йўЁд»дёЋ,ж”»ж’ѓйЂЈйЋ–еЊ–	12	13	1
88	г‚·гѓ§гѓѓгѓ€J	12	37	еЇѕпјљж”»ж’ѓ	3	121	91	,йўЁд»дёЋ,ж”»ж’ѓйЂЈйЋ–еЊ–,зЊ›жЇ’д»дёЋ	12	13	1
89	гѓ†гѓігѓљг‚№гѓ€гѓ»г‚Ёг‚ў	12	37	еЇѕпјљж”»ж’ѓ	1	218	100	,ж”»ж’ѓйЂЈйЋ–еЊ–,йўЁд»дёЋ,йє»з—єд»дёЋ	12	13	1
90	гѓ€гѓ©г‚¤г‚јг‚Їг‚№	10	11	еЇѕпјљж”»ж’ѓ	2	141	100	,ж”»ж’ѓйЂЈйЋ–еЊ–,е°„зЁ‹жё›,ж‰“дёЉ	12	13
91	гѓђгѓјг‚№гѓ€	10	38	еЇѕпјљж”»ж’ѓ	3	100	100	,ењ°д»дёЋ,е°„зЁ‹жё›,ж”»ж’ѓйЂЈйЋ–еЊ–	12	13	1
92	зЃ«з‚Ћж”ѕе°„	10	35	еЇѕпјљж”»ж’ѓ	3	100	100	,ж”»ж’ѓйЂЈйЋ–еЊ–,е°„зЁ‹жё›,зЃ«д»дёЋ	12	13	1
93	е…‰г‚·гѓ§гѓѓгѓ€	10	32	еЇѕпјљж”»ж’ѓ	3	110	91	,ж”»ж’ѓйЂЈйЋ–еЊ–,е°„зЁ‹жё›,е…‰д»дёЋ	12	13	1
94	й­”иЎ“ејѕ	10	11	еЇѕпјљж”»ж’ѓ	2	141	100	,е°„зЁ‹жё›,ж®‹еїѓ,ж”»ж’ѓйЂЈйЋ–еЊ–	12	13	1
95	г‚¤гѓ‡г‚ўгЃ®еЅ±зµµ	12	36	еЇѕпјљж”»ж’ѓв†’и‡Єпјљ[е‘Ѕдё­еЉ›+](1)г‚’д»дёЋв‡’еЇѕпјљж”»ж’ѓ	1	100	77	,ж”»ж’ѓйЂЈйЋ–еЊ–,йє»з—єд»дёЋ,й—‡д»дёЋ	12	13	4
96	г‚¦г‚©гѓјг‚їгѓјгѓ©гѓіг‚№	10	34	еЇѕпјљж”»ж’ѓв†’и‡Єпјљ[е‘Ѕдё­еЉ›+](1)г‚’д»дёЋв‡’еЇѕпјљж”»ж’ѓ	2	100	50	,ж°ґд»дёЋ,е‡Ќзµђд»дёЋ,е°„зЁ‹еў—	12	13	4
97	г‚Єг‚Їгѓ©г‚’иµ°г‚‰гЃ›г‚‹пјЃ	10	37	еЇѕпјљж”»ж’ѓв†’и‡Єпјљ[е‘Ѕдё­еЉ›+](1)г‚’д»дёЋв‡’еЇѕпјљж”»ж’ѓ	2	100	50	,йўЁд»дёЋ,ж”»ж’ѓйЂЈйЋ–еЊ–,зЊ›жЇ’д»дёЋ	12	13	4
98	г‚ЇгѓЌг‚¦гѓ 	12	11	еЇѕпјљж”»ж’ѓв†’и‡Єпјљ[е‘Ѕдё­еЉ›+](1)г‚’д»дёЋв‡’еЇѕпјљж”»ж’ѓ	2	110	50	,ж”»ж’ѓйЂЈйЋ–еЊ–,ж‰“дёЉ,е°„зЁ‹жё›	12	13	4
99	гѓђгѓ€гѓ©г‚іг‚№гѓ†г‚Јгѓіг‚°	10	34	еЇѕпјљж”»ж’ѓв†’и‡Єпјљ[е‘Ѕдё­еЉ›+](1)г‚’д»дёЋв‡’еЇѕпјљж”»ж’ѓ	2	100	50	,ж°ґд»дёЋ,ж”»ж’ѓйЂЈйЋ–еЊ–,йє»з—єд»дёЋ	12	13	4
100	гѓ”гѓ©гѓџгѓЂгѓ«г‚¦г‚§г‚¤гѓ–	10	34	еЇѕпјљж”»ж’ѓв†’и‡Єпјљ[е‘Ѕдё­еЉ›+](1)г‚’д»дёЋв‡’еЇѕпјљж”»ж’ѓ	2	100	50	,ж°ґд»дёЋ,е°„зЁ‹жё›,ж”»ж’ѓйЂЈйЋ–еЊ–	12	13	4
101	гѓљгѓјгѓ«гѓњгѓ 	12	11	еЇѕпјљж”»ж’ѓв†’и‡Єпјљ[е‘Ѕдё­еЉ›+](1)г‚’д»дёЋв‡’еЇѕпјљж”»ж’ѓ	2	110	50	,е°„зЁ‹жё›,йє»з—єд»дёЋ,ж”»ж’ѓйЂЈйЋ–еЊ–	12	13	4
102	гѓћг‚ёгѓћг‚ёгѓћгѓ©г‚¤г‚ёгѓіг‚°гѓ•г‚Ўг‚¤г‚ўгѓј	10	35	еЇѕпјљж”»ж’ѓв†’и‡Єпјљ[е‘Ѕдё­еЉ›+](1)г‚’д»дёЋв‡’еЇѕпјљж”»ж’ѓ	2	100	50	,зЃ«д»дёЋ,ж”»ж’ѓйЂЈйЋ–еЊ–,ж‰“дёЉ	12	13	4
103	г‚€гЃ„г‚„гЃїгѓЂг‚¤гѓ–	10	36	еЇѕпјљж”»ж’ѓв†’и‡Єпјљ[е‘Ѕдё­еЉ›+](1)г‚’д»дёЋв‡’еЇѕпјљж”»ж’ѓ	2	100	50	,ж”»ж’ѓйЂЈйЋ–еЊ–,ж®‹еїѓ,й—‡д»дёЋ	12	13	4
104	еђ№гЃЌйЈ›гЃ°гЃ—	10	11	еЇѕпјљж”»ж’ѓв†’и‡Єпјљ[е‘Ѕдё­еЉ›+](1)г‚’д»дёЋв‡’еЇѕпјљж”»ж’ѓ	2	100	50	,ж‰“дёЉ,е°„зЁ‹жё›,г‚«г‚¦гѓіг‚їгѓјеЊ–	7	13	4
105	г‚їгѓјг‚Ігѓѓгѓ€B	5	11	еЇѕпјљж”»ж’ѓв†’и‡Єпјљ[е‘Ѕдё­еЉ›+](1)г‚’д»дёЋв‡’еЇѕпјљж”»ж’ѓ	1	100	50	,г‚«г‚¦гѓіг‚їгѓјеЊ–,ж‰“дёЉ,ж”»ж’ѓйЂЈйЋ–еЊ–	7	13	4
106	жѓіијќй­”жі• е¤ўжѓігЃ®е‹‡зЊ›	35	37	еЇѕпјљ[ж”»ж’ѓ+](3)г‚’д»дёЋ	-1	42	-1	,йўЁд»дёЋ,ж®‹еїѓ,е°„зЁ‹жё›	12	17	9
107	г‚Їгѓ­гѓјгѓ–гѓЄгѓјгѓ•	10	38	еЇѕпјљгЂђзІѕз›ѕгЂ‘(1)г‚’д»дёЋ	-1	101	-1	,ж®‹еїѓ,е°„зЁ‹жё›,ењ°д»дёЋ	7	14	2
108	г‚·гѓјгѓ«гѓ‰пј‹	10	34	еЇѕпјљгЂђзІѕз›ѕгЂ‘(1)г‚’д»дёЋ	-1	100	-1	,е°„зЁ‹жё›,ж°ґд»дёЋ,ж®‹еїѓ	7	14	2
109	гЃ¬гЃ„гЃђг‚‹гЃїгѓ€гѓјг‚Їгѓі	10	38	еЇѕпјљгЂђзІѕз›ѕгЂ‘(1)г‚’д»дёЋ	-1	100	-1	,г‚ўг‚Їгѓ†г‚Јгѓ–еЊ–,ж®‹еїѓ,ењ°д»дёЋ	12	14	2
110	и…ђз¤«гЃ®еЈЃ	10	38	еЇѕпјљгЂђзІѕз›ѕгЂ‘(1)г‚’д»дёЋ	-1	100	-1	,ж”»ж’ѓйЂЈйЋ–еЊ–,ењ°д»дёЋ,е°„зЁ‹жё›	7	14	2
111	й—‡г‚·гѓјгѓ«гѓ‰	10	36	еЇѕпјљгЂђзІѕз›ѕгЂ‘(1)г‚’д»дёЋ	-1	100	-1	,е°„зЁ‹жё›,г‚ўг‚Їгѓ†г‚Јгѓ–еЊ–,й—‡д»дёЋ	12	14	2
112	й­”иЎ“йљњеЈЃ	9	11	еЇѕпјљгЂђзІѕз›ѕгЂ‘(1)г‚’д»дёЋ	-1	91	-1	,ж”»ж’ѓйЂЈйЋ–еЊ–,ж®‹еїѓ,г‚ўг‚Їгѓ†г‚Јгѓ–еЊ–	12	14	2
113	гЃ„гЃџгЃ„гЃ®гЃЁг‚“гЃ§гЃ‘	12	35	еЇѕпјљHPеў—	-1	110	-1	,е°„зЁ‹жё›,зЃ«д»дёЋ,г‚«г‚¦гѓіг‚їгѓјеЊ–	7	16	7
114	г‚¬гѓ©гѓ«гѓ•г‚Ў	10	34	еЇѕпјљHPеў—	-1	100	-1	,е°„зЁ‹жё›,ж®‹еїѓ,ж°ґд»дёЋ	12	16	7
115	гѓ•гѓЄгѓҐг‚¤гѓ‰г‚»г‚ѕгѓі	10	38	еЇѕпјљHPеў—	-1	133	-1	,е°„зЁ‹жё›,ењ°д»дёЋ,г‚ўг‚Їгѓ†г‚Јгѓ–еЊ–,гЂђг‚№гѓљгѓ«дЅїз”Ёе‰ЌгЂ‘и‡ЄпјљгЂђйє»з—єгЂ‘Ч3	12	16	7
116	гѓћг‚°гѓЇгѓјгѓ€г‚¬гѓјг‚ј	9	38	еЇѕпјљHPеў—	-1	91	-1	,ењ°д»дёЋ,е‡Ќзµђд»дёЋ,е°„зЁ‹жё›	12	16	7
117	гѓЄг‚ўг‚Їгѓ†г‚Јгѓ–гѓ’гѓјгѓ«	7	38	еЇѕпјљHPеў—	-1	76	-1	,г‚«г‚¦гѓіг‚їгѓјеЊ–,е°„зЁ‹жё›,ењ°д»дёЋ	7	16	7
118	гѓ«гѓЉгѓ’гѓјгѓ«	14	36	еЇѕпјљHPеў—	-1	121	-1	,е°„зЁ‹жё›,й—‡д»дёЋ,йє»з—єд»дёЋ	12	16	7
119	гѓ’гѓјгѓ«A	10	11	еЇѕпјљHPеў—	-1	100	-1	,г‚«г‚¦гѓіг‚їгѓјеЊ–,ж®‹еїѓ,е°„зЁ‹жё›	7	16	7
120	г‚Ѕгѓјгѓ‰гѓ—гѓ¬гѓѓг‚·гѓЈгѓј	20	35	еЇѕпјљMPеў—пј†SPеў—	-1	23	-1	,зЃ«д»дёЋ,ж‰“дёЉ,ж”»ж’ѓе€—еЊ–	7	16	8
121	ж€¦ећ‹з¶­жЊЃ	20	11	еЇѕпјљMPеў—пј†SPеў—	-1	23	-1	,г‚«г‚¦гѓіг‚їгѓјеЊ–,ж®‹еїѓ,е°„зЁ‹жё›	7	16	8
122	гЃ‚гЃЎгЃ‚гЃЎг‚Єгѓљгѓ¬гѓјг‚·гѓ§гѓі	20	38	еЇѕпјљи‚‰дЅ“зЉ¶ж…‹з•°еёёд»дёЋ	2	200	100	,ж”»ж’ѓе€—еЊ–,зЃ«е‚·д»дёЋ,ењ°д»дёЋ	12	19	11
123	зџ­е¤њгЃ®и‰І	9	34	еЇѕпјљи‚‰дЅ“зЉ¶ж…‹з•°еёёд»дёЋ	1	200	100	,ж°ґд»дёЋ,зЊ›жЇ’д»дёЋ,е°„зЁ‹жё›	12	19	11
124	еїг‚Њз‰©г‚’жЂќгЃ„е‡єгЃ™й­”жі•	20	38	еЇѕпјљи‚‰дЅ“зЉ¶ж…‹з•°еёёд»дёЋ	2	200	100	,ењ°д»дёЋ,йє»з—єд»дёЋ,г‚«г‚¦гѓіг‚їгѓјеЊ–	7	19	11
125	гѓљг‚¤гѓіA	20	32	еЇѕпјљи‚‰дЅ“зЉ¶ж…‹з•°еёёд»дёЋ	2	200	100	,е…‰д»дёЋ,е°„зЁ‹жё›,г‚ўг‚Їгѓ†г‚Јгѓ–еЊ–	12	19	11
126	гЂЉй›·йњ†гЂ‹	10	37	г‚№пјљзЃ«е±ћжЂ§д»дёЋ	-1	100	-1	,йўЁд»дёЋ,г‚ўг‚Їгѓ†г‚Јгѓ–еЊ–,ж”»ж’ѓе€—еЊ–	12	20	12
127	Blitzkrieg	10	37	г‚№пјљзЃ«е±ћжЂ§д»дёЋ	-1	100	-1	,йўЁд»дёЋ,ж”»ж’ѓйЂЈйЋ–еЊ–,зЃ«е‚·д»дёЋ	7	20	12
128	Sуlarljур	10	32	г‚№пјљзЃ«е±ћжЂ§д»дёЋ	-1	100	-1	,ж”»ж’ѓйЂЈйЋ–еЊ–,е…‰д»дёЋ,г‚ўг‚Їгѓ†г‚Јгѓ–еЊ–	12	20	12
129	гѓђгѓ™гѓ«г‚єгѓЏг‚¤Ver.1	10	35	г‚№пјљзЃ«е±ћжЂ§д»дёЋ	-1	100	-1	,зЃ«д»дёЋ,ж”»ж’ѓе€—еЊ–,ж‰“дёЉ	7	20	12
130	е…ЁйѓЁз‡ѓг‚„гЃ™	10	35	г‚№пјљзЃ«е±ћжЂ§д»дёЋ	-1	100	-1	,зЃ«д»дёЋ,ж”»ж’ѓе€—еЊ–,зЊ›жЇ’д»дёЋ	7	20	12
131	е†ҐзЋ‹	10	36	г‚№пјљзЃ«е±ћжЂ§д»дёЋ	-1	100	-1	,ж”»ж’ѓйЂЈйЋ–еЊ–,й—‡д»дёЋ,е‡Ќзµђд»дёЋ	7	20	12
132	иёЉг‚‹зЃ«гЃ®зІ‰	10	37	г‚№пјљзЃ«е±ћжЂ§д»дёЋ	-1	100	-1	,йўЁд»дёЋ,г‚ўг‚Їгѓ†г‚Јгѓ–еЊ–,е°„зЁ‹жё›	12	20	12
133	йЂЈй›·	10	37	г‚№пјљзЃ«е±ћжЂ§д»дёЋ	-1	100	-1	,йўЁд»дёЋ,ж”»ж’ѓйЂЈйЋ–еЊ–,ж®‹еїѓ	7	20	12
134	г‚Ёгѓ¬гѓЎгѓігѓ€пјљгѓ•г‚Ўг‚¤г‚ўA	10	37	г‚№пјљзЃ«е±ћжЂ§д»дёЋ	-1	100	-1	,йўЁд»дёЋ,йє»з—єд»дёЋ,ж”»ж’ѓйЂЈйЋ–еЊ–	7	20	12
135	Die Wacht am Rhein	10	38	г‚№пјљж°ґе±ћжЂ§д»дёЋ	-1	100	-1	,ењ°д»дёЋ,ж”»ж’ѓе€—еЊ–,зЊ›жЇ’д»дёЋ	7	20	13
136	г‚ўг‚¤г‚№г‚ігѓ•г‚Јгѓі	10	38	г‚№пјљж°ґе±ћжЂ§д»дёЋ	-1	100	-1	,ењ°д»дёЋ,е‡Ќзµђд»дёЋ,ж”»ж’ѓе€—еЊ–	7	20	13
137	гЃџгЃ ж®ґг‚‹гЃ гЃ‘гЃг‚ѓгЃ¤гЃѕг‚‰гЃ­гЃ‡г‚€гЃЄгЃЃвЂ¦вЂ¦пјџгЂЂг‚ёгѓЇг‚ёгѓЇгЃЁи‹¦гЃ—г‚Ѓг‚‹гЃ®гЃЊжњЂй«гЃ гЃњгЃ‡вЂ¦вЂ¦пјЃгЂЂгЃ“гЃ®е¤§ж‚ЄеЇєж§гЃ®жЃђг‚ЌгЃ—гЃ•г‚’е­е€†гЃ«е‘іг‚ЏгЃЈгЃ¦г‚‚г‚‰гЃ†гЃњвЂ¦вЂ¦пјџ	10	38	г‚№пјљж°ґе±ћжЂ§д»дёЋ	-1	100	-1	,ењ°д»дёЋ,ж”»ж’ѓйЂЈйЋ–еЊ–,зЊ›жЇ’д»дёЋ	7	20	13
138	йЃ“й–‹гЃЏеЏЊи…•	10	38	г‚№пјљж°ґе±ћжЂ§д»дёЋ	-1	100	-1	,ењ°д»дёЋ,ж”»ж’ѓйЂЈйЋ–еЊ–,зЃ«е‚·д»дёЋ	7	20	13
139	г‚¤гѓігѓ•гѓ«г‚Ёгѓіг‚№	10	34	г‚№пјљйўЁе±ћжЂ§д»дёЋ	-1	100	-1	,ж°ґд»дёЋ,ж”»ж’ѓе€—еЊ–,йє»з—єд»дёЋ	7	20	14
140	иЅџгЃЌгЃ®зЁ®	10	35	г‚№пјљйўЁе±ћжЂ§д»дёЋ	-1	100	-1	,зЃ«д»дёЋ,е°„зЁ‹жё›,ж®‹еїѓ	7	20	14
141	жџзЃ«з‡ЋеЋџ	10	35	г‚№пјљйўЁе±ћжЂ§д»дёЋ	-1	100	-1	,зЃ«д»дёЋ,ж”»ж’ѓйЂЈйЋ–еЊ–,зЃ«е‚·д»дёЋ	7	20	14
142	г‚ЁгѓігѓЃгѓЈгѓігѓ€гѓ»г‚Єгѓјгѓ–пјљењџ	10	38	г‚№пјљењ°е±ћжЂ§д»дёЋ	-1	100	-1	,ењ°д»дёЋ,ж”»ж’ѓйЂЈйЋ–еЊ–,ж®‹еїѓ	7	20	15
143	гѓ‰гѓЄгѓјгѓ г‚¬гѓјгѓ‡гѓі	9	34	г‚№пјљењ°е±ћжЂ§д»дёЋ	-1	91	-1	,ж°ґд»дёЋ,е°„зЁ‹еў—,г‚ўг‚Їгѓ†г‚Јгѓ–еЊ–	12	20	15
144	гѓ•гѓ©гѓЇгѓјгѓќгѓѓгѓ€	10	34	г‚№пјљењ°е±ћжЂ§д»дёЋ	-1	100	-1	,ж°ґд»дёЋ,ж”»ж’ѓйЂЈйЋ–еЊ–,е‡Ќзµђд»дёЋ	7	20	15
145	еЌЃе…«з•Є	10	34	г‚№пјљењ°е±ћжЂ§д»дёЋ	-1	100	-1	,ж°ґд»дёЋ,ж”»ж’ѓйЂЈйЋ–еЊ–,е°„зЁ‹еў—	7	20	15
146	ж—‹г‚‰гЃ™зџ›е…€	10	34	г‚№пјљењ°е±ћжЂ§д»дёЋ	-1	100	-1	,ж°ґд»дёЋ,ж”»ж’ѓйЂЈйЋ–еЊ–,ж‰“дёЉ	7	20	15
147	г‚Ёгѓ¬гѓЎгѓігѓ€пјљг‚ўгѓјг‚№A	10	38	г‚№пјљењ°е±ћжЂ§д»дёЋ	-1	100	-1	,ењ°д»дёЋ,ж”»ж’ѓйЂЈйЋ–еЊ–,зЊ›жЇ’д»дёЋ	7	20	15
148	г‚„гЃїгЃ«гЃќгЃѕг‚‹	10	36	г‚№пјљй—‡е±ћжЂ§д»дёЋ	-1	100	-1	,й—‡д»дёЋ,зЃ«е‚·д»дёЋ,ж”»ж’ѓйЂЈйЋ–еЊ–	7	20	17
149	гѓгѓ“гѓјгѓ­гѓјгѓ‰	20	37	г‚№пјљгЂЉгѓЂгѓЎгѓјг‚ё-гЂ‹пј†[е›ћйЃїеЉ›-](3)г‚’д»дёЋ	-1	200	-1	,йўЁд»дёЋ,е‡Ќзµђд»дёЋ,ж”»ж’ѓе€—еЊ–	7	20	18
150	г‚Ёгѓ¬гѓЎгѓігѓ€пјљгѓгѓ“гѓјA	20	35	г‚№пјљгЂЉгѓЂгѓЎгѓјг‚ё-гЂ‹пј†[е›ћйЃїеЉ›-](3)г‚’д»дёЋ	-1	200	-1	,зЊ›жЇ’д»дёЋ,зЃ«д»дёЋ,ж”»ж’ѓе€—еЊ–	7	20	18
151	г‚Ѕгѓјгѓ‰гѓ—гѓ¬гѓѓг‚·гѓЈгѓјB	20	11	еЇѕпјљMPеў—пј†SPеў—	-1	23	-1	,ж”»ж’ѓе€—еЊ–,е°„зЁ‹еў—,ж®‹еїѓ	7	16	8
152	г‚·гѓ§гѓѓгѓ€A	10	11	еЇѕпјљж”»ж’ѓ	3	100	100	,ж”»ж’ѓе€—еЊ–,ж®‹еїѓ,зЃ«е‚·д»дёЋ	12	13	1
153	SГіlarljГіГ°	-1	0		-1	-1	-1		0	0
154	5h07N0-1	12	35	еЇѕпјљж”»ж’ѓ	1	218	100	,зЃ«д»дёЋ,ж”»ж’ѓйЂЈйЋ–еЊ–,зЊ›жЇ’д»дёЋ	12	13	1
155	е‹•гЃ‘гЃЄгЃЏгЃ™г‚‹й­”жі•	10	34	еЇѕпјљж”»ж’ѓ	3	100	100	,ж”»ж’ѓйЂЈйЋ–еЊ–,е°„зЁ‹жё›,ж°ґд»дёЋ	12	13	1
156	гѓґг‚Ўгѓјгѓ†г‚¤гѓі	10	35	еЇѕпјљж”»ж’ѓ	3	100	100	,зЃ«д»дёЋ,ж”»ж’ѓйЂЈйЋ–еЊ–,ж‰“дёЉ	12	13	1
157	г‚·гѓ§гѓѓгѓ€H	10	35	еЇѕпјљж”»ж’ѓ	3	100	100	,зЃ«д»дёЋ,ж”»ж’ѓе€—еЊ–,е‡Ќзµђд»дёЋ	12	13	1
158	з€†иЈ‚ж—‹йўЁе‰Ј	10	11	еЇѕпјљж”»ж’ѓ	2	141	100	,ж”»ж’ѓйЂЈйЋ–еЊ–,е°„зЁ‹жё›,ж‰“дёЉ	12	13	1
159	йЈЇз¶±	10	35	еЇѕпјљж”»ж’ѓ	3	100	100	,ж”»ж’ѓйЂЈйЋ–еЊ–,е°„зЁ‹жё›,зЃ«д»дёЋ	12	13	1
160	г‚Ѕгѓјгѓ‰гѓ—гѓ¬гѓѓг‚·гѓЈгѓјA	20	11	еЇѕпјљMPеў—пј†SPеў—	-1	23	-1	,ж‰“дёЉ,ж”»ж’ѓе€—еЊ–,е°„зЁ‹еў—	7	16	8
161	гѓ©гѓ”гѓѓгѓ‰г‚№гѓ€гѓЄгѓјгѓ 	10	11	и‡ЄпјљйљЉе€—е‰ЌйЂІв‡’еЇѕпјљж”»ж’ѓ	2	100	50		12	15	161
162	г‚¦г‚§г‚¤гѓ–	50	11	ж•µ3пјљж”»ж’ѓ	3	75	100		12	13	162
163	гѓћгѓЉгѓ•г‚Јгѓјгѓ«гѓ‰	50	11	е‘іе…Ёпјљй­”жі•е›ћеѕ©д»дёЋ	-1	100	-1		12	17	163
164	гѓ©гѓ“гѓѓгѓ€гѓЂгѓѓг‚·гѓҐ	10	11	и‡ЄпјљйљЉе€—еѕЊйЂЂ	-1	100	-1		7	14	164
165	г‚№гѓљгѓ«г‚·гѓјгѓ«гѓ‰	20	11	и‡Єпјљ{й­”жі•йљњеЈЃ}гЂЂеЇѕи±Ўг‚№гѓљгѓ«гЃЊй­”жі•гЃ®ж™‚гЃ®гЃїз™єе‹•	-1	100	-1		7	14	165
166	г‚ёгѓЈгѓігѓ—	30	11	и‡Єпјљ{з©єдё­е›ћйЃї}в‡’гЂђз©єдё­гЂ‘	-1	100	-1		7	14	166
167	гѓ©г‚¤гѓігѓ’гѓјгѓ«	30	11	е‘іе€—пјљHPе›ћеѕ©	-1	100	-1		12	16	167
168	гѓ€гѓЄгѓ—гѓ«гѓ’гѓјгѓ«	45	11	е‘і3пјљHPе›ћеѕ©	-1	100	-1		12	16	168
169	г‚µгѓўгѓіпјљйљњеЈЃ	50	11	и‡ЄпјљеЏ¬е–љгЂЋйљњеЈЃгЂЏ	-1	100	-1		7	18	169
170	жњЁжћЇг‚‰гЃ—	16	37	еЇѕпјљж”»ж’ѓв†’и‡Єпјљ[е‘Ѕдё­еЉ›+](1)г‚’д»дёЋв‡’еЇѕпјљж”»ж’ѓ	2	248	28	,ж”»ж’ѓе€—еЊ–,йўЁд»дёЋ,е‡Ќзµђд»дёЋ	12	13	4
171	й™Ѕз‚Ћ	50	35	и‡ЄпјљеЏ¬е–љгЂЋг‚Їгѓ­г‚¦гЂЏ	-1	100	-1	,зЃ«д»дёЋ,ж”»ж’ѓйЂЈйЋ–еЊ–,ж‰“дёЉ	12	18	10
172	е‰›йўЁгЃ‹гЃѕгЃ„гЃџгЃЎ	10	36	г‚№пјљйўЁе±ћжЂ§д»дёЋ	-1	100	-1	,й—‡д»дёЋ,ж”»ж’ѓе€—еЊ–,е‡Ќзµђд»дёЋ	7	20	14
173	йЈџ	10	38	еЇѕпјљж”»ж’ѓ	3	100	100	,ењ°д»дёЋ,е°„зЁ‹жё›,ж”»ж’ѓйЂЈйЋ–еЊ–	12	13	1
174	г‚·гѓЈгѓ‰г‚¦гѓ™гѓјгѓ«	12	36	еЇѕпјљгЂђзІѕз›ѕгЂ‘(1)г‚’д»дёЋ	-1	111	-1	,й—‡д»дёЋ,е°„зЁ‹жё›,ж®‹еїѓ	7	14	2
175	гЂђйўЁи­·гЂ‘г‚Ёг‚ўгѓЄг‚№г‚Їгѓ¬г‚¤гѓ‰	10	37	еЇѕпјљгЂђзІѕз›ѕгЂ‘(1)г‚’д»дёЋ	-1	100	-1	,йўЁд»дёЋ,е°„зЁ‹жё›,ж®‹еїѓ	7	14	2
176	гѓЄгѓђгѓјгѓ–	10	38	г‚№пјљж°ґе±ћжЂ§д»дёЋ	-1	100	-1	,ењ°д»дёЋ,ж®‹еїѓ,ж”»ж’ѓйЂЈйЋ–еЊ–	7	20	13
177	з‡ѓз„јй›»й›ўејЏгѓ—гѓ©г‚єгѓћг‚јг‚Їгѓ€	10	35	еЇѕпјљж”»ж’ѓ	3	100	100	,зЃ«д»дёЋ,ж”»ж’ѓйЂЈйЋ–еЊ–,ж‰“дёЉ	12	13	1
178	г‚їгѓјг‚Ігѓѓгѓ€D	12	11	еЇѕпјљж”»ж’ѓв†’и‡Єпјљ[е‘Ѕдё­еЉ›+](1)г‚’д»дёЋв‡’еЇѕпјљж”»ж’ѓ	2	110	50	,ж®‹еїѓ,ж”»ж’ѓйЂЈйЋ–еЊ–,йє»з—єд»дёЋ	12	13	4
179	е…‰з ґе€ѓ	10	32	еЇѕпјљж”»ж’ѓ	3	100	100	,е…‰д»дёЋ,ж”»ж’ѓе€—еЊ–,ж®‹еїѓ	12	13	1
180	е¤©зї”ж–¬A	10	32	еЇѕпјљж”»ж’ѓв‡’и‡ЄпјљгЂЉйІеѕЎ+50%гЂ‹	1	140	70	,е…‰д»дёЋ,ж”»ж’ѓйЂЈйЋ–еЊ–,ж®‹еїѓ	12	15	3
181	гѓћг‚ёгѓћг‚ёгѓћг‚№гѓ—гѓ¬гѓѓгѓ‰гѓ•г‚Ўг‚¤г‚ў	10	35	еЇѕпјљж”»ж’ѓв‡’и‡ЄпјљгЂЉйІеѕЎ+50%гЂ‹	1	140	70	,зЃ«д»дёЋ,ж”»ж’ѓе€—еЊ–,зЃ«е‚·д»дёЋ	12	15	3
182	г‚¬гѓЂгѓ©гЃ®и±љ-з”џж®є	14	11	еЇѕпјљHPеў—	-1	121	-1	,е°„зЁ‹жё›,ж®‹еїѓ,г‚ўг‚Їгѓ†г‚Јгѓ–еЊ–	12	16	7
183	гѓ”гѓҐг‚ўг‚¦г‚©гѓјг‚їгѓј	12	34	еЇѕпјљHPеў—	-1	110	-1	,е°„зЁ‹жё›,ж°ґд»дёЋ,зЊ›жЇ’д»дёЋ	12	16	7
184	гѓ‹гѓјг‚№гѓ€гѓ©г‚¤г‚Ї	9	32	еЇѕпјљж”»ж’ѓ	3	110	83	,ж”»ж’ѓйЂЈйЋ–еЊ–,е…‰д»дёЋ,зЊ›жЇ’д»дёЋ	12	13	1
185	г‚‚гЃ®гЃ™гЃ”гЃ„ж•°гЃ®и‹¦еЉґ	8	32	и‡ЄпјљеЏ¬е–љгЂЋг‚Їгѓ­г‚¦гЂЏ	-1	36	-1	,г‚«г‚¦гѓіг‚їгѓјеЊ–,е…‰д»дёЋ,е°„зЁ‹жё›	7	18	10
186	гЂЊдё–г‚’йЁ’гЃЊгЃ™з”џеѕ’г‚€иЃћгЃЏгЃЊи‰ЇгЃ„гЂ‚гѓЉгѓћг‚ігЃ®ж—¬гЃЁиЁЂгЃ€гЃ°пјџгЃЇгЃ„гЂЃеЇѕйќўгЃ—гЃ¦гЃ„г‚‹з”џеѕ’пјЃгЃќгЃ†гЂЃе†¬гЃ гЂ‚жµ·еє•гЃ«жњ‰ж©џз‰©гЃЊз©Ќг‚‚г‚‰гЃЄгЃ„гЃ®гЃЇгѓЉгѓћг‚ігЃ®гѓ•гѓігЃЉгЃ‹гЃ’г‚‚гЃ‚г‚‹гЃЁгЃ„гЃ†гЂ‚дЅ™гЃ®гѓ•гѓіг‚‚дё–з•Њг‚’ж•‘iд»ЉгЃ гЂЃдЅїгЃ„й­”пјЃгЂЌгЂЊгЃЇгЃ„гЃЈпјЃгЂЌ	10	32	еЇѕпјљж”»ж’ѓв‡’и‡ЄпјљгЂЉйІеѕЎ+50%гЂ‹	1	140	70	,йє»з—єд»дёЋ,ж”»ж’ѓйЂЈйЋ–еЊ–,е…‰д»дёЋ	12	15	3
187	г‚Ёгѓігѓ‰гѓ»гѓ–гѓЄгѓіг‚¬гѓјA	10	36	еЇѕпјљж”»ж’ѓ	3	100	100	,й—‡д»дёЋ,г‚ўг‚Їгѓ†г‚Јгѓ–еЊ–,ж”»ж’ѓе€—еЊ–	12	13	1
188	е…‰зІѕйњЉзµђз•Њ	20	32	еЇѕпјљгЂђзІѕз›ѕгЂ‘(1)г‚’д»дёЋ	-1	100	-1	,е‡Ќзµђд»дёЋ,е°„зЁ‹жё›,е…‰д»дёЋ,	28	14	0
189	гѓ•г‚Ўг‚¤г‚ўг‚¦г‚©гѓјгѓ«	12	35	еЇѕпјљж”»ж’ѓ	2	155	100	,зЃ«д»дёЋ,ж”»ж’ѓе€—еЊ–,г‚ўг‚Їгѓ†г‚Јгѓ–еЊ–	12	13	1
190	гѓ„г‚¤гѓігѓ©гѓіг‚№	10	35	еЇѕпјљж”»ж’ѓв‡’и‡ЄпјљгЂЉйІеѕЎ+50%гЂ‹	1	128	77	,ж”»ж’ѓйЂЈйЋ–еЊ–,зЃ«д»дёЋ,зЃ«е‚·д»дёЋ	12	15	3
191	гѓ—гѓЄгѓљг‚ў	24	11	и‡ЄпјљCPеў—	-1	227	-1	,ж®‹еїѓ,е°„зЁ‹жё›,г‚ўг‚Їгѓ†г‚Јгѓ–еЊ–	12	14	5
192	ењ°г‚’иµ°г‚‹е€ѓ	26	38	еЇѕпјљж”»ж’ѓ	1	347	100	,ењ°д»дёЋ,ж”»ж’ѓйЂЈйЋ–еЊ–,г‚ўг‚Їгѓ†г‚Јгѓ–еЊ–	12	13	1
193	гѓЃгѓЈгѓјг‚ёC	10	37	еЇѕпјљж”»ж’ѓв‡’и‡ЄпјљгЂЉйІеѕЎ+50%гЂ‹	1	140	70	,йўЁд»дёЋ,ж”»ж’ѓйЂЈйЋ–еЊ–,ж‰“дёЉ	12	15	3
194	жњЂжћњгЃ«иѓЅгЃ€	10	32	еЇѕпјљж”»ж’ѓ	3	100	100	,ж”»ж’ѓйЂЈйЋ–еЊ–,г‚ўг‚Їгѓ†г‚Јгѓ–еЊ–,е…‰д»дёЋ	12	13	1
195	гѓ’гѓјгѓ«C	12	11	еЇѕпјљHPеў—	-1	121	-1	,йє»з—єд»дёЋ,г‚ўг‚Їгѓ†г‚Јгѓ–еЊ–,ж®‹еїѓ	12	16	7
196	ж€ђй•·дїѓйЂІжіў	10	38	г‚№пјљж°ґе±ћжЂ§д»дёЋ	-1	100	-1	,ењ°д»дёЋ,г‚ўг‚Їгѓ†г‚Јгѓ–еЊ–,ж”»ж’ѓе€—еЊ–	12	20	13
197	ж—‹г‚‰гЃ™зџ›е…€A	10	34	г‚№пјљењ°е±ћжЂ§д»дёЋ	-1	100	-1	,ж°ґд»дёЋ,ж”»ж’ѓе€—еЊ–,е‡Ќзµђд»дёЋ	7	20	15
198	Freya	10	32	еЇѕпјљгЂђзІѕз›ѕгЂ‘(1)г‚’д»дёЋ	-1	100	-1	,е…‰д»дёЋ,е°„зЁ‹жё›,ж®‹еїѓ	7	14	2
199	г‚€гЃ‚гЃ‘гЃ«гЃЅгЃ„гЃЎг‚‡гЂ‚	14	32	еЇѕпјљж”»ж’ѓв†’и‡Єпјљ[е‘Ѕдё­еЉ›+](1)г‚’д»дёЋв‡’еЇѕпјљж”»ж’ѓ	2	121	50	,е…‰д»дёЋ,г‚ўг‚Їгѓ†г‚Јгѓ–еЊ–,ж‰“дёЉ	12	13	4
200	гѓ­г‚№гѓ€гѓџгѓЄг‚Јгѓ»г‚№гѓ«гѓјгѓЏгЂђдёЂз·’гЃ«иЎЊгЃ“гЃ†гЂ‘	10	38	г‚№пјљж°ґе±ћжЂ§д»дёЋ	-1	100	-1	,ењ°д»дёЋ,е°„зЁ‹еў—,ж”»ж’ѓе€—еЊ–	7	20	13
201	гѓ–гѓјг‚№гѓ€	20	34	еЇѕпјљMPеў—пј†SPеў—	-1	23	-1	,ж”»ж’ѓе€—еЊ–,ж°ґд»дёЋ,г‚ўг‚Їгѓ†г‚Јгѓ–еЊ–	12	16	8
202	г‚¦г‚Јгѓігѓ‰гѓ–гѓ¬гѓѓг‚·гѓіг‚° 	10	37	еЇѕпјљHPеў—	-1	100	-1	,г‚«г‚¦гѓіг‚їгѓјеЊ–,йўЁд»дёЋ,е°„зЁ‹жё›	7	16	7
203	гѓЇг‚¤гѓ‰г‚Ёг‚ўгѓ–гѓ©г‚№гѓ€	10	37	еЇѕпјљж”»ж’ѓв†’и‡Єпјљ[е‘Ѕдё­еЉ›+](1)г‚’д»дёЋв‡’еЇѕпјљж”»ж’ѓ	2	100	50	,йўЁд»дёЋ,ж‰“дёЉ,ж”»ж’ѓе€—еЊ–	12	13	4
204	ж°ґдєєеЅўвЂќг‚Їгѓ©г‚ІвЂќ	14	34	еЇѕпјљж”»ж’ѓв‡’и‡ЄпјљгЂЉйІеѕЎ+50%гЂ‹	1	169	70	,зЊ›жЇ’д»дёЋ,ж”»ж’ѓйЂЈйЋ–еЊ–,ж°ґд»дёЋ	12	15	3
205	г‚µгѓўгѓіпјљг‚Ёг‚ўгѓ•гѓ¬гѓіг‚є	35	37	и‡ЄпјљеЏ¬е–љгЂЋг‚Їгѓ­г‚¦гЂЏ	-1	91	-1	,йўЁд»дёЋ,ж®‹еїѓ,г‚«г‚¦гѓіг‚їгѓјеЊ–	7	18	10
206	й—‡г‚їгѓјг‚Ігѓѓгѓ€	10	36	еЇѕпјљж”»ж’ѓв†’и‡Єпјљ[е‘Ѕдё­еЉ›+](1)г‚’д»дёЋв‡’еЇѕпјљж”»ж’ѓ	2	100	50	,ж”»ж’ѓйЂЈйЋ–еЊ–,зЊ›жЇ’д»дёЋ,й—‡д»дёЋ	12	13	4
207	г‚№гѓ—гѓ©г‚¦гѓ€гѓ»гѓЃг‚§г‚¤гѓі	5	34	еЇѕпјљж”»ж’ѓв†’и‡Єпјљ[е‘Ѕдё­еЉ›+](1)г‚’д»дёЋв‡’еЇѕпјљж”»ж’ѓ	1	100	50	,ж°ґд»дёЋ,ж”»ж’ѓйЂЈйЋ–еЊ–,г‚ўг‚Їгѓ†г‚Јгѓ–еЊ–	12	13	4
208	гѓ€гѓ«гѓЌгѓјгѓ‰гѓ»гѓ•г‚Јгѓјгѓ«гѓ‰	5	37	еЇѕпјљж”»ж’ѓв†’и‡Єпјљ[е‘Ѕдё­еЉ›+](1)г‚’д»дёЋв‡’еЇѕпјљж”»ж’ѓ	1	100	50	,йўЁд»дёЋ,ж”»ж’ѓе€—еЊ–,г‚ўг‚Їгѓ†г‚Јгѓ–еЊ–	12	13	4
209	гѓ‰гѓЄгѓ«г‚¤гѓігѓ‘г‚Їгѓ€	10	11	еЇѕпјљж”»ж’ѓв‡’и‡ЄпјљгЂЉйІеѕЎ+50%гЂ‹	2	99	70	,е°„зЁ‹жё›,г‚ўг‚Їгѓ†г‚Јгѓ–еЊ–,йє»з—єд»дёЋ	12	15	3
210	г‚‰гѓјгЃЁгЃ«г‚“гЃђ	10	32	еЇѕпјљж”»ж’ѓв†’и‡Єпјљ[е‘Ѕдё­еЉ›+](1)г‚’д»дёЋв‡’еЇѕпјљж”»ж’ѓ	2	100	50	,е…‰д»дёЋ,ж”»ж’ѓйЂЈйЋ–еЊ–,ж‰“дёЉ	12	13	4
211	г‚Ёгѓ¬гѓЎгѓігѓ€пјљгѓгѓ“гѓјB	24	37	г‚№пјљгЂЉгѓЂгѓЎгѓјг‚ё-гЂ‹пј†[е›ћйЃїеЉ›-](3)г‚’д»дёЋ	-1	220	-1	,ж”»ж’ѓе€—еЊ–,йўЁд»дёЋ,йє»з—єд»дёЋ	7	20	18
212	зєЏг‚ЏгЃ›г‚‹г‚„гЃ¤	10	37	г‚№пјљй—‡е±ћжЂ§д»дёЋ	-1	100	-1	,йўЁд»дёЋ,ж”»ж’ѓе€—еЊ–,ж®‹еїѓ	7	20	17
213	гѓђгѓјг‚№гѓ€PzG+	12	35	еЇѕпјљж”»ж’ѓ	2	155	100	,зЊ›жЇ’д»дёЋ,ж®‹еїѓ,зЃ«д»дёЋ	12	13	1
214	гѓ‰гѓ­гѓѓгѓ—г‚Їгѓ©гѓѓг‚Ї	10	34	еЇѕпјљHPеў—	-1	100	-1	,ж°ґд»дёЋ,йє»з—єд»дёЋ,ж®‹еїѓ	12	16	7
215	гѓ†г‚¤гѓ«гѓ©гѓ™гѓѓг‚ё	10	38	г‚№пјљж°ґе±ћжЂ§д»дёЋ	-1	100	-1	,ењ°д»дёЋ,ж”»ж’ѓе€—еЊ–,ж‰“дёЉ	7	20	13
216	гѓ©г‚¤гѓ€г‚Ёгѓѓг‚ё	14	32	еЇѕпјљж”»ж’ѓ	2	155	110	,е…‰д»дёЋ,ж®‹еїѓ,ж”»ж’ѓйЂЈйЋ–еЊ–	12	13	1
217	GrusHopperв†гѓџ	50	32	и‡ЄпјљеЏ¬е–љгЂЋг‚Їгѓ­г‚¦гЂЏ	-1	100	-1	,г‚«г‚¦гѓіг‚їгѓјеЊ–,е‡Ќзµђд»дёЋ,е…‰д»дёЋ	7	18	10
218	Twinkleв†гѓџ	9	11	г‚№пјље…‰е±ћжЂ§д»дёЋ	-1	91	-1	,ж‰“дёЉ,ж®‹еїѓ,г‚ўг‚Їгѓ†г‚Јгѓ–еЊ–	12	20	16
219	г‚ўг‚Їг‚ўгѓ“гѓѓгѓ€	10	38	г‚№пјљж°ґе±ћжЂ§д»дёЋ	-1	100	-1	,ењ°д»дёЋ,ж”»ж’ѓйЂЈйЋ–еЊ–,йє»з—єд»дёЋ	7	20	13
220	г‚·гѓјгѓ«гѓ‰A	10	34	еЇѕпјљгЂђзІѕз›ѕгЂ‘(1)г‚’д»дёЋ	-1	100	-1	,е°„зЁ‹жё›,ж°ґд»дёЋ,ж‰“дёЉ	7	14	2
221	г‚їгѓјг‚Ігѓѓгѓ€C	10	32	еЇѕпјљж”»ж’ѓв†’и‡Єпјљ[е‘Ѕдё­еЉ›+](1)г‚’д»дёЋв‡’еЇѕпјљж”»ж’ѓ	2	100	50	,зЊ›жЇ’д»дёЋ,е…‰д»дёЋ,ж”»ж’ѓйЂЈйЋ–еЊ–	12	13	4
222	гѓќг‚¤г‚єгѓігѓЂгѓјгѓ„	5	11	еЇѕпјљж”»ж’ѓ	2	91	100	,зЊ›жЇ’д»дёЋ,ж”»ж’ѓйЂЈйЋ–еЊ–,г‚ўг‚Їгѓ†г‚Јгѓ–еЊ–	12	13	1
223	и™џз І	10	35	еЇѕпјљж”»ж’ѓв†’и‡Єпјљ[е‘Ѕдё­еЉ›+](1)г‚’д»дёЋв‡’еЇѕпјљж”»ж’ѓ	2	100	50	,зЃ«д»дёЋ,ж”»ж’ѓе€—еЊ–,г‚ўг‚Їгѓ†г‚Јгѓ–еЊ–	12	13	4
224	г‚¬гѓјгѓ‰гѓЃгѓЈгѓјг‚ё	14	11	еЇѕпјљж”»ж’ѓв‡’и‡ЄпјљгЂЉйІеѕЎ+50%гЂ‹	1	169	70	,е°„зЁ‹жё›,ж”»ж’ѓйЂЈйЋ–еЊ–,г‚«г‚¦гѓіг‚їгѓјеЊ–	7	15	3
225	й—‡г‚·гѓ§гѓѓгѓ€	10	36	еЇѕпјљж”»ж’ѓ	3	100	100	,ж®‹еїѓ,г‚«г‚¦гѓіг‚їгѓјеЊ–,й—‡д»дёЋ	7	13	1
226	г‚¬гѓјгѓ‰A	30	11	еЇѕпјљгЂђиє«д»ЈгЂ‘(1)г‚’д»дёЋ	-1	100	-1	,г‚«г‚¦гѓіг‚їгѓјеЊ–,е°„зЁ‹жё›,ж”»ж’ѓе€—еЊ–	7	14	6
227	гѓ’гѓјгѓ«D	10	11	еЇѕпјљHPеў—	-1	100	-1	,г‚«г‚¦гѓіг‚їгѓјеЊ–,е°„зЁ‹еў—,ж®‹еїѓ	7	16	7
228	Myrkr	10	35	г‚№пјљй—‡е±ћжЂ§д»дёЋ	-1	100	-1	,зЃ«д»дёЋ,ж”»ж’ѓе€—еЊ–,г‚ўг‚Їгѓ†г‚Јгѓ–еЊ–	12	20	17
229	гѓ‰гѓ«г‚¤гѓ‰гѓ“гѓѓгѓ€в… и™џ	3	11	еЇѕпјљж”»ж’ѓв†’и‡Єпјљ[е‘Ѕдё­еЉ›+](1)г‚’д»дёЋв‡’еЇѕпјљж”»ж’ѓ	1	71	50	,г‚«г‚¦гѓіг‚їгѓјеЊ–,ж”»ж’ѓе€—еЊ–,е‡Ќзµђд»дёЋ	7	13	4
230	гѓЇгѓіг‚Ёг‚¤гѓ†г‚Јгѓјгѓ»гѓ—гѓ©гѓѓгѓ€гѓ›гѓјгѓ 	12	36	еЇѕпјљж”»ж’ѓв‡’и‡ЄпјљгЂЉйІеѕЎ+50%гЂ‹	1	154	70	,йє»з—єд»дёЋ,й—‡д»дёЋ,ж”»ж’ѓйЂЈйЋ–еЊ–	12	15	3
231	зҐћйЂџе‰Ј	5	37	г‚№пјљйўЁе±ћжЂ§д»дёЋ	-1	64	-1	,йўЁд»дёЋ,е°„зЁ‹еў—,ж”»ж’ѓйЂЈйЋ–еЊ–	7	20	14
232	Nagas	10	35	еЇѕпјљж”»ж’ѓв†’и‡Єпјљ[е‘Ѕдё­еЉ›+](1)г‚’д»дёЋв‡’еЇѕпјљж”»ж’ѓ	1	128	55	,зЃ«д»дёЋ,ж”»ж’ѓе€—еЊ–,е‡Ќзµђд»дёЋ	12	13	4
233	г‚Їг‚¤гѓѓг‚Їгѓ‰гѓ­гѓј	10	11	еЇѕпјљж”»ж’ѓ	2	141	100	,ж®‹еїѓ,йє»з—єд»дёЋ,ж”»ж’ѓе€—еЊ–	12	13	1
234	гѓђгѓјгѓіг‚¦г‚§г‚¤гѓ–	10	35	еЇѕпјљж”»ж’ѓ	3	100	100	,зЃ«д»дёЋ,зЃ«е‚·д»дёЋ,ж”»ж’ѓе€—еЊ–	12	13	1
235	жњ¬з‰©гЃ®гѓЃгѓЈгѓјг‚ё	14	11	еЇѕпјљж”»ж’ѓв‡’и‡ЄпјљгЂЉйІеѕЎ+50%гЂ‹	1	169	70	,ж”»ж’ѓйЂЈйЋ–еЊ–,е°„зЁ‹жё›,е‡Ќзµђд»дёЋ	12	15	3
236	е¤ўи¦‹жџ	56	11	г‚№пјљзЃ«е±ћжЂ§д»дёЋ	-1	121	-1	,йє»з—єд»дёЋ,ж”»ж’ѓйЂЈйЋ–еЊ–,г‚ўг‚Їгѓ†г‚Јгѓ–еЊ–,	27	20	0
237	г‚Їгѓ©гѓ†гѓ«гѓ–гѓ¬г‚¤г‚«гѓј	10	38	еЇѕпјљж”»ж’ѓв†’и‡Єпјљ[е‘Ѕдё­еЉ›+](1)г‚’д»дёЋв‡’еЇѕпјљж”»ж’ѓ	2	100	50	,ењ°д»дёЋ,ж”»ж’ѓйЂЈйЋ–еЊ–,г‚ўг‚Їгѓ†г‚Јгѓ–еЊ–	12	13	4
238	гѓ€гѓ‹гѓ€гѓ«г‚№гѓ»г‚ўгѓјгѓ„	50	35	еЇѕпјљ[ж”»ж’ѓ+](3)г‚’д»дёЋ	-1	50	-1	,ж”»ж’ѓйЂЈйЋ–еЊ–,зЃ«д»дёЋ,ж‰“дёЉ	12	17	9
239	гѓ•г‚Јгѓ­гѓѓгѓ•г‚Јгѓ©гѓјгѓ€	10	36	еЇѕпјљж”»ж’ѓ	2	141	100	,й—‡д»дёЋ,е°„зЁ‹еў—,ж”»ж’ѓе€—еЊ–	12	13	1
240	гѓ•г‚§г‚¤г‚Їгѓџгѓ©гѓјг‚ёгѓҐ	10	32	еЇѕпјљгЂђзІѕз›ѕгЂ‘(1)г‚’д»дёЋ	-1	100	-1	,г‚ўг‚Їгѓ†г‚Јгѓ–еЊ–,е…‰д»дёЋ,е°„зЁ‹жё›	12	14	2
241	зњџиІ«гѓ»и–™	10	38	г‚№пјљж°ґе±ћжЂ§д»дёЋ	-1	100	-1	,зЃ«е‚·д»дёЋ,ж”»ж’ѓе€—еЊ–,ењ°д»дёЋ	7	20	13
242	г‚·гѓ§гѓѓгѓ€гЂЉйўЁгѓ»ж”№ејђгЂ‹	12	37	еЇѕпјљж”»ж’ѓ	1	199	110	,ж‰“дёЉ,йўЁд»дёЋ,ж”»ж’ѓйЂЈйЋ–еЊ–	12	13	1
243	гѓ’гѓ‰г‚Ґгѓігѓ‡гѓђг‚¤г‚№гЂЉйїгЂ‹	10	34	г‚№пјљењ°е±ћжЂ§д»дёЋ	-1	100	-1	,ж°ґд»дёЋ,г‚ўг‚Їгѓ†г‚Јгѓ–еЊ–,ж”»ж’ѓйЂЈйЋ–еЊ–	12	20	15
244	гѓґг‚Ўгѓјгѓ†г‚¤гѓіA	20	11	г‚№пјљгЂЉгѓЂгѓЎгѓјг‚ё-гЂ‹пј†[е›ћйЃїеЉ›-](3)г‚’д»дёЋ	-1	200	-1	,ж‰“дёЉ,ж”»ж’ѓйЂЈйЋ–еЊ–,е°„зЁ‹жё›	7	20	18
245	гѓћгѓѓгѓЃгѓќгѓігѓ‘гѓј	10	11	г‚№пјљзЃ«е±ћжЂ§д»дёЋ	-1	100	-1	,ж”»ж’ѓе€—еЊ–,зЊ›жЇ’д»дёЋ,е°„зЁ‹еў—	7	20	12
246	гѓ†гѓЄгѓ–гѓ«гѓ“гѓјгѓ 	10	36	еЇѕпјљж”»ж’ѓ	3	100	100	,й—‡д»дёЋ,ж”»ж’ѓе€—еЊ–,е‡Ќзµђд»дёЋ	12	13	1
247	гѓњг‚ўгѓ†гѓјгѓ«	44	36	еЇѕпјљж”»ж’ѓ	2	381	100	,й—‡д»дёЋ,ж”»ж’ѓйЂЈйЋ–еЊ–,г‚ўг‚Їгѓ†г‚Јгѓ–еЊ–	12	13	1
248	й—‡йњЉиЎ“гЂЉе‡¦е€‘ж§ЌгЂ‹	19	36	еЇѕпјљж”»ж’ѓв†’и‡Єпјљ[е‘Ѕдё­еЉ›+](1)г‚’д»дёЋв‡’еЇѕпјљж”»ж’ѓ	1	205	50	,ж”»ж’ѓйЂЈйЋ–еЊ–,й—‡д»дёЋ,г‚ўг‚Їгѓ†г‚Јгѓ–еЊ–	12	13	4
249	йЈ›жІ«ж‰“гЃЎ	5	34	еЇѕпјљж”»ж’ѓв‡’и‡ЄпјљгЂЉйІеѕЎ+50%гЂ‹	2	90	70	,ж°ґд»дёЋ,ж”»ж’ѓйЂЈйЋ–еЊ–,зЃ«е‚·д»дёЋ	12	15	3
250	жЇ’з«њгЃ®з‰™	5	35	г‚№пјљењ°е±ћжЂ§д»дёЋ	-1	42	-1	,зЃ«д»дёЋ,зЃ«е‚·д»дёЋ,е°„зЁ‹жё›	7	20	15
251	гѓґг‚§гѓЋгѓ гѓ‰гѓ©г‚¤гѓ–	20	36	еЇѕпјљи‚‰дЅ“зЉ¶ж…‹з•°еёёд»дёЋ	2	200	100	,й—‡д»дёЋ,е‡Ќзµђд»дёЋ,г‚ўг‚Їгѓ†г‚Јгѓ–еЊ–	12	19	11
252	г‚№гѓ‘гѓјг‚Їг‚¦г‚§г‚¤гѓ–	12	32	еЇѕпјљж”»ж’ѓ	3	110	100	,е…‰д»дёЋ,ж”»ж’ѓе€—еЊ–,йє»з—єд»дёЋ	12	13	1
253	еџ‹и‘¬	10	38	г‚№пјљењ°е±ћжЂ§д»дёЋ	-1	100	-1	,ењ°д»дёЋ,ж”»ж’ѓе€—еЊ–,зЊ›жЇ’д»дёЋ	7	20	15
254	р“ђљр“‡Њр“‡Њр“ЌЇр“ЏЏр“…±р“ЏЏр“ЌЇ	10	36	еЇѕпјљж”»ж’ѓ	3	100	100	,зЃ«е‚·д»дёЋ,ж”»ж’ѓе€—еЊ–,й—‡д»дёЋ	12	13	1
255	р“…“р“‡‹р“Љѓр“Ќў	10	38	г‚№пјљж°ґе±ћжЂ§д»дёЋ	-1	100	-1	,ењ°д»дёЋ,ж‰“дёЉ,ж”»ж’ѓйЂЈйЋ–еЊ–	7	20	13
256	гѓЃгѓЈгѓігѓ©г‚Єг‚·гѓј	7	36	еЇѕпјљж”»ж’ѓв‡’и‡ЄпјљгЂЉйІеѕЎ+50%гЂ‹	1	107	70	,г‚«г‚¦гѓіг‚їгѓјеЊ–,йє»з—єд»дёЋ,й—‡д»дёЋ	7	15	3
257	гѓЂгѓ–гѓ«гѓ€гѓЄг‚¬гѓј	10	35	еЇѕпјљж”»ж’ѓв†’и‡Єпјљ[е‘Ѕдё­еЉ›+](1)г‚’д»дёЋв‡’еЇѕпјљж”»ж’ѓ	1	128	55	,зЃ«д»дёЋ,ж”»ж’ѓйЂЈйЋ–еЊ–,зЃ«е‚·д»дёЋ	12	13	4
258	г‚єгѓЎг‚¤гЃ®иЎЂ	10	38	г‚№пјљењ°е±ћжЂ§д»дёЋ	-1	100	-1	,ењ°д»дёЋ,г‚ўг‚Їгѓ†г‚Јгѓ–еЊ–,зЊ›жЇ’д»дёЋ	12	20	15
259	гѓ‡гѓѓгѓ‰гѓ©г‚¤гѓі	10	36	еЇѕпјљж”»ж’ѓв‡’и‡ЄпјљгЂЉйІеѕЎ+50%гЂ‹	1	154	64	,ж”»ж’ѓе€—еЊ–,зЊ›жЇ’д»дёЋ,й—‡д»дёЋ	12	15	3
260	гѓЉг‚¤г‚№г‚·гѓ§гѓѓгѓ€	20	34	еЇѕпјљж”»ж’ѓ	3	155	91	,ж°ґд»дёЋ,г‚ўг‚Їгѓ†г‚Јгѓ–еЊ–,ж”»ж’ѓйЂЈйЋ–еЊ–	12	13	1
261	гЃЇг‚“гЃ®гЃ†гѓ’гѓјгѓ«	10	11	еЇѕпјљHPеў—	-1	100	-1	,г‚«г‚¦гѓіг‚їгѓјеЊ–,ж®‹еїѓ,е°„зЁ‹жё›	7	16	7
262	гЃѕг‚‹гЃ§г‚µгѓіг‚°гѓ©г‚№	10	36	еЇѕпјљгЂђзІѕз›ѕгЂ‘(1)г‚’д»дёЋ	-1	100	-1	,зЊ›жЇ’д»дёЋ,ж®‹еїѓ,й—‡д»дёЋ	7	14	2
263	еЏЌйЄЁгѓЎгѓігѓЃ	10	11	еЇѕпјљж”»ж’ѓ	3	100	100	,г‚«г‚¦гѓіг‚їгѓјеЊ–,йє»з—єд»дёЋ,ж®‹еїѓ	7	13	1
264	иќ•	10	11	г‚№пјљйўЁе±ћжЂ§д»дёЋ	-1	100	-1	,ж®‹еїѓ,ж”»ж’ѓйЂЈйЋ–еЊ–,зЊ›жЇ’д»дёЋ	7	20	14
265	г‚Ёгѓ¬гѓЎгѓігѓ€пјљгѓ©г‚¤гѓ€A	10	32	г‚№пјље…‰е±ћжЂ§д»дёЋ	-1	100	-1	,е…‰д»дёЋ,е°„зЁ‹еў—,ж”»ж’ѓйЂЈйЋ–еЊ–	7	20	16
266	г‚Ёгѓ¬гѓЎгѓігѓ€пјљг‚Ёг‚ўB	10	35	г‚№пјљйўЁе±ћжЂ§д»дёЋ	-1	100	-1	,зЃ«д»дёЋ,ж”»ж’ѓе€—еЊ–,зЊ›жЇ’д»дёЋ	7	20	14
267	гѓ¬г‚¤г‚є	10	32	еЇѕпјљж”»ж’ѓв†’и‡Єпјљ[е‘Ѕдё­еЉ›+](1)г‚’д»дёЋв‡’еЇѕпјљж”»ж’ѓ	2	100	50	,ж”»ж’ѓе€—еЊ–,е…‰д»дёЋ,ж‰“дёЉ	12	13	4
268	жѓ‘жџдё‰ж€¦жі•	12	34	еЇѕпјљж”»ж’ѓв‡’и‡ЄпјљгЂЉйІеѕЎ+50%гЂ‹	1	140	77	,г‚«г‚¦гѓіг‚їгѓјеЊ–,ж”»ж’ѓйЂЈйЋ–еЊ–,ж°ґд»дёЋ	7	15	3
269	иї‘и·ќй›ўгЃ—г‚‡гЃЈгЃЁ	10	32	еЇѕпјљж”»ж’ѓ	3	110	91	,ж”»ж’ѓйЂЈйЋ–еЊ–,е°„зЁ‹жё›,е…‰д»дёЋ	12	13	1
270	г‚·гѓ§гѓѓгѓ€I	10	11	еЇѕпјљж”»ж’ѓ	3	100	100	,ж”»ж’ѓйЂЈйЋ–еЊ–,г‚ўг‚Їгѓ†г‚Јгѓ–еЊ–,е°„зЁ‹еў—	12	13	1
271	з™ЅгЃ®ж°·з•Њ	20	11	г‚№пјљгЂЉгѓЂгѓЎгѓјг‚ё-гЂ‹пј†[е›ћйЃїеЉ›-](3)г‚’д»дёЋ	-1	200	-1	,ж”»ж’ѓйЂЈйЋ–еЊ–,е‡Ќзµђд»дёЋ,ж®‹еїѓ	7	20	18
272	[й›¶е°„]йі©е°ѕз •гЃЌ	10	38	еЇѕпјљж”»ж’ѓв†’и‡Єпјљ[е‘Ѕдё­еЉ›+](1)г‚’д»дёЋв‡’еЇѕпјљж”»ж’ѓ	2	100	50	,е‡Ќзµђд»дёЋ,ж”»ж’ѓйЂЈйЋ–еЊ–,ењ°д»дёЋ	12	13	4
273	гЃќгЃ®иѓёж·±гЃЏг‚’жєЂгЃџгЃ™ж„›	10	34	г‚№пјљж°ґе±ћжЂ§д»дёЋ	-1	100	-1	,ж°ґд»дёЋ,зЊ›жЇ’д»дёЋ,ж”»ж’ѓйЂЈйЋ–еЊ–	7	20	13
274	г‚ЁгѓігѓЃгѓЈгѓігѓ€пјљг‚ўг‚їгѓѓг‚ЇA	20	34	еЇѕпјљ[ж”»ж’ѓ+](3)г‚’д»дёЋ	-1	33	-1	,ж°ґд»дёЋ,ж”»ж’ѓйЂЈйЋ–еЊ–,ж®‹еїѓ	12	17	9
275	г‚‚гЃЎг‚‚гЃЎгѓ’гѓјгѓ«	10	36	еЇѕпјљHPеў—	-1	110	-1	,й—‡д»дёЋ,е°„зЁ‹жё›,ж®‹еїѓ	12	16	7
276	ж•Јиќ•	10	11	еЇѕпјљж”»ж’ѓ	1	199	100	,ж”»ж’ѓе€—еЊ–,зЊ›жЇ’д»дёЋ,ж®‹еїѓ	12	13	1
277	г‚їг‚¤гѓ гѓ»г‚µгѓ„гѓ¬г‚Єг‚¤гѓ‡г‚№	50	38	и‡ЄпјљеЏ¬е–љгЂЋг‚Їгѓ­г‚¦гЂЏ	-1	100	-1	,ењ°д»дёЋ,ж®‹еїѓ,зЃ«е‚·д»дёЋ	12	18	10
278	г‚µгѓўгѓіпјљг‚«гѓ«гѓЌ	42	38	и‡ЄпјљеЏ¬е–љгЂЋг‚Їгѓ­г‚¦гЂЏ	-1	110	-1	,ењ°д»дёЋ,йє»з—єд»дёЋ,ж®‹еїѓ	12	18	10
279	и¶…еЏЌж’ѓ	3	32	еЇѕпјљж”»ж’ѓ	1	110	100	,г‚«г‚¦гѓіг‚їгѓјеЊ–,ж”»ж’ѓе€—еЊ–,е…‰д»дёЋ	7	13	1
280	гѓ‰гѓ­гѓјг‚¤гѓіг‚°	8	38	еЇѕпјљж”»ж’ѓ	1	165	100	,ж”»ж’ѓйЂЈйЋ–еЊ–,г‚«г‚¦гѓіг‚їгѓјеЊ–,ењ°д»дёЋ	7	13	1
281	г‚µгѓўгѓіпјљгЃІг‚€гЃ“гЃѕг‚Ѓ	127	34	и‡ЄпјљеЏ¬е–љгЂЋг‚Їгѓ­г‚¦гЂЏ	-1	160	-1	,е°„зЁ‹жё›,е‡Ќзµђд»дёЋ,ж°ґд»дёЋ	12	18	10
282	г‚µгѓ—гѓ©г‚¤A	20	38	еЇѕпјљMPеў—пј†SPеў—	-1	23	-1	,г‚ўг‚Їгѓ†г‚Јгѓ–еЊ–,ењ°д»дёЋ,ж®‹еїѓ	12	16	8
283	жЁ№еЏўиђЊиЉЅй™Ј	10	34	г‚№пјљењ°е±ћжЂ§д»дёЋ	-1	100	-1	,ж°ґд»дёЋ,ж®‹еїѓ,е‡Ќзµђд»дёЋ	7	20	15
284	ењџеЎЉ	10	38	еЇѕпјљж”»ж’ѓ	3	100	100	,ењ°д»дёЋ,ж‰“дёЉ,е°„зЁ‹жё›	12	13	1
285	жљ—еЅ±	10	36	еЇѕпјљж”»ж’ѓв‡’и‡ЄпјљгЂЉйІеѕЎ+50%гЂ‹	1	141	70	,й—‡д»дёЋ,йє»з—єд»дёЋ,е°„зЁ‹жё›	12	15	3
286	гѓЃгѓЈгѓјг‚ёD	1	11	еЇѕпјљж”»ж’ѓв‡’и‡ЄпјљгЂЉйІеѕЎ+50%гЂ‹	1	37	70	,е°„зЁ‹еў—,ж”»ж’ѓйЂЈйЋ–еЊ–,ж®‹еїѓ	12	15	3
287	г‚Єгѓ‹г‚°гѓ«гѓџ	10	32	еЇѕпјљгЂђзІѕз›ѕгЂ‘(1)г‚’д»дёЋ	-1	100	-1	,е°„зЁ‹еў—,е…‰д»дёЋ,ж®‹еїѓ	7	14	2
288	г‚Їгѓ¬г‚¤гѓўг‚ў	20	37	еЇѕпјљж”»ж’ѓв‡’и‡ЄпјљгЂЉйІеѕЎ+50%гЂ‹	2	140	70	,е°„зЁ‹жё›,йўЁд»дёЋ,ж”»ж’ѓйЂЈйЋ–еЊ–	12	15	3
289	г‚ЁгѓігѓЃгѓЈгѓігѓ€пјљг‚ўг‚їгѓѓг‚ЇB	20	32	еЇѕпјљ[ж”»ж’ѓ+](3)г‚’д»дёЋ	-1	33	-1	,е…‰д»дёЋ,ж”»ж’ѓйЂЈйЋ–еЊ–,ж‰“дёЉ	12	17	9
290	ењџгѓќгѓігѓќгѓігѓљг‚¤гѓі	60	38	еЇѕпјљи‚‰дЅ“зЉ¶ж…‹з•°еёёд»дёЋ	2	166	100	,е°„зЁ‹еў—,зЊ›жЇ’д»дёЋ,ењ°д»дёЋ,	27	19	0
291	гѓђг‚¦гѓіг‚№	6	37	еЇѕпјљгЂђзІѕз›ѕгЂ‘(1)г‚’д»дёЋ	-1	70	-1	,ж®‹еїѓ,ж‰“дёЉ,йўЁд»дёЋ	7	14	2
292	г‚ўгѓјг‚№г‚ігѓігѓњгѓ­гѓіг‚°г‚·гѓ§гѓѓгѓ€	10	38	еЇѕпјљж”»ж’ѓ	2	141	100	,ж”»ж’ѓйЂЈйЋ–еЊ–,ењ°д»дёЋ,е°„зЁ‹еў—	12	13	1
293	гЂЉз™ЅдєњгЂ‹	10	11	еЇѕпјљж”»ж’ѓв‡’и‡ЄпјљгЂЉйІеѕЎ+50%гЂ‹	1	140	70	,ж®‹еїѓ,е°„зЁ‹жё›,ж”»ж’ѓйЂЈйЋ–еЊ–	12	15	3
294	г‚Ёгѓ¬гѓЎгѓігѓ€пјљг‚Ёг‚ўA	10	35	г‚№пјљйўЁе±ћжЂ§д»дёЋ	-1	100	-1	,зЃ«д»дёЋ,г‚ўг‚Їгѓ†г‚Јгѓ–еЊ–,ж®‹еїѓ	12	20	14
295	е…Ґг‚Љиє«еґ©жњ€	12	35	еЇѕпјљж”»ж’ѓв‡’и‡ЄпјљгЂЉйІеѕЎ+50%гЂ‹	1	154	70	,ж®‹еїѓ,ж”»ж’ѓйЂЈйЋ–еЊ–,зЃ«д»дёЋ	12	15	3
296	пЅ¶пѕћпЅјпЅЇ	10	38	г‚№пјљењ°е±ћжЂ§д»дёЋ	-1	100	-1	,ењ°д»дёЋ,ж®‹еїѓ,е‡Ќзµђд»дёЋ	7	20	15
297	г‚µгѓўгѓіпјљгѓ›гѓјг‚№	50	35	и‡ЄпјљеЏ¬е–љгЂЋг‚Їгѓ­г‚¦гЂЏ	-1	100	-1	,зЃ«д»дёЋ,е°„зЁ‹жё›,г‚«г‚¦гѓіг‚їгѓјеЊ–	7	18	10
298	г‚·гѓ§гѓѓгѓ€K	5	36	еЇѕпјљж”»ж’ѓ	1	110	129	,ж”»ж’ѓйЂЈйЋ–еЊ–,й—‡д»дёЋ,ж‰“дёЉ	12	13	1
299	гѓЃгѓЈгѓјг‚ёE	8	11	еЇѕпјљж”»ж’ѓв‡’и‡ЄпјљгЂЉйІеѕЎ+50%гЂ‹	1	107	77	,зЃ«е‚·д»дёЋ,г‚«г‚¦гѓіг‚їгѓјеЊ–,ж”»ж’ѓе€—еЊ–	7	15	3
300	гѓЂгѓџдёЂг‚·гѓ§гѓѓгѓ€	10	36	еЇѕпјљж”»ж’ѓ	3	100	100	,ж”»ж’ѓйЂЈйЋ–еЊ–,е°„зЁ‹еў—,й—‡д»дёЋ	12	13	1
301	гЂЉиЄїе’ЊгЂ‹	10	35	еЇѕпјљгЂђзІѕз›ѕгЂ‘(1)г‚’д»дёЋ	-1	100	-1	,зЃ«д»дёЋ,е°„зЁ‹жё›,зЊ›жЇ’д»дёЋ	7	14	2
302	гЂЉе¤Єй™Ѕе…‰з·љгЂ‹	10	35	еЇѕпјљж”»ж’ѓ	3	100	100	,зЃ«д»дёЋ,г‚«г‚¦гѓіг‚їгѓјеЊ–,ж”»ж’ѓе€—еЊ–	7	13	1
303	г‚¤г‚­гѓҐгѓ«гЃ®е¦™и–¬	8	36	еЇѕпјљHPеў—	-1	83	-1	,г‚«г‚¦гѓіг‚їгѓјеЊ–,й—‡д»дёЋ,е°„зЁ‹жё›	7	16	7
304	г‚·гѓ§гѓѓгѓ€F	10	11	еЇѕпјљж”»ж’ѓ	1	200	100	,е°„зЁ‹еў—,ж”»ж’ѓйЂЈйЋ–еЊ–,йє»з—єд»дёЋ	12	13	1
305	й­”з‚ЋиЎ“гЂЉе‡¦е€‘гЂ‹	10	35	еЇѕпјљж”»ж’ѓ	2	141	100	,ж”»ж’ѓе€—еЊ–,зЃ«д»дёЋ,е°„зЁ‹еў—	12	13	1
306	г‚·гѓЈг‚¤гѓігѓ‰гѓ­гѓѓгѓ—	10	32	еЇѕпјљж”»ж’ѓв†’и‡Єпјљ[е‘Ѕдё­еЉ›+](1)г‚’д»дёЋв‡’еЇѕпјљж”»ж’ѓ	2	100	50	,е…‰д»дёЋ,е°„зЁ‹жё›,ж”»ж’ѓйЂЈйЋ–еЊ–	12	13	4
307	и–™гЃЋж‰•гЃ†	10	37	еЇѕпјљж”»ж’ѓ	3	100	100	,йўЁд»дёЋ,ж”»ж’ѓйЂЈйЋ–еЊ–,е‡Ќзµђд»дёЋ	12	13	1
308	гѓђгѓ©гѓЃг‚«гѓ«	12	11	еЇѕпјљHPеў—	-1	110	-1	,ж®‹еїѓ,ж”»ж’ѓйЂЈйЋ–еЊ–,зЊ›жЇ’д»дёЋ	12	16	7
309	е…‰гѓЃгѓЈгѓјг‚ё	9	32	еЇѕпјљж”»ж’ѓв‡’и‡ЄпјљгЂЉйІеѕЎ+50%гЂ‹	1	128	70	,г‚«г‚¦гѓіг‚їгѓјеЊ–,е°„зЁ‹еў—,е…‰д»дёЋ	7	15	3
310	й‡‘е‰›ж–¬	19	35	еЇѕпјљж”»ж’ѓ	3	146	100	,зЃ«д»дёЋ,ж”»ж’ѓйЂЈйЋ–еЊ–,г‚ўг‚Їгѓ†г‚Јгѓ–еЊ–	12	13	1
311	еЅ±ж‰“	16	32	еЇѕпјљж”»ж’ѓв‡’и‡ЄпјљгЂЉйІеѕЎ+50%гЂ‹	1	185	70	,г‚«г‚¦гѓіг‚їгѓјеЊ–,ж‰“дёЉ,е…‰д»дёЋ	7	15	3
312	гѓђгѓ–гѓ«гѓЄгѓіг‚°	8	34	еЇѕпјљж”»ж’ѓ	1	165	100	,ж°ґд»дёЋ,г‚«г‚¦гѓіг‚їгѓјеЊ–,е°„зЁ‹еў—	7	13	1
313	гѓ€гѓ«гѓ”гѓјгѓ‰	10	34	еЇѕпјљж”»ж’ѓ	3	100	100	,ж”»ж’ѓе€—еЊ–,г‚ўг‚Їгѓ†г‚Јгѓ–еЊ–,ж°ґд»дёЋ	12	13	1
314	и–™гЃЋж‰•гЃ„	12	32	еЇѕпјљж”»ж’ѓ	3	110	100	,зЊ›жЇ’д»дёЋ,ж”»ж’ѓе€—еЊ–,е…‰д»дёЋ	12	13	1
315	гѓ•гѓ­г‚№гѓ€гѓЇгѓјг‚Ї	20	38	г‚№пјљгЂЉгѓЂгѓЎгѓјг‚ё-гЂ‹пј†[е›ћйЃїеЉ›-](3)г‚’д»дёЋ	-1	200	-1	,ж”»ж’ѓйЂЈйЋ–еЊ–,ењ°д»дёЋ,е‡Ќзµђд»дёЋ	7	20	18
316	ењ°йіґг‚Љ	10	38	г‚№пјљењ°е±ћжЂ§д»дёЋ	-1	100	-1	,ењ°д»дёЋ,е°„зЁ‹еў—,ж”»ж’ѓе€—еЊ–	7	20	15
317	е‡ЌгЃ¦д»гЃЌ	10	11	еЇѕпјљж”»ж’ѓв‡’и‡ЄпјљгЂЉйІеѕЎ+50%гЂ‹	1	140	70	,г‚«г‚¦гѓіг‚їгѓјеЊ–,е°„зЁ‹жё›,е‡Ќзµђд»дёЋ	7	15	3
318	иЅџгЃЌгЃ®зЁ®A	10	35	г‚№пјљйўЁе±ћжЂ§д»дёЋ	-1	100	-1	,зЃ«д»дёЋ,ж®‹еїѓ,ж‰“дёЉ	7	20	14
319	еЏўжћ—гЃ®й›«	10	38	г‚№пјљж°ґе±ћжЂ§д»дёЋ	-1	100	-1	,ењ°д»дёЋ,ж”»ж’ѓйЂЈйЋ–еЊ–,г‚ўг‚Їгѓ†г‚Јгѓ–еЊ–	12	20	13
320	жњ€ијќ	10	38	еЇѕпјљж”»ж’ѓ	2	141	100	,йє»з—єд»дёЋ,ж”»ж’ѓе€—еЊ–,ењ°д»дёЋ	12	13	1
321	з‚®ж‹і	10	37	г‚№пјљзЃ«е±ћжЂ§д»дёЋ	-1	100	-1	,йўЁд»дёЋ,йє»з—єд»дёЋ,ж”»ж’ѓйЂЈйЋ–еЊ–	7	20	12
322	г‚Ёгѓ¬гѓЎгѓігѓ€пјљг‚Єгѓ–г‚·гѓ‡г‚Јг‚ўгѓі	10	38	г‚№пјљй—‡е±ћжЂ§д»дёЋ	-1	100	-1	,ењ°д»дёЋ,ж”»ж’ѓйЂЈйЋ–еЊ–,зЃ«е‚·д»дёЋ	7	20	17
323	е¤©з©єжЁ№	5	38	г‚№пјљж°ґе±ћжЂ§д»дёЋ	-1	54	-1	,ењ°д»дёЋ,ж‰“дёЉ,е°„зЁ‹жё›	7	20	13
324	ијќгЃЌгЃ®жњ€е…‰	50	32	и‡ЄпјљеЏ¬е–љгЂЋг‚Їгѓ­г‚¦гЂЏ	-1	100	-1	,е…‰д»дёЋ,е°„зЁ‹жё›,г‚ўг‚Їгѓ†г‚Јгѓ–еЊ–	12	18	10
325	ијќгЃЌгЃ®е¤Єй™Ѕ	24	34	и‡ЄпјљеЏ¬е–љгЂЋг‚Їгѓ­г‚¦гЂЏ	-1	70	-1	,ж°ґд»дёЋ,г‚ўг‚Їгѓ†г‚Јгѓ–еЊ–,е°„зЁ‹жё›	12	18	10
326	г‚Їгѓ­г‚¤гѓ„	10	38	г‚№пјљзЃ«е±ћжЂ§д»дёЋ	-1	100	-1	,ењ°д»дёЋ,зЊ›жЇ’д»дёЋ,ж®‹еїѓ	7	20	12
327	гѓЃгѓЈгѓјг‚ёB	10	11	еЇѕпјљж”»ж’ѓв‡’и‡ЄпјљгЂЉйІеѕЎ+50%гЂ‹	1	140	70	,г‚«г‚¦гѓіг‚їгѓјеЊ–,ж‰“дёЉ,ж”»ж’ѓйЂЈйЋ–еЊ–	7	15	3
328	й¬јзЃ«	10	36	г‚№пјљзЃ«е±ћжЂ§д»дёЋ	-1	100	-1	,й—‡д»дёЋ,зЃ«е‚·д»дёЋ,ж®‹еїѓ	7	20	12
329	г‚ЇгѓЄгѓ г‚ѕгѓігѓ»гѓ«гѓјг‚ёгѓҐ	10	37	г‚№пјљзЃ«е±ћжЂ§д»дёЋ	-1	100	-1	,йўЁд»дёЋ,г‚ўг‚Їгѓ†г‚Јгѓ–еЊ–,ж”»ж’ѓйЂЈйЋ–еЊ–	12	20	12
330	гѓџг‚№гѓ€гѓ©гѓ«гѓ»гѓґг‚§гѓ«гѓ‡ 	10	35	г‚№пјљйўЁе±ћжЂ§д»дёЋ	-1	100	-1	,зЃ«д»дёЋ,г‚ўг‚Їгѓ†г‚Јгѓ–еЊ–,ж”»ж’ѓйЂЈйЋ–еЊ–	12	20	14
331	з›ѕгЃЄг‚‹й—‡	10	36	еЇѕпјљгЂђзІѕз›ѕгЂ‘(1)г‚’д»дёЋ	-1	100	-1	,г‚«г‚¦гѓіг‚їгѓјеЊ–,й—‡д»дёЋ,ж®‹еїѓ	7	14	2
332	ж·±ж·µж€ђг‚‹е‰Ј	9	36	еЇѕпјљж”»ж’ѓв‡’и‡ЄпјљгЂЉйІеѕЎ+50%гЂ‹	2	140	70	,е°„зЁ‹еў—,й—‡д»дёЋ,г‚«г‚¦гѓіг‚їгѓјеЊ–	7	15	3
333	й—‡е°Џе™є	6	36	еЇѕпјљж”»ж’ѓ	1	170	91	,г‚«г‚¦гѓіг‚їгѓјеЊ–,ж”»ж’ѓйЂЈйЋ–еЊ–,й—‡д»дёЋ	7	13	1
334	гѓ’гѓјгѓ«B	10	11	еЇѕпјљHPеў—	-1	100	-1	,г‚«г‚¦гѓіг‚їгѓјеЊ–,ж®‹еїѓ,йє»з—єд»дёЋ	7	16	7
335	г‚ЇгѓЌг‚¦гѓ	48	11	еЇѕпјљж”»ж’ѓв†’и‡Єпјљ[е‘Ѕдё­+](1)г‚’д»дёЋв‡’еЇѕпјљж”»ж’ѓ	2	110	55	,ж”»ж’ѓйЂЈйЋ–еЊ–,ж‰“дёЉ,е°„зЁ‹жё›,	27	13	0
336	гѓљгѓјгѓ«гѓњгѓ	56	11	еЇѕпјљж”»ж’ѓв†’и‡Єпјљ[е‘Ѕдё­+](1)г‚’д»дёЋв‡’еЇѕпјљж”»ж’ѓ	2	121	50	,е°„зЁ‹жё›,йє»з—єд»дёЋ,ж”»ж’ѓйЂЈйЋ–еЊ–,	27	13	0
337	зІѕйњЉзµђз•Њ	10	38	еЇѕпјљгЂђзІѕз›ѕгЂ‘(1)г‚’д»дёЋ	-1	100	-1	,ењ°д»дёЋ,е‡Ќзµђд»дёЋ,е°„зЁ‹жё›	7	14	2
338	гѓќгѓігѓќгѓігѓљг‚¤гѓі	15	34	еЇѕпјљи‚‰дЅ“зЉ¶ж…‹з•°еёёд»дёЋ	2	166	100	,е°„зЁ‹еў—,зЊ›жЇ’д»дёЋ,ж°ґд»дёЋ	12	19	11
