result_no	generate_no	party_type	party_no	name	member_num	attacker_num	supporter_num	pk_type	
08	1	1	4	不良になりきれないイタズラ好き	2	2	0	0
08	1	2	4	生徒No.4	1	1	0	0
08	1	0	4	不良になりきれないイタズラ好き	2	2	0	0
08	1	11	4	不良になりきれないイタズラ好き	2	2	0	0
08	1	12	4	生徒No.4	1	1	0	0
08	1	0	5	駆けつけ三敗	4	3	1	0
08	1	3	5	駆けつけ三敗	4	3	1	2
08	1	1	6	冬眠タイム	2	2	0	0
08	1	0	6	冬眠タイム	2	2	0	0
08	1	11	6	冬眠タイム	2	2	0	0
08	1	1	7	熱湯ズ	4	2	2	0
08	1	2	7	生徒No.7	1	1	0	0
08	1	0	7	熱湯ズ	4	3	1	0
08	1	10	7	第7パーティ	18	15	3	0
08	1	11	7	饂(よめない)	4	2	2	0
08	1	12	7	生徒No.7	1	1	0	0
08	1	1	8	ちーむあくまのもの	4	3	1	0
08	1	0	8	ちーむあくまのもの	4	3	1	0
08	1	11	8	チームまのもの	4	3	1	0
08	1	2	9	生徒No.9	1	1	0	0
08	1	0	9	ソルスィエール・フェリィ	3	2	1	0
08	1	11	9	ソルスィエール・フェリィ	3	3	0	0
08	1	12	9	生徒No.9	1	1	0	0
08	1	1	10	だが男だ	4	3	1	0
08	1	2	10	生徒No.10	1	1	0	0
08	1	0	10	だが男だ	4	3	1	0
08	1	11	10	だが男だ	4	3	1	0
08	1	12	10	生徒No.10	1	1	0	0
08	1	1	12	魔法学園の生徒	1	1	0	0
08	1	2	12	生徒No.12	1	1	0	0
08	1	0	12	魔法学園の生徒	1	1	0	0
08	1	3	12	魔法学園の生徒	1	1	0	2
08	1	11	12	魔法学園の生徒	1	1	0	0
08	1	12	12	生徒No.12	1	1	0	0
08	1	13	12	魔法学園の生徒	1	1	0	2
08	1	0	13	魔法学園の生徒	1	1	0	0
08	1	1	15	おれたちわんぱく三人組、あとおっちゃん	4	2	2	0
08	1	2	15	生徒No.15	1	1	0	0
08	1	0	15	おれたちわんぱく三人組、あとおっちゃん	4	3	1	0
08	1	11	15	おれたちわんぱく三人組、あとおっちゃん	4	2	2	0
08	1	12	15	生徒No.15	1	1	0	0
08	1	1	16	魔法学園の生徒	1	1	0	0
08	1	2	16	生徒No.16	1	1	0	0
08	1	0	16	魔法学園の生徒	1	1	0	0
08	1	11	16	魔法学園の生徒	1	1	0	0
08	1	12	16	生徒No.16	1	1	0	0
08	1	13	16	魔法学園の生徒	1	1	0	2
08	1	2	18	生徒No.18	1	1	0	0
08	1	10	18	第9パーティ	17	15	2	0
08	1	12	18	生徒No.18	1	1	0	0
08	1	1	20	日付変更線	3	3	0	0
08	1	0	20	日付変更線	3	3	0	0
08	1	3	20	日付変更線	8	8	0	0
08	1	10	20	第8パーティ	19	15	4	0
08	1	11	20	日付変更線	3	3	0	0
08	1	13	20	日付変更線	3	3	0	2
08	1	1	22	魔法学園の生徒	1	1	0	0
08	1	2	22	生徒No.22	1	1	0	0
08	1	0	22	魔法学園の生徒	1	1	0	0
08	1	10	22	第3パーティ	21	15	6	0
08	1	11	22	魔法学園の生徒	1	1	0	0
08	1	12	22	生徒No.22	1	1	0	0
08	1	1	23	深淵の狂非行	4	3	1	0
08	1	2	23	生徒No.23	1	1	0	0
08	1	0	23	深淵の狂非行	4	3	1	0
08	1	11	23	深淵の狂非行	4	3	1	0
08	1	12	23	生徒No.23	1	1	0	0
08	1	13	23	深淵の狂非行	4	3	1	1
08	1	0	26	マジカルドロー★プイキュア	2	2	0	0
08	1	10	26	第23パーティ	18	15	3	0
08	1	1	27	魔法学園の生徒	1	1	0	0
08	1	0	27	魔法学園の生徒	1	1	0	0
08	1	11	27	魔法学園の生徒	1	1	0	0
08	1	2	28	生徒No.28	1	1	0	0
08	1	0	28	Singularity Zero	2	2	0	0
08	1	3	28	Singularity Zero	2	2	0	3
08	1	13	28	Singularity Zero	2	2	0	3
08	1	1	29	魔法学園の生徒	1	1	0	0
08	1	0	29	魔法学園の生徒	1	1	0	0
08	1	1	30	秘密学園警察	3	3	0	0
08	1	2	30	生徒No.30	1	1	0	0
08	1	0	30	秘密学園警察	3	3	0	0
08	1	3	30	秘密学園警察	3	3	0	2
08	1	11	30	秘密学園警察	3	3	0	0
08	1	12	30	生徒No.30	1	1	0	0
08	1	1	36	チーム落第生	2	1	1	0
08	1	2	36	生徒No.36	1	1	0	0
08	1	0	36	チーム落第生	2	1	1	0
08	1	11	36	チーム落第生	2	1	1	0
08	1	12	36	生徒No.36	1	1	0	0
08	1	1	38	無guys	4	3	1	0
08	1	0	38	無guys	4	3	1	0
08	1	11	38	無guys	4	3	1	0
08	1	2	39	生徒No.39	1	1	0	0
08	1	12	39	生徒No.39	1	1	0	0
08	1	1	40	チームお茶請け	2	2	0	0
08	1	2	40	生徒No.40	1	1	0	0
08	1	0	40	チームお茶請け	2	2	0	0
08	1	10	40	第14パーティ	16	15	1	0
08	1	11	40	チームお茶請け	2	2	0	0
08	1	12	40	生徒No.40	1	1	0	0
08	1	1	41	正義執行者	1	1	0	0
08	1	2	41	生徒No.41	1	1	0	0
08	1	0	41	正義執行者	1	1	0	0
08	1	3	41	正義執行者	1	1	0	2
08	1	11	41	正義執行者	1	1	0	0
08	1	12	41	生徒No.41	1	1	0	0
08	1	2	42	生徒No.42	1	1	0	0
08	1	0	42	健康優良地紀不良	1	1	0	0
08	1	3	42	健康優良地紀不良	1	1	0	1
08	1	2	44	生徒No.44	1	1	0	0
08	1	0	44	魔法学園の生徒	1	1	0	0
08	1	12	44	生徒No.44	1	1	0	0
08	1	11	45	4人組作って～	4	2	2	0
08	1	1	46	魔法学園の生徒	3	3	0	0
08	1	0	46	魔法学園の生徒	3	3	0	0
08	1	1	47	素敵な花園？	4	3	1	0
08	1	2	47	生徒No.47	1	1	0	0
08	1	0	47	素敵な花園？	4	3	1	0
08	1	11	47	素敵な花園？	4	3	1	0
08	1	12	47	生徒No.47	1	1	0	0
08	1	2	48	生徒No.48	1	1	0	0
08	1	12	48	生徒No.48	1	1	0	0
08	1	2	49	生徒No.49	1	1	0	0
08	1	0	49	クズとカスとときどきしじみ	3	3	0	0
08	1	12	49	生徒No.49	1	1	0	0
08	1	13	50	駆けつけ三敗	4	2	2	2
08	1	2	52	生徒No.52	1	1	0	0
08	1	0	52	魔法学園の生徒	1	1	0	0
08	1	3	52	魔法学園の生徒	1	1	0	1
08	1	13	52	魔法学園の生徒	1	1	0	1
08	1	0	53	月守の一族	3	3	0	0
08	1	1	54	魔法学園の生徒	2	1	1	0
08	1	0	54	魔法学園の生徒	2	1	1	0
08	1	2	55	生徒No.55	1	1	0	0
08	1	12	55	生徒No.55	1	1	0	0
08	1	1	58	魔法学園の生徒	1	1	0	0
08	1	2	58	生徒No.58	1	1	0	0
08	1	0	58	魔法学園の生徒	1	1	0	0
08	1	3	58	魔法学園の生徒	1	1	0	2
08	1	10	58	第1パーティ	18	15	3	0
08	1	11	58	魔法学園の生徒	1	1	0	0
08	1	12	58	生徒No.58	1	1	0	0
08	1	13	58	魔法学園の生徒	1	1	0	2
08	1	1	59	グラディウスの下町から	2	1	1	0
08	1	2	59	生徒No.59	1	1	0	0
08	1	0	59	グラディウスの下町から	2	1	1	0
08	1	11	59	グラディウスの下町から	2	1	1	0
08	1	12	59	生徒No.59	1	1	0	0
08	1	1	61	魔法学園の生徒	4	2	2	0
08	1	0	61	魔法学園の生徒	4	2	2	0
08	1	11	61	魔法学園の生徒	4	3	1	0
08	1	0	64	ツヴァイドラッヘ	2	2	0	0
08	1	0	66	カタハバアンドメガネ	2	2	0	0
08	1	1	67	ざまぁ道中膝栗毛	1	1	0	0
08	1	2	67	生徒No.67	1	1	0	0
08	1	0	67	ざまぁ道中膝栗毛	1	1	0	0
08	1	3	67	ざまぁ道中膝栗毛	1	1	0	2
08	1	11	67	ざまぁ道中膝栗毛	1	1	0	0
08	1	12	67	生徒No.67	1	1	0	0
08	1	13	67	ざまぁ道中膝栗毛	1	1	0	2
08	1	1	72	魔法学園の生徒	4	3	1	0
08	1	2	72	生徒No.72	1	1	0	0
08	1	0	72	魔法学園の生徒	4	3	1	0
08	1	11	72	魔法学園の生徒	4	3	1	0
08	1	12	72	生徒No.72	1	1	0	0
08	1	1	78	魔法学園の生徒	3	2	1	0
08	1	2	78	生徒No.78	1	1	0	0
08	1	0	78	魔法学園の生徒	3	2	1	0
08	1	11	78	魔法学園の生徒	3	3	0	0
08	1	12	78	生徒No.78	1	1	0	0
08	1	1	91	可愛いエトをすこって下さい。	2	1	1	0
08	1	2	91	生徒No.91	1	1	0	0
08	1	0	91	可愛いエトをすこって下さい。	2	2	0	0
08	1	11	91	可愛いエトをすこって下さい。	2	1	1	0
08	1	12	91	生徒No.91	1	1	0	0
08	1	2	97	生徒No.97	1	1	0	0
08	1	3	97	日付変更線	8	8	0	0
08	1	12	97	生徒No.97	1	1	0	0
08	1	1	103	りんごパイ	2	2	0	0
08	1	2	103	生徒No.103	1	1	0	0
08	1	0	103	りんごパイ	2	2	0	0
08	1	3	103	りんごパイ	8	8	0	0
08	1	10	103	第4パーティ	22	15	7	0
08	1	13	103	りんごパイ	2	1	1	2
08	1	0	106	魔法学園の生徒	2	1	1	0
08	1	2	111	生徒No.111	1	1	0	0
08	1	0	111	秘密の部屋	4	3	1	0
08	1	1	114	魔法学園の生徒	1	1	0	0
08	1	0	114	魔法学園の生徒	1	1	0	0
08	1	1	115	夢見るヒーロー見習い	2	2	0	0
08	1	2	115	生徒No.115	1	1	0	0
08	1	0	115	夢見るヒーロー見習い	2	2	0	0
08	1	3	115	夢見るヒーロー見習い	2	2	0	2
08	1	11	115	夢見るヒーロー見習い	2	2	0	0
08	1	12	115	生徒No.115	1	1	0	0
08	1	13	115	夢見るヒーロー見習い	2	2	0	2
08	1	1	120	魔法学園の生徒	4	3	1	0
08	1	2	120	生徒No.120	1	1	0	0
08	1	0	120	魔法学園の生徒	4	3	1	0
08	1	11	120	魔法学園の人たち	4	3	1	0
08	1	12	120	生徒No.120	1	1	0	0
08	1	1	124	恐るべき幼馴染達	4	2	2	0
08	1	0	124	恐るべき幼馴染達	4	2	2	0
08	1	11	124	恐るべき幼馴染達	4	2	2	0
08	1	1	127	アルタリアファミリア	4	3	1	0
08	1	0	127	アルタリアファミリア	4	3	1	0
08	1	11	127	アルタリアファミリア	4	3	1	0
08	1	2	128	生徒No.128	1	1	0	0
08	1	3	128	魔法学園の生徒	4	1	3	3
08	1	12	128	生徒No.128	1	1	0	0
08	1	0	132	魔法学園の生徒	1	1	0	0
08	1	0	134	魔法学園の生徒	1	1	0	0
08	1	1	135	デイビッド・アニミダクターとあかとき闇	3	2	1	0
08	1	2	135	生徒No.135	1	1	0	0
08	1	0	135	デイビッド・アニミダクターとあかとき闇	3	2	1	0
08	1	11	135	デイビッド・アニミダクターと闇の戦記	3	2	1	0
08	1	12	135	生徒No.135	1	1	0	0
08	1	13	135	デイビッド・アニミダクターと闇の戦記	3	3	0	1
08	1	1	137	お菓子パーティ～桜餅を添えて～	4	3	1	0
08	1	0	137	お菓子パーティ～桜餅を添えて～	4	3	1	0
08	1	1	145	魔法学園かわいいものクラブ～プリティさの秘訣は真面目に授業を受けるコト☆	4	1	3	0
08	1	0	145	魔法学園かわいいものクラブ～プリティさの秘訣は真面目に授業を受けるコト☆	4	1	3	0
08	1	11	145	魔法学園かわいいものクラブ～プリティさの秘訣は真面目に授業を受けるコト☆	4	1	3	0
08	1	0	149	魔法学園の生徒	3	2	1	0
08	1	0	152	にゃんだふるすちゅーでんつ！	4	3	1	0
08	1	1	153	完走したい	3	3	0	0
08	1	2	153	生徒No.153	1	1	0	0
08	1	0	153	完走したい	3	3	0	0
08	1	11	153	目指せ完走	3	3	0	0
08	1	12	153	生徒No.153	1	1	0	0
08	1	1	159	魔法学園の生徒	3	1	2	0
08	1	11	159	魔法学園の生徒	3	1	2	0
08	1	2	160	生徒No.160	1	1	0	0
08	1	12	160	生徒No.160	1	1	0	0
08	1	2	163	生徒No.163	1	1	0	0
08	1	0	163	魔法学園の生徒	1	1	0	0
08	1	12	163	生徒No.163	1	1	0	0
08	1	1	166	4人組作って～	4	3	1	0
08	1	0	166	4人組作って～	4	3	1	0
08	1	11	167	双子さんチーム	4	1	3	0
08	1	2	173	生徒No.173	1	1	0	0
08	1	0	173	天使と妖精の突撃♡恋愛講座☆彡	2	2	0	0
08	1	10	173	第15パーティ	17	15	2	0
08	1	12	173	生徒No.173	1	1	0	0
08	1	11	174	魔法学園の生徒	1	1	0	0
08	1	11	177	飢えた獣	3	1	2	0
08	1	1	178	墓守ーズ	3	3	0	0
08	1	2	178	生徒No.178	1	1	0	0
08	1	0	178	墓守ーズ	3	3	0	0
08	1	10	178	第10パーティ	20	15	5	0
08	1	11	178	墓守ーズ	3	3	0	0
08	1	12	178	生徒No.178	1	1	0	0
08	1	1	181	嵐の夜に	2	2	0	0
08	1	2	181	生徒No.181	1	1	0	0
08	1	0	181	嵐の夜に	2	2	0	0
08	1	10	181	第13パーティ	19	15	4	0
08	1	2	182	生徒No.182	1	1	0	0
08	1	12	182	生徒No.182	1	1	0	0
08	1	2	190	生徒No.190	1	1	0	0
08	1	3	190	りんごパイ	8	8	0	0
08	1	1	191	退魔師は不良なんかに絶対負けない	2	2	0	0
08	1	2	191	生徒No.191	1	1	0	0
08	1	0	191	退魔師は不良なんかに絶対負けない	2	2	0	0
08	1	3	191	退魔師は不良なんかに絶対負けない	8	8	0	0
08	1	11	191	退魔師は不良なんかに絶対負けない	2	2	0	0
08	1	12	191	生徒No.191	1	1	0	0
08	1	2	192	生徒No.192	1	1	0	0
08	1	0	195	魔法学園の生徒	1	1	0	0
08	1	0	196	大夢魔殿	2	2	0	0
08	1	1	198	魔法学園の生徒	2	2	0	0
08	1	0	198	魔法学園の生徒	2	2	0	0
08	1	13	198	魔法学園の生徒	2	2	0	1
08	1	2	200	生徒No.200	1	1	0	0
08	1	12	200	生徒No.200	1	1	0	0
08	1	2	202	生徒No.202	1	1	0	0
08	1	12	202	生徒No.202	1	1	0	0
08	1	1	204	魔法学園の生徒	1	1	0	0
08	1	0	204	魔法学園の生徒	1	1	0	0
08	1	10	204	第22パーティ	19	15	4	0
08	1	11	204	魔法学園の生徒	1	1	0	0
08	1	1	207	シュトゥルム寮702号室	3	3	0	0
08	1	2	207	生徒No.207	1	1	0	0
08	1	0	207	シュトゥルム寮702号室	3	3	0	0
08	1	0	210	魔法お勉強会	2	1	1	0
08	1	1	211	魔法学園の生徒	1	1	0	0
08	1	0	211	魔法学園の生徒	1	1	0	0
08	1	11	211	魔法学園の生徒	1	1	0	0
08	1	1	212	もふもふ	3	3	0	0
08	1	0	212	もふもふ	3	3	0	0
08	1	11	212	もふもふ	3	3	0	0
08	1	2	215	生徒No.215	1	1	0	0
08	1	12	215	生徒No.215	1	1	0	0
08	1	1	219	孤独のネクロ	1	1	0	0
08	1	0	219	孤独のネクロ	1	1	0	0
08	1	11	219	孤独のネクロ	1	1	0	0
08	1	1	222	コミュニオン	2	2	0	0
08	1	0	222	コミュニオン	2	2	0	0
08	1	11	222	コミュニオン	2	2	0	0
08	1	0	224	魔法学園の生徒	1	1	0	0
08	1	1	229	魔法学園の生徒	1	1	0	0
08	1	2	229	生徒No.229	1	1	0	0
08	1	0	229	魔法学園の生徒	1	1	0	0
08	1	11	229	魔法学園の生徒	1	1	0	0
08	1	12	229	生徒No.229	1	1	0	0
08	1	11	230	Quartet	4	2	2	0
08	1	0	232	魔法学園の生徒	1	1	0	0
08	1	1	233	料理研究会主催合同調査	4	1	3	0
08	1	2	233	生徒No.233	1	1	0	0
08	1	0	233	料理研究会主催合同調査	4	1	3	0
08	1	12	233	生徒No.233	1	1	0	0
08	1	1	234	同情するなら金をくれ！	4	3	1	0
08	1	2	234	生徒No.234	1	1	0	0
08	1	0	234	同情するなら金をくれ！	4	3	1	0
08	1	11	234	同情するなら金をくれ！	4	3	1	0
08	1	12	234	生徒No.234	1	1	0	0
08	1	1	241	はりきり風紀委員	1	1	0	0
08	1	2	241	生徒No.241	1	1	0	0
08	1	0	241	はりきり風紀委員	1	1	0	0
08	1	3	241	はりきり風紀委員	1	1	0	2
08	1	11	241	はりきり風紀委員	1	1	0	0
08	1	12	241	生徒No.241	1	1	0	0
08	1	13	241	はりきり風紀委員	1	1	0	2
08	1	1	245	狐ぷらす愉快な変人	4	2	2	0
08	1	0	245	狐ぷらす愉快な変人	4	2	2	0
08	1	11	245	狐ぷらす愉快な変人	4	2	2	0
08	1	2	257	生徒No.257	1	1	0	0
08	1	12	257	生徒No.257	1	1	0	0
08	1	11	260	魔法学園の生徒	3	2	1	0
08	1	2	261	生徒No.261	1	1	0	0
08	1	12	261	生徒No.261	1	1	0	0
08	1	0	262	魔法学園の生徒	1	1	0	0
08	1	0	263	魔法学園の生徒	1	1	0	0
08	1	1	264	魔法学園の生徒	1	1	0	0
08	1	2	264	生徒No.264	1	1	0	0
08	1	0	264	魔法学園の生徒	1	1	0	0
08	1	11	264	魔法学園の生徒	1	1	0	0
08	1	12	264	生徒No.264	1	1	0	0
08	1	1	266	異種族交流部！	4	2	2	0
08	1	0	266	異種族交流部！	4	2	2	0
08	1	11	266	異種族交流部！	4	2	2	0
08	1	1	272	お前ら人間じゃねえ	3	3	0	0
08	1	2	272	生徒No.272	1	1	0	0
08	1	0	272	お前ら人間じゃねえ	3	3	0	0
08	1	11	272	お前ら人間じゃねえ	3	3	0	0
08	1	12	272	生徒No.272	1	1	0	0
08	1	2	275	生徒No.275	1	1	0	0
08	1	0	279	薄明薄暮の燃えさし	2	2	0	0
08	1	0	280	魔法学園の生徒	1	1	0	0
08	1	2	284	生徒No.284	1	1	0	0
08	1	12	284	生徒No.284	1	1	0	0
08	1	1	285	魔法学園の生徒	4	2	2	0
08	1	0	285	魔法学園の生徒	4	2	2	0
08	1	11	285	魔法学園の生徒	4	2	2	0
08	1	2	289	生徒No.289	1	1	0	0
08	1	12	289	生徒No.289	1	1	0	0
08	1	1	292	転生公爵令嬢二人旅	2	2	0	0
08	1	0	292	転生公爵令嬢二人旅	2	2	0	0
08	1	10	292	第27パーティ	22	15	7	0
08	1	11	292	転生公爵令嬢二人旅	2	2	0	0
08	1	1	294	キャット・ル・クルール	4	1	3	0
08	1	2	294	生徒No.294	1	1	0	0
08	1	0	294	キャット・ル・クルール	4	1	3	0
08	1	1	295	魔法学園の生徒	4	3	1	0
08	1	0	295	魔法学園の生徒	4	3	1	0
08	1	11	295	魔法学園の生徒	4	3	1	0
08	1	2	298	生徒No.298	1	1	0	0
08	1	1	308	合言葉は森	1	1	0	0
08	1	2	308	生徒No.308	1	1	0	0
08	1	0	308	合言葉は森	1	1	0	0
08	1	11	308	合言葉は森	1	1	0	0
08	1	12	308	生徒No.308	1	1	0	0
08	1	2	312	生徒No.312	1	1	0	0
08	1	12	312	生徒No.312	1	1	0	0
08	1	2	313	生徒No.313	1	1	0	0
08	1	12	313	生徒No.313	1	1	0	0
08	1	2	319	生徒No.319	1	1	0	0
08	1	3	319	退魔師は不良なんかに絶対負けない	8	8	0	0
08	1	12	319	生徒No.319	1	1	0	0
08	1	2	329	生徒No.329	1	1	0	0
08	1	12	329	生徒No.329	1	1	0	0
08	1	1	331	魔法学園の生徒	1	1	0	0
08	1	2	331	生徒No.331	1	1	0	0
08	1	0	331	魔法学園の生徒	1	1	0	0
08	1	3	331	魔法学園の生徒	1	1	0	1
08	1	11	331	魔法学園の生徒	1	1	0	0
08	1	12	331	生徒No.331	1	1	0	0
08	1	13	331	魔法学園の生徒	1	1	0	1
08	1	2	332	生徒No.332	1	1	0	0
08	1	12	332	生徒No.332	1	1	0	0
08	1	1	335	ダブルダウン	2	1	1	0
08	1	0	335	ダブルダウン	2	1	1	0
08	1	11	335	ダブルダウン	2	1	1	0
08	1	1	340	料理研究会主催合同調査	4	3	1	0
08	1	0	340	料理研究会主催合同調査	4	3	1	0
08	1	11	340	まきこみ不良行為ヤダーッ	4	2	2	0
08	1	2	342	生徒No.342	1	1	0	0
08	1	0	342	魔法学園の生徒	4	1	3	0
08	1	12	342	生徒No.342	1	1	0	0
08	1	13	342	魔法学園の生徒	4	1	3	1
08	1	2	343	生徒No.343	1	1	0	0
08	1	3	343	日付変更線	8	8	0	0
08	1	12	343	生徒No.343	1	1	0	0
08	1	2	350	生徒No.350	1	1	0	0
08	1	12	350	生徒No.350	1	1	0	0
08	1	1	351	利害以外の関係性が一切ない二人	2	2	0	0
08	1	2	351	生徒No.351	1	1	0	0
08	1	0	351	利害以外の関係性が一切ない二人	2	2	0	0
08	1	11	351	利害以外の関係性が一切ない二人	2	1	1	0
08	1	12	351	生徒No.351	1	1	0	0
08	1	1	360	シドロス家	1	1	0	0
08	1	0	360	シドロス家	1	1	0	0
08	1	11	360	シドロス家	1	1	0	0
08	1	1	363	オトシゴロケモノ	4	3	1	0
08	1	2	363	生徒No.363	1	1	0	0
08	1	0	363	オトシゴロケモノ	4	3	1	0
08	1	11	363	オトシゴロケモノ	4	3	1	0
08	1	12	363	生徒No.363	1	1	0	0
08	1	1	365	闇と光の魔導旗手	4	2	2	0
08	1	0	365	闇と光の魔導旗手	4	3	1	0
08	1	10	365	第21パーティ	18	15	3	0
08	1	11	365	闇と光の魔導旗手	4	2	2	0
08	1	0	366	魔法学園の生徒	4	3	1	0
08	1	3	366	魔法学園の生徒	4	3	1	3
08	1	10	366	第11パーティ	17	15	2	0
08	1	11	366	魔法学園の生徒	3	3	0	0
08	1	13	366	魔法学園の生徒	3	3	0	2
08	1	1	367	魔法学園の生徒	2	2	0	0
08	1	0	367	魔法学園の生徒	2	2	0	0
08	1	11	367	魔法学園の生徒	2	2	0	0
08	1	1	368	闘え！バイト戦士	3	3	0	0
08	1	0	368	闘え！バイト戦士	3	3	0	0
08	1	11	368	闘え！バイト戦士	3	3	0	0
08	1	1	369	魔法学園の生徒	1	1	0	0
08	1	2	369	生徒No.369	1	1	0	0
08	1	0	369	魔法学園の生徒	1	1	0	0
08	1	10	369	第25パーティ	19	15	4	0
08	1	11	369	魔法学園の生徒	1	1	0	0
08	1	12	369	生徒No.369	1	1	0	0
08	1	13	369	魔法学園の生徒	1	1	0	1
08	1	1	371	魔法学園時間部	3	3	0	0
08	1	2	371	生徒No.371	1	1	0	0
08	1	0	371	魔法学園時間部	3	3	0	0
08	1	11	371	魔法学園時間部	3	3	0	0
08	1	12	371	生徒No.371	1	1	0	0
08	1	1	372	うまれかわりーず！	3	3	0	0
08	1	0	372	うまれかわりーず！	3	3	0	0
08	1	11	372	うまれかわりーず！	3	3	0	0
08	1	1	373	Quartet	4	2	2	0
08	1	2	373	生徒No.373	1	1	0	0
08	1	0	373	Quartet	4	2	2	0
08	1	2	374	生徒No.374	1	1	0	0
08	1	12	374	生徒No.374	1	1	0	0
08	1	3	379	魔法学園の生徒	1	1	0	1
08	1	13	379	魔法学園の生徒	1	1	0	1
08	1	1	381	極楽ビビッドストリングス	2	2	0	0
08	1	2	381	生徒No.381	1	1	0	0
08	1	0	381	極楽ビビッドストリングス	2	2	0	0
08	1	3	381	極楽ビビッドストリングス	2	2	0	2
08	1	11	381	極楽ビビッドストリングス	2	2	0	0
08	1	12	381	生徒No.381	1	1	0	0
08	1	13	381	極楽ビビッドストリングス	2	2	0	2
08	1	2	383	生徒No.383	1	1	0	0
08	1	12	383	生徒No.383	1	1	0	0
08	1	2	391	生徒No.391	1	1	0	0
08	1	12	391	生徒No.391	1	1	0	0
08	1	1	393	サグカツ！	2	1	1	0
08	1	2	393	生徒No.393	1	1	0	0
08	1	0	393	サグカツ！	2	1	1	0
08	1	11	393	サグカツ！	2	1	1	0
08	1	12	393	生徒No.393	1	1	0	0
08	1	2	396	生徒No.396	1	1	0	0
08	1	12	396	生徒No.396	1	1	0	0
08	1	2	400	生徒No.400	1	1	0	0
08	1	12	400	生徒No.400	1	1	0	0
08	1	2	402	生徒No.402	1	1	0	0
08	1	0	402	おにいさんといっしょ	4	3	1	0
08	1	1	408	ぴよぴよわんわん	2	1	1	0
08	1	0	408	ぴよぴよわんわん	2	2	0	0
08	1	10	410	第12パーティ	21	15	6	0
08	1	11	410	不良行為【廊下を漂っていたら授業に遅刻】	1	1	0	0
08	1	12	410	生徒No.410	1	1	0	0
08	1	0	412	魔法学園の生徒	4	1	3	0
08	1	0	413	傷だらけの栄光	4	2	2	0
08	1	1	414	アズライト	3	3	0	0
08	1	0	414	アズライト	3	3	0	0
08	1	11	414	アズライト	3	3	0	0
08	1	0	415	魔法学園の生徒	3	1	2	0
08	1	1	416	魔法学園の生徒	1	1	0	0
08	1	2	416	生徒No.416	1	1	0	0
08	1	0	416	魔法学園の生徒	1	1	0	0
08	1	11	416	魔法学園の生徒	1	1	0	0
08	1	12	416	生徒No.416	1	1	0	0
08	1	1	423	魔法学園の生徒	1	1	0	0
08	1	2	423	生徒No.423	1	1	0	0
08	1	0	423	魔法学園の生徒	1	1	0	0
08	1	11	423	魔法学園の生徒	1	1	0	0
08	1	12	423	生徒No.423	1	1	0	0
08	1	2	424	生徒No.424	1	1	0	0
08	1	12	424	生徒No.424	1	1	0	0
08	1	1	427	！？	1	1	0	0
08	1	2	427	生徒No.427	1	1	0	0
08	1	0	427	！？	1	1	0	0
08	1	3	427	！？	1	1	0	1
08	1	11	427	！？	1	1	0	0
08	1	12	427	生徒No.427	1	1	0	0
08	1	0	428	魔法学園の生徒	1	1	0	0
08	1	2	429	生徒No.429	1	1	0	0
08	1	12	429	生徒No.429	1	1	0	0
08	1	2	430	生徒No.430	1	1	0	0
08	1	12	430	生徒No.430	1	1	0	0
08	1	11	434	魔法学園の生徒	1	1	0	0
08	1	1	436	魔法学園の生徒	1	1	0	0
08	1	2	436	生徒No.436	1	1	0	0
08	1	0	436	魔法学園の生徒	1	1	0	0
08	1	11	436	魔法学園の生徒	1	1	0	0
08	1	12	436	生徒No.436	1	1	0	0
08	1	1	437	マザーグース・コモンウェルス	4	3	1	0
08	1	0	437	マザーグース・コモンウェルス	4	3	1	0
08	1	11	437	マザーグース・コモンウェルス	4	3	1	0
08	1	1	440	魔法学園の生徒	1	1	0	0
08	1	2	440	生徒No.440	1	1	0	0
08	1	0	440	魔法学園の生徒	1	1	0	0
08	1	3	440	魔法学園の生徒	1	1	0	2
08	1	11	440	魔法学園の生徒	1	1	0	0
08	1	12	440	生徒No.440	1	1	0	0
08	1	13	440	魔法学園の生徒	1	1	0	2
08	1	1	441	シンギュラリティ	2	2	0	0
08	1	0	441	シンギュラリティ	2	2	0	0
08	1	11	441	シンギュラリティ	2	2	0	0
08	1	1	442	鼓膜オブデッド	2	2	0	0
08	1	0	442	鼓膜オブデッド	2	2	0	0
08	1	11	442	鼓膜オブデッド	2	2	0	0
08	1	1	443	魔法学園の生徒	1	1	0	0
08	1	0	443	魔法学園の生徒	1	1	0	0
08	1	2	452	生徒No.452	1	1	0	0
08	1	12	452	生徒No.452	1	1	0	0
08	1	1	458	不良もヌン茶もしばく会	3	3	0	0
08	1	2	458	生徒No.458	1	1	0	0
08	1	0	458	不良もヌン茶もしばく会	3	3	0	0
08	1	11	458	不良もヌン茶もしばく会	3	3	0	0
08	1	12	458	生徒No.458	1	1	0	0
08	1	0	460	お師匠大好き	2	1	1	0
08	1	2	465	生徒No.465	1	1	0	0
08	1	11	465	まきこみ不良行為ヤダーッ	3	3	0	0
08	1	12	465	生徒No.465	1	1	0	0
08	1	2	468	生徒No.468	1	1	0	0
08	1	12	468	生徒No.468	1	1	0	0
08	1	2	472	生徒No.472	1	1	0	0
08	1	12	472	生徒No.472	1	1	0	0
08	1	1	478	魔法学園の生徒	1	1	0	0
08	1	2	478	生徒No.478	1	1	0	0
08	1	0	478	魔法学園の生徒	1	1	0	0
08	1	11	478	魔法学園の生徒	1	1	0	0
08	1	12	478	生徒No.478	1	1	0	0
08	1	1	480	YGK	2	2	0	0
08	1	2	480	生徒No.480	1	1	0	0
08	1	0	480	YGK	2	2	0	0
08	1	11	480	YGK	2	2	0	0
08	1	12	480	生徒No.480	1	1	0	0
08	1	0	482	魔法学園の生徒	1	1	0	0
08	1	0	484	魔法学園の生徒	3	3	0	0
08	1	10	484	第6パーティ	18	15	3	0
08	1	2	485	生徒No.485	1	1	0	0
08	1	0	491	魔法学園の生徒	1	1	0	0
08	1	2	493	生徒No.493	1	1	0	0
08	1	12	493	生徒No.493	1	1	0	0
08	1	2	494	生徒No.494	1	1	0	0
08	1	12	494	生徒No.494	1	1	0	0
08	1	1	497	魔法学園の生徒	2	1	1	0
08	1	2	497	生徒No.497	1	1	0	0
08	1	0	497	魔法学園の生徒	2	1	1	0
08	1	3	497	魔法学園の生徒	2	1	1	3
08	1	11	497	魔法学園の生徒	2	2	0	0
08	1	13	497	魔法学園の生徒	2	1	1	3
08	1	1	499	魔法学園の生徒	1	1	0	0
08	1	0	499	魔法学園の生徒	1	1	0	0
08	1	10	499	第20パーティ	19	15	4	0
08	1	11	499	魔法学園の生徒	1	1	0	0
08	1	1	502	魔法学園の生徒	3	3	0	0
08	1	0	502	魔法学園の生徒	3	3	0	0
08	1	11	502	魔法学園の生徒	3	3	0	0
08	1	1	503	寄せ集めブルース	4	3	1	0
08	1	0	503	寄せ集めブルース	4	3	1	0
08	1	10	503	第26パーティ	18	15	3	0
08	1	11	503	寄せ集めブルース	4	3	1	0
08	1	2	505	生徒No.505	1	1	0	0
08	1	1	508	魔法学園の生徒	1	1	0	0
08	1	0	508	魔法学園の生徒	1	1	0	0
08	1	11	508	魔法学園の生徒	1	1	0	0
08	1	1	511	魔法学園の生徒	2	2	0	0
08	1	0	511	魔法学園の生徒	2	2	0	0
08	1	11	511	魔法学園の生徒	2	2	0	0
08	1	2	512	生徒No.512	1	1	0	0
08	1	12	512	生徒No.512	1	1	0	0
08	1	2	513	生徒No.513	1	1	0	0
08	1	11	513	Moonshiners	4	3	1	0
08	1	12	513	生徒No.513	1	1	0	0
08	1	2	514	生徒No.514	1	1	0	0
08	1	12	514	生徒No.514	1	1	0	0
08	1	3	516	魔法学園の生徒	1	1	0	1
08	1	2	518	生徒No.518	1	1	0	0
08	1	0	518	魔法学園の生徒	1	1	0	0
08	1	12	518	生徒No.518	1	1	0	0
08	1	0	519	プリンパーティー	2	2	0	0
08	1	1	520	魔法学園の生徒	1	1	0	0
08	1	2	520	生徒No.520	1	1	0	0
08	1	0	520	魔法学園の生徒	1	1	0	0
08	1	11	520	魔法学園の生徒	1	1	0	0
08	1	12	520	生徒No.520	1	1	0	0
08	1	2	525	生徒No.525	1	1	0	0
08	1	0	525	お嬢様が行く	1	1	0	0
08	1	3	525	お嬢様が行く	1	1	0	2
08	1	12	525	生徒No.525	1	1	0	0
08	1	13	525	お嬢様が行く	1	1	0	2
08	1	0	526	烈日と明月	2	2	0	0
08	1	1	531	魔法学園の生徒	1	1	0	0
08	1	2	531	生徒No.531	1	1	0	0
08	1	0	531	魔法学園の生徒	1	1	0	0
08	1	11	531	魔法学園の生徒	1	1	0	0
08	1	12	531	生徒No.531	1	1	0	0
08	1	0	539	魔法学園の生徒	1	1	0	0
08	1	1	541	魔法学園の生徒	1	1	0	0
08	1	0	541	魔法学園の生徒	1	1	0	0
08	1	2	542	生徒No.542	1	1	0	0
08	1	12	542	生徒No.542	1	1	0	0
08	1	0	545	魔法学園の生徒	2	2	0	0
08	1	1	552	クズとカスとときどきしじみ	3	2	1	0
08	1	2	552	生徒No.552	1	1	0	0
08	1	11	552	クズとカスとときどきしじみ	3	1	2	0
08	1	12	552	生徒No.552	1	1	0	0
08	1	0	553	魔法学園の生徒	1	1	0	0
08	1	2	554	生徒No.554	1	1	0	0
08	1	12	554	生徒No.554	1	1	0	0
08	1	1	555	魔法学園の生徒	1	1	0	0
08	1	2	555	生徒No.555	1	1	0	0
08	1	0	555	魔法学園の生徒	1	1	0	0
08	1	11	555	魔法学園の生徒	1	1	0	0
08	1	12	555	生徒No.555	1	1	0	0
08	1	2	557	生徒No.557	1	1	0	0
08	1	12	557	生徒No.557	1	1	0	0
08	1	1	561	魔法学園の生徒	3	1	2	0
08	1	2	561	生徒No.561	1	1	0	0
08	1	0	561	魔法学園の生徒	3	1	2	0
08	1	3	561	魔法学園の生徒	3	1	2	3
08	1	11	561	魔法学園の生徒	3	1	2	0
08	1	12	561	生徒No.561	1	1	0	0
08	1	13	561	魔法学園の生徒	3	1	2	3
08	1	0	568	魔法学園の生徒	4	3	1	0
08	1	1	569	傷だらけの栄光	4	1	3	0
08	1	11	569	傷だらけの栄光	4	1	3	0
08	1	1	570	魔法学園の生徒	4	3	1	0
08	1	2	571	生徒No.571	1	1	0	0
08	1	12	571	生徒No.571	1	1	0	0
08	1	2	572	生徒No.572	1	1	0	0
08	1	12	572	生徒No.572	1	1	0	0
08	1	2	579	生徒No.579	1	1	0	0
08	1	12	579	生徒No.579	1	1	0	0
08	1	2	592	生徒No.592	1	1	0	0
08	1	12	592	生徒No.592	1	1	0	0
08	1	1	593	魔法学園の生徒	1	1	0	0
08	1	0	593	魔法学園の生徒	1	1	0	0
08	1	0	600	魔法学園の生徒	3	1	2	0
08	1	1	601	百器・千古万識	4	1	3	0
08	1	2	601	生徒No.601	1	1	0	0
08	1	0	601	百器・千古万識	4	1	3	0
08	1	11	601	百器・千古万識	4	1	3	0
08	1	12	601	生徒No.601	1	1	0	0
08	1	13	601	百器・千古万識	4	1	3	3
08	1	1	604	魔法学園の生徒	1	1	0	0
08	1	2	604	生徒No.604	1	1	0	0
08	1	0	604	魔法学園の生徒	1	1	0	0
08	1	11	604	魔法学園の生徒	1	1	0	0
08	1	12	604	生徒No.604	1	1	0	0
08	1	1	613	まほがく労働基準局	4	3	1	0
08	1	0	613	まほがく労働基準局	4	3	1	0
08	1	11	613	親方！まほがくからおばあちゃんが！	4	3	1	0
08	1	2	617	生徒No.617	1	1	0	0
08	1	12	617	生徒No.617	1	1	0	0
08	1	2	618	生徒No.618	1	1	0	0
08	1	1	621	魔法学園の生徒	1	1	0	0
08	1	2	621	生徒No.621	1	1	0	0
08	1	0	621	魔法学園の生徒	1	1	0	0
08	1	11	621	魔法学園の生徒	1	1	0	0
08	1	12	621	生徒No.621	1	1	0	0
08	1	1	626	猫カフェ一同	1	1	0	0
08	1	2	626	生徒No.626	1	1	0	0
08	1	0	626	猫カフェ一同	1	1	0	0
08	1	3	626	猫カフェ一同	1	1	0	2
08	1	11	626	猫カフェ一同	1	1	0	0
08	1	12	626	生徒No.626	1	1	0	0
08	1	13	626	猫カフェ一同	1	1	0	2
08	1	1	629	学園機動留年部隊　通称『地獄の壁』	4	3	1	0
08	1	2	629	生徒No.629	1	1	0	0
08	1	0	629	学園機動留年部隊　通称『地獄の壁』	4	3	1	0
08	1	11	629	学園機動留年部隊　通称『地獄の壁』	4	3	1	0
08	1	12	629	生徒No.629	1	1	0	0
08	1	10	631	第19パーティ	18	15	3	0
08	1	11	631	けもみみーず	4	3	1	0
08	1	1	632	けもみみーず	4	3	1	0
08	1	0	632	けもみみーず	4	3	1	0
08	1	0	637	音なき砂塵が舞う	1	1	0	0
08	1	1	640	魔法学園の生徒	1	1	0	0
08	1	0	640	魔法学園の生徒	1	1	0	0
08	1	11	640	魔法学園の生徒	1	1	0	0
08	1	1	642	おにいさんといっしょ	4	1	3	0
08	1	2	642	生徒No.642	1	1	0	0
08	1	1	647	絶対に負けない！	1	1	0	0
08	1	0	647	絶対に負けない！	1	1	0	0
08	1	3	647	絶対に負けない！	1	1	0	1
08	1	11	647	絶対に負けない！	1	1	0	0
08	1	13	647	絶対に負けない！	1	1	0	1
08	1	2	652	生徒No.652	1	1	0	0
08	1	12	652	生徒No.652	1	1	0	0
08	1	1	653	abyss	2	2	0	0
08	1	2	653	生徒No.653	1	1	0	0
08	1	0	653	abyss	2	2	0	0
08	1	11	653	abyss	2	2	0	0
08	1	12	653	生徒No.653	1	1	0	0
08	1	2	654	生徒No.654	1	1	0	0
08	1	12	654	生徒No.654	1	1	0	0
08	1	1	662	魔法学園の生徒	1	1	0	0
08	1	2	662	生徒No.662	1	1	0	0
08	1	0	662	魔法学園の生徒	1	1	0	0
08	1	2	663	生徒No.663	1	1	0	0
08	1	12	663	生徒No.663	1	1	0	0
08	1	0	671	放火後ティータイム	2	1	1	0
08	1	11	672	放火後ティータイム	2	1	1	0
08	1	1	673	GIANT RODENT	1	1	0	0
08	1	2	673	生徒No.673	1	1	0	0
08	1	0	673	GIANT RODENT	1	1	0	0
08	1	11	673	GIANT RODENT	1	1	0	0
08	1	12	673	生徒No.673	1	1	0	0
08	1	0	676	料理研究会主催合同調査	4	3	1	0
08	1	2	680	生徒No.680	1	1	0	0
08	1	12	680	生徒No.680	1	1	0	0
08	1	1	682	まだまだ何もわからない	4	3	1	0
08	1	0	682	まだまだ何もわからない	4	3	1	0
08	1	11	682	まだまだ何もわからない	4	3	1	0
08	1	2	686	生徒No.686	1	1	0	0
08	1	12	686	生徒No.686	1	1	0	0
08	1	2	689	生徒No.689	1	1	0	0
08	1	12	689	生徒No.689	1	1	0	0
08	1	2	690	生徒No.690	1	1	0	0
08	1	12	690	生徒No.690	1	1	0	0
08	1	1	691	どてらぎつねののんびり学園生活	1	1	0	0
08	1	2	691	生徒No.691	1	1	0	0
08	1	0	691	どてらぎつねののんびり学園生活	1	1	0	0
08	1	3	691	どてらぎつねののんびり学園生活	1	1	0	1
08	1	10	691	第2パーティ	16	15	1	0
08	1	11	691	どてらぎつねののんびり学園生活	1	1	0	0
08	1	12	691	生徒No.691	1	1	0	0
08	1	13	691	どてらぎつねののんびり学園生活	1	1	0	1
08	1	1	694	魔法学園の生徒	1	1	0	0
08	1	0	694	魔法学園の生徒	1	1	0	0
08	1	11	694	魔法学園の生徒	1	1	0	0
08	1	1	695	料理研究会主催合同調査	4	2	2	0
08	1	2	695	生徒No.695	1	1	0	0
08	1	11	695	一匹狼	1	1	0	0
08	1	12	695	生徒No.695	1	1	0	0
08	1	1	697	Moonshiners	4	3	1	0
08	1	2	697	生徒No.697	1	1	0	0
08	1	0	697	Moonshiners	4	3	1	0
08	1	12	697	生徒No.697	1	1	0	0
08	1	2	698	生徒No.698	1	1	0	0
08	1	11	698	魔法学園の生徒	1	1	0	0
08	1	12	698	生徒No.698	1	1	0	0
08	1	13	698	魔法学園の生徒	1	1	0	3
08	1	11	703	魔法学園の生徒	1	1	0	0
08	1	2	707	生徒No.707	1	1	0	0
08	1	12	707	生徒No.707	1	1	0	0
08	1	1	708	孤影の二重奏	2	2	0	0
08	1	0	708	孤影の二重奏	2	2	0	0
08	1	11	708	孤影の二重奏	2	2	0	0
08	1	1	711	魔法学園の生徒	4	3	1	0
08	1	2	711	生徒No.711	1	1	0	0
08	1	0	711	魔法学園の生徒	4	3	1	0
08	1	11	711	魔法学園の生徒	4	3	1	0
08	1	12	711	生徒No.711	1	1	0	0
08	1	0	717	魔法学園の生徒	1	1	0	0
08	1	1	723	魔法学園の生徒	1	1	0	0
08	1	0	723	魔法学園の生徒	1	1	0	0
08	1	11	723	魔法学園の生徒	1	1	0	0
08	1	1	727	ちっこい世界	3	3	0	0
08	1	2	727	生徒No.727	1	1	0	0
08	1	0	727	ちっこい世界	3	3	0	0
08	1	11	727	ちっこい世界	3	3	0	0
08	1	12	727	生徒No.727	1	1	0	0
08	1	1	730	ソ研	4	3	1	0
08	1	2	730	生徒No.730	1	1	0	0
08	1	0	730	ソ研	4	3	1	0
08	1	11	730	ソ研	4	3	1	0
08	1	12	730	生徒No.730	1	1	0	0
08	1	2	731	生徒No.731	1	1	0	0
08	1	12	731	生徒No.731	1	1	0	0
08	1	1	734	青薔薇小紀行	4	3	1	0
08	1	2	734	生徒No.734	1	1	0	0
08	1	0	734	青薔薇小紀行	4	3	1	0
08	1	11	734	青薔薇小紀行	4	3	1	0
08	1	12	734	生徒No.734	1	1	0	0
08	1	2	735	生徒No.735	1	1	0	0
08	1	12	735	生徒No.735	1	1	0	0
08	1	2	736	生徒No.736	1	1	0	0
08	1	12	736	生徒No.736	1	1	0	0
08	1	2	737	生徒No.737	1	1	0	0
08	1	12	737	生徒No.737	1	1	0	0
08	1	2	746	生徒No.746	1	1	0	0
08	1	12	746	生徒No.746	1	1	0	0
08	1	1	750	魔法学園の生徒	1	1	0	0
08	1	0	750	魔法学園の生徒	1	1	0	0
08	1	1	752	魔法学園の生徒	1	1	0	0
08	1	0	752	魔法学園の生徒	1	1	0	0
08	1	11	752	魔法学園の生徒	1	1	0	0
08	1	1	754	魔法学園の生徒	1	1	0	0
08	1	2	754	生徒No.754	1	1	0	0
08	1	0	754	魔法学園の生徒	1	1	0	0
08	1	11	754	魔法学園の生徒	1	1	0	0
08	1	12	754	生徒No.754	1	1	0	0
08	1	2	757	生徒No.757	1	1	0	0
08	1	12	757	生徒No.757	1	1	0	0
08	1	1	759	ちゅーちゅーぶれいん	2	2	0	0
08	1	2	759	生徒No.759	1	1	0	0
08	1	0	759	ちゅーちゅーぶれいん	2	2	0	0
08	1	11	759	ちゅーちゅーぶれいん	2	2	0	0
08	1	12	759	生徒No.759	1	1	0	0
08	1	2	765	生徒No.765	1	1	0	0
08	1	0	765	魔法学園の生徒	1	1	0	0
08	1	12	765	生徒No.765	1	1	0	0
08	1	11	767	魔法学園の生徒	3	2	1	0
08	1	1	768	魔法学園の生徒	2	2	0	0
08	1	0	768	魔法学園の生徒	2	2	0	0
08	1	11	768	魔法学園の生徒	2	2	0	0
08	1	2	769	生徒No.769	1	1	0	0
08	1	12	769	生徒No.769	1	1	0	0
08	1	1	771	魔法学園の生徒	1	1	0	0
08	1	0	771	魔法学園の生徒	1	1	0	0
08	1	1	772	特別指定害獣	4	3	1	0
08	1	2	772	生徒No.772	1	1	0	0
08	1	0	772	特別指定害獣	4	3	1	0
08	1	3	772	特別指定害獣	4	3	1	1
08	1	11	772	特別指定害獣	4	3	1	0
08	1	12	772	生徒No.772	1	1	0	0
08	1	2	773	生徒No.773	1	1	0	0
08	1	12	773	生徒No.773	1	1	0	0
08	1	2	775	生徒No.775	1	1	0	0
08	1	12	775	生徒No.775	1	1	0	0
08	1	11	777	魔法学園の生徒	1	1	0	0
08	1	1	780	魔法学園の生徒	1	1	0	0
08	1	0	780	魔法学園の生徒	1	1	0	0
08	1	10	780	第18パーティ	18	15	3	0
08	1	11	780	魔法学園の生徒	1	1	0	0
08	1	0	781	魔法学園の生徒	1	1	0	0
08	1	2	787	生徒No.787	1	1	0	0
08	1	12	787	生徒No.787	1	1	0	0
08	1	2	788	生徒No.788	1	1	0	0
08	1	12	788	生徒No.788	1	1	0	0
08	1	2	790	生徒No.790	1	1	0	0
08	1	12	790	生徒No.790	1	1	0	0
08	1	0	791	魔法学園の生徒	1	1	0	0
08	1	3	791	魔法学園の生徒	1	1	0	2
08	1	1	792	魔法学園の生徒	1	1	0	0
08	1	0	792	魔法学園の生徒	1	1	0	0
08	1	11	792	魔法学園の生徒	1	1	0	0
08	1	1	801	魔法学園の生徒	2	2	0	0
08	1	2	801	生徒No.801	1	1	0	0
08	1	0	801	魔法学園の生徒	2	2	0	0
08	1	3	801	魔法学園の生徒	2	2	0	3
08	1	11	801	魔法学園の生徒	2	2	0	0
08	1	12	801	生徒No.801	1	1	0	0
08	1	13	801	魔法学園の生徒	2	2	0	3
08	1	1	802	魔法学園の生徒	1	1	0	0
08	1	2	802	生徒No.802	1	1	0	0
08	1	0	802	魔法学園の生徒	1	1	0	0
08	1	3	802	魔法学園の生徒	1	1	0	2
08	1	11	802	魔法学園の生徒	1	1	0	0
08	1	12	802	生徒No.802	1	1	0	0
08	1	1	803	魔法学園の生徒	2	2	0	0
08	1	0	803	魔法学園の生徒	2	2	0	0
08	1	11	803	魔法学園の生徒	2	2	0	0
08	1	2	804	生徒No.804	1	1	0	0
08	1	12	804	生徒No.804	1	1	0	0
08	1	1	808	絶対に潰す！	1	1	0	0
08	1	2	808	生徒No.808	1	1	0	0
08	1	0	808	絶対に潰す！	1	1	0	0
08	1	3	808	絶対に潰す！	1	1	0	1
08	1	11	808	絶対に潰す！	1	1	0	0
08	1	12	808	生徒No.808	1	1	0	0
08	1	13	808	絶対に潰す！	1	1	0	1
08	1	1	815	魔法学園の生徒	1	1	0	0
08	1	0	815	魔法学園の生徒	1	1	0	0
08	1	11	815	魔法学園の生徒	1	1	0	0
08	1	2	817	生徒No.817	1	1	0	0
08	1	12	817	生徒No.817	1	1	0	0
08	1	1	819	魔法学園の生徒	1	1	0	0
08	1	2	819	生徒No.819	1	1	0	0
08	1	0	819	魔法学園の生徒	1	1	0	0
08	1	11	819	魔法学園の生徒	1	1	0	0
08	1	12	819	生徒No.819	1	1	0	0
08	1	1	821	魔法学園の生徒	1	1	0	0
08	1	2	821	生徒No.821	1	1	0	0
08	1	0	821	魔法学園の生徒	1	1	0	0
08	1	11	821	魔法学園の生徒	1	1	0	0
08	1	12	821	生徒No.821	1	1	0	0
08	1	11	823	魔法学園の生徒	1	1	0	0
08	1	1	827	魔法学園の生徒	1	1	0	0
08	1	0	827	魔法学園の生徒	1	1	0	0
08	1	2	838	生徒No.838	1	1	0	0
08	1	0	838	《白鯨》 	2	2	0	0
08	1	12	838	生徒No.838	1	1	0	0
08	1	2	839	生徒No.839	1	1	0	0
08	1	12	839	生徒No.839	1	1	0	0
08	1	0	840	魔法学園の生徒	3	3	0	0
08	1	1	841	魔法学園の生徒	1	1	0	0
08	1	2	841	生徒No.841	1	1	0	0
08	1	0	841	魔法学園の生徒	1	1	0	0
08	1	2	843	生徒No.843	1	1	0	0
08	1	12	843	生徒No.843	1	1	0	0
08	1	2	844	生徒No.844	1	1	0	0
08	1	12	844	生徒No.844	1	1	0	0
08	1	2	845	生徒No.845	1	1	0	0
08	1	0	845	雛の詠む剣	3	3	0	0
08	1	3	845	雛の詠む剣	3	3	0	3
08	1	10	845	第5パーティ	18	15	3	0
08	1	12	845	生徒No.845	1	1	0	0
08	1	13	845	雛の詠む剣	3	3	0	3
08	1	1	846	雛の詠む剣	3	2	1	0
08	1	2	846	生徒No.846	1	1	0	0
08	1	11	846	雛の詠む剣	3	2	1	0
08	1	12	846	生徒No.846	1	1	0	0
08	1	2	847	生徒No.847	1	1	0	0
08	1	12	847	生徒No.847	1	1	0	0
08	1	2	849	生徒No.849	1	1	0	0
08	1	12	849	生徒No.849	1	1	0	0
08	1	2	862	生徒No.862	1	1	0	0
08	1	1	863	魔法学園の生徒	1	1	0	0
08	1	0	863	魔法学園の生徒	1	1	0	0
08	1	1	867	上弦と下弦	2	2	0	0
08	1	0	867	上弦と下弦	2	2	0	0
08	1	2	868	生徒No.868	1	1	0	0
08	1	12	868	生徒No.868	1	1	0	0
08	1	0	869	魔法学園の生徒	1	1	0	0
08	1	12	870	生徒No.870	1	1	0	0
08	1	0	874	魔法学園の生徒	3	3	0	0
08	1	1	891	魔法学園の生徒	1	1	0	0
08	1	2	891	生徒No.891	1	1	0	0
08	1	0	891	魔法学園の生徒	1	1	0	0
08	1	3	891	魔法学園の生徒	8	8	0	0
08	1	11	891	魔法学園の生徒	1	1	0	0
08	1	12	891	生徒No.891	1	1	0	0
08	1	13	891	魔法学園の生徒	1	1	0	2
08	1	11	894	神魔学会	4	3	1	0
08	1	1	897	湖畔の両翼	2	1	1	0
08	1	0	897	湖畔の両翼	2	1	1	0
08	1	3	900	ひかげもの	8	8	0	0
08	1	0	901	神魔学会	4	1	3	0
08	1	2	913	生徒No.913	1	1	0	0
08	1	3	913	学園機動留年部隊　通称『地獄の壁』	4	1	3	2
08	1	12	913	生徒No.913	1	1	0	0
08	1	13	913	学園機動留年部隊　通称『地獄の壁』	4	1	3	2
08	1	1	916	箱庭の世界	2	2	0	0
08	1	0	916	箱庭の世界	2	2	0	0
08	1	11	916	箱庭の世界	2	2	0	0
08	1	2	919	生徒No.919	1	1	0	0
08	1	0	919	魔法学園の生徒	4	3	1	0
08	1	3	919	魔法学園の生徒	4	3	1	2
08	1	13	919	魔法学園の生徒	4	3	1	2
08	1	2	920	生徒No.920	1	1	0	0
08	1	2	921	生徒No.921	1	1	0	0
08	1	12	921	生徒No.921	1	1	0	0
08	1	2	922	生徒No.922	1	1	0	0
08	1	1	924	魔法学園の生徒	1	1	0	0
08	1	2	924	生徒No.924	1	1	0	0
08	1	0	924	魔法学園の生徒	1	1	0	0
08	1	11	924	魔法学園の生徒	1	1	0	0
08	1	12	924	生徒No.924	1	1	0	0
08	1	2	927	生徒No.927	1	1	0	0
08	1	2	929	生徒No.929	1	1	0	0
08	1	12	929	生徒No.929	1	1	0	0
08	1	1	942	魔法学園の生徒	1	1	0	0
08	1	0	942	魔法学園の生徒	1	1	0	0
08	1	11	942	魔法学園の生徒	1	1	0	0
08	1	1	943	学園冒険隊	1	1	0	0
08	1	2	943	生徒No.943	1	1	0	0
08	1	0	943	学園冒険隊	1	1	0	0
08	1	3	943	学園冒険隊	1	1	0	2
08	1	11	943	学園冒険隊	1	1	0	0
08	1	12	943	生徒No.943	1	1	0	0
08	1	13	943	学園冒険隊	1	1	0	2
08	1	0	944	魔法学園の生徒	1	1	0	0
08	1	10	944	第17パーティ	16	15	1	0
08	1	1	957	ツヴァイドラッヘ	2	1	1	0
08	1	2	957	生徒No.957	1	1	0	0
08	1	11	958	魔法学園の生徒	1	1	0	0
08	1	12	958	生徒No.958	1	1	0	0
08	1	0	959	魔法学園の生徒	1	1	0	0
08	1	10	959	第24パーティ	18	15	3	0
08	1	11	960	魔法学園の生徒	1	1	0	0
08	1	1	961	探偵社出張組	2	1	1	0
08	1	0	961	探偵社出張組	2	1	1	0
08	1	2	962	生徒No.962	1	1	0	0
08	1	12	962	生徒No.962	1	1	0	0
08	1	1	968	魔法学園の生徒	2	1	1	0
08	1	0	968	魔法学園の生徒	2	1	1	0
08	1	0	970	魔法学園の生徒	1	1	0	0
08	1	1	980	映像研究会	1	1	0	0
08	1	2	980	生徒No.980	1	1	0	0
08	1	0	980	映像研究会	1	1	0	0
08	1	3	980	映像研究会	1	1	0	3
08	1	11	980	映像研究会	1	1	0	0
08	1	12	980	生徒No.980	1	1	0	0
08	1	13	980	映像研究会	1	1	0	3
08	1	1	983	魔法学園の生徒	2	1	1	0
08	1	0	983	魔法学園の生徒	2	1	1	0
08	1	11	983	魔法学園の生徒	2	1	1	0
08	1	2	984	生徒No.984	1	1	0	0
08	1	0	984	目算	1	1	0	0
08	1	12	984	生徒No.984	1	1	0	0
08	1	0	986	魔法学園の生徒	1	1	0	0
08	1	3	986	魔法学園の生徒	1	1	0	3
08	1	13	986	魔法学園の生徒	1	1	0	3
08	1	1	987	魔法学園の生徒	2	2	0	0
08	1	2	987	生徒No.987	1	1	0	0
08	1	0	987	魔法学園の生徒	2	2	0	0
08	1	11	987	魔法学園の生徒	2	2	0	0
08	1	12	987	生徒No.987	1	1	0	0
08	1	13	987	魔法学園の生徒	2	2	0	1
08	1	2	988	生徒No.988	1	1	0	0
08	1	12	988	生徒No.988	1	1	0	0
08	1	1	991	わるいこどこだ	1	1	0	0
08	1	2	991	生徒No.991	1	1	0	0
08	1	0	991	わるいこどこだ	1	1	0	0
08	1	3	991	わるいこどこだ	1	1	0	2
08	1	11	991	わるいこどこだ	1	1	0	0
08	1	12	991	生徒No.991	1	1	0	0
08	1	13	991	わるいこどこだ	1	1	0	2
08	1	0	1004	孤高の吸血姫	1	1	0	0
08	1	13	1004	孤高の吸血姫	1	1	0	1
08	1	1	1005	魔法学園の生徒	1	1	0	0
08	1	2	1005	生徒No.1005	1	1	0	0
08	1	0	1005	魔法学園の生徒	1	1	0	0
08	1	3	1005	魔法学園の生徒	1	1	0	2
08	1	13	1005	魔法学園の生徒	1	1	0	2
08	1	2	1008	生徒No.1008	1	1	0	0
08	1	12	1008	生徒No.1008	1	1	0	0
08	1	2	1013	生徒No.1013	1	1	0	0
08	1	0	1013	魔法学園の生徒	1	1	0	0
08	1	3	1013	魔法学園の生徒	1	1	0	1
08	1	13	1013	魔法学園の生徒	1	1	0	1
08	1	2	1014	生徒No.1014	1	1	0	0
08	1	12	1014	生徒No.1014	1	1	0	0
08	1	1	1015	魔法学園の生徒	1	1	0	0
08	1	2	1015	生徒No.1015	1	1	0	0
08	1	0	1015	魔法学園の生徒	1	1	0	0
08	1	3	1015	魔法学園の生徒	1	1	0	2
08	1	11	1015	魔法学園の生徒	1	1	0	0
08	1	12	1015	生徒No.1015	1	1	0	0
08	1	13	1015	魔法学園の生徒	1	1	0	2
08	1	0	1016	魔法学園の生徒	1	1	0	0
08	1	3	1016	魔法学園の生徒	1	1	0	1
08	1	13	1016	魔法学園の生徒	1	1	0	1
08	1	1	1021	†外なる剣†	3	3	0	0
08	1	2	1021	生徒No.1021	1	1	0	0
08	1	0	1021	†外なる剣†	3	3	0	0
08	1	11	1021	†外なる剣†	3	3	0	0
08	1	12	1021	生徒No.1021	1	1	0	0
08	1	2	1024	生徒No.1024	1	1	0	0
08	1	3	1024	†外なる剣†	3	1	2	2
08	1	12	1024	生徒No.1024	1	1	0	0
08	1	13	1024	†外なる剣†	3	1	2	2
08	1	2	1033	生徒No.1033	1	1	0	0
08	1	12	1033	生徒No.1033	1	1	0	0
08	1	1	1036	魔法学園の生徒	1	1	0	0
08	1	2	1036	生徒No.1036	1	1	0	0
08	1	0	1036	魔法学園の生徒	1	1	0	0
08	1	1	1045	魔法学園の生徒	1	1	0	0
08	1	0	1045	魔法学園の生徒	1	1	0	0
08	1	11	1045	魔法学園の生徒	1	1	0	0
08	1	1	1053	魔法学園の生徒	2	1	1	0
08	1	2	1053	生徒No.1053	1	1	0	0
08	1	0	1053	魔法学園の生徒	2	1	1	0
08	1	13	1053	魔法学園の生徒	2	1	1	1
08	1	0	1055	魔法学園の生徒	1	1	0	0
08	1	3	1055	魔法学園の生徒	1	1	0	1
08	1	1	1056	魔法学園の生徒	1	1	0	0
08	1	2	1056	生徒No.1056	1	1	0	0
08	1	0	1056	魔法学園の生徒	1	1	0	0
08	1	12	1056	生徒No.1056	1	1	0	0
08	1	0	1066	魔法学園の生徒	1	1	0	0
08	1	0	1067	魔法学園の生徒	1	1	0	0
08	1	0	1068	魔法学園の生徒	1	1	0	0
08	1	10	1068	第16パーティ	18	15	3	0
08	1	0	1069	魔法学園の生徒	1	1	0	0
08	1	0	1070	魔法学園の生徒	1	1	0	0
