result_no	generate_no	p_no	equip_no	name	range	strength_1	strength_2	note	
05	3	1	0	おとぎ話の本	3	157	66	
05	3	1	1	おとぎ話のローブ	-1	52	60	
05	3	1	2	おとぎ話の帽子	-1	798	40	
05	3	4	0	錆びたスコップ*	1	266	55	
05	3	4	1	軽軍装	-1	30	101	
05	3	4	2	シュタール魔帽	-1	665	55	
05	3	5	0	遺刀*	1	200	72	
05	3	5	1	コート	-1	50	72	
05	3	5	2	指輪	-1	500	72	
05	3	6	0	Amphitrite	3	227	50	
05	3	6	1	Erosion Protect	-1	72	50	
05	3	6	2	Witch's Pointed Hat	-1	500	72	
05	3	7	0	リンチピン*	1	242	60	
05	3	7	1	私服	-1	40	86	
05	3	7	2	魔導煙草	-1	600	57	
05	3	8	0	ケツァルロッド	3	157	72	
05	3	8	1	スネークジャケット	-1	30	101	
05	3	8	2	蛇神の装飾	-1	877	40	
05	3	9	0	想鍵アウリカルクム	1	220	66	
05	3	9	1	エルフのローブ	-1	50	72	
05	3	9	2	蒼の宝石	-1	605	60	
05	3	10	0	ロゴス	1	266	55	
05	3	10	1	ルテラスケープ	-1	72	50	
05	3	10	2	払暁の書	-1	500	72	
05	3	11	0	泥の渦	1	266	50	
05	3	11	1	泥の盾	-1	66	50	
05	3	11	2	泥の紋	-1	931	30	
05	3	12	0	黒泥のタクト*	1	292	50	
05	3	12	1	改造制服	-1	30	101	
05	3	12	2	ペンダント	-1	1024	30	
05	3	13	0	蛍石	1	292	50	
05	3	13	1	実家の服	-1	39	77	
05	3	13	2	黒い靴	-1	847	36	
05	3	14	0	二色点灯式の杖*	2	170	50	
05	3	14	1	黒いワンピース	-1	30	70	
05	3	14	2	貰い物の帽子	-1	500	55	
05	3	15	0	ミョルニール＆ウコンバサラVer.2*	2	247	50	
05	3	15	1	軽量化改造制服	-1	55	66	
05	3	15	2	迸る雷霆ブローチ	-1	500	72	
05	3	16	0	ロイヤルレイピア*	1	292	50	
05	3	16	1	愛用のブラウス	-1	39	77	
05	3	16	2	おしゃれなマント	-1	700	42	
05	3	17	0	ワンド	1	200	50	
05	3	17	1	シールド	-1	50	50	
05	3	17	2	機械時計の小鏡	-1	500	50	
05	3	18	0	いい感じの棒	1	292	50	
05	3	18	1	学校指定のマント	-1	30	101	
05	3	18	2	絆創膏	-1	770	39	
05	3	19	0	テュエステス-序	3	157	72	
05	3	19	1	血に濡れしイージス-眠	-1	55	66	
05	3	19	2	隠されたエオロー-灰	-1	1024	30	
05	3	20	0	歩まずの杖	2	205	60	
05	3	20	1	ローブ	-1	53	66	
05	3	20	2	帽子	-1	550	63	
05	3	21	0	ルルブ	1	200	50	
05	3	21	1	ローブ	-1	30	70	
05	3	21	2	ダイス	-1	500	50	
05	3	22	0	お土産のタクト	3	227	50	
05	3	22	1	指定のローブ	-1	40	86	
05	3	22	2	指定のネクタイ	-1	550	63	
05	3	23	0	ルルイエ異本	1	292	50	
05	3	23	1	改造制服	-1	63	55	
05	3	23	2	エルダーサイン	-1	550	63	
05	3	24	0	素手*	1	200	50	
05	3	24	1	着の身着のまま	-1	50	50	
05	3	24	2	レインボーなモザイク	-1	500	50	
05	3	25	0	かたいくてとがってるやつ	1	220	60	
05	3	25	1	かたくなるやつ	-1	66	50	
05	3	25	2	かたくてかたいやつ	-1	931	30	
05	3	26	0	初期	1	292	50	
05	3	26	1	なにこれ	-1	42	70	
05	3	26	2	なに？	-1	700	42	
05	3	27	0	樫の木槌	1	292	50	
05	3	27	1	学園の制服	-1	44	79	
05	3	27	2	愛用の眼鏡	-1	877	40	
05	3	28	0	ブレード・オブ・エンディング	1	292	50	
05	3	28	1	ヴォイドクローク	-1	30	101	
05	3	28	2	ネビュラコア	-1	500	72	
05	3	29	0	木の枝	1	200	50	
05	3	29	1	せいふくケープ	-1	50	50	
05	3	29	2	おっきなリュック	-1	500	50	
05	3	30	0	魔法のグローブ	1	200	72	
05	3	30	1	ローブ	-1	30	101	
05	3	30	2	魔力の籠ったペンダント	-1	1024	30	
05	3	31	0	カブトムシ	3	189	55	
05	3	31	1	アメスク	-1	49	66	
05	3	31	2	あほげ	-1	550	60	
05	3	32	0	斧術	1	266	50	
05	3	32	1	蒼のロープ	-1	66	50	
05	3	32	2	飾り文字	-1	665	50	
05	3	33	0	ゴーレムパンチ*	1	292	50	
05	3	33	1	装甲＋１	-1	72	50	
05	3	33	2	古い盾	-1	1024	30	
05	3	34	0	AN-1 ベズレフ+1	3	172	55	
05	3	34	1	UBN-2 ハイスト	-1	40	60	
05	3	34	2	Type-3 オリガミ	-1	600	40	
05	3	35	0	金の指輪	2	247	50	
05	3	35	1	赤いマント	-1	30	101	
05	3	35	2	ルーンクリップ	-1	500	72	
05	3	36	0	召喚用ノート	1	220	66	
05	3	36	1	愛すべき召喚獣	-1	55	66	
05	3	36	2	契約の指輪	-1	665	55	
05	3	37	0	召喚用ノート	1	200	50	
05	3	37	1	愛すべき召喚獣	-1	50	50	
05	3	37	2	契約の指輪	-1	500	50	
05	3	38	0	正義の剣*	1	266	55	
05	3	38	1	勇気	-1	35	93	
05	3	38	2	赤いスカーフ	-1	726	48	
05	3	39	0	裁縫針	1	242	60	
05	3	39	1	魔導パーカー	-1	30	101	
05	3	39	2	ヘアピン	-1	600	57	
05	3	40	0	Gパンチ	1	292	50	
05	3	40	1	Gボディ	-1	30	101	
05	3	40	2	Gサーチ	-1	726	48	
05	3	41	0	ヘシュトの長剣*	2	247	50	
05	3	41	1	旅装束	-1	30	101	
05	3	41	2	蔦の鎖	-1	600	57	
05	3	42	0	本の角	1	292	50	
05	3	42	1	黒色のローブ	-1	60	60	
05	3	42	2	八卦結	-1	660	52	
05	3	43	0	暴虐なる性	1	200	50	
05	3	43	1	夢微睡む理想	-1	50	50	
05	3	43	2	渇望する彼方	-1	500	50	
05	3	44	0	虚錫『胡蝶の夢』	3	227	50	
05	3	44	1	幻想の羽織	-1	57	60	
05	3	44	2	人魚のネックレス	-1	726	48	
05	3	45	0	機装天鎧『ヘレス』*	1	292	50	
05	3	45	1	みずぎ	-1	35	93	
05	3	45	2	シャムロック・ハート	-1	605	60	
05	3	46	0	クリスタルロッド	1	242	60	
05	3	46	1	ジンドの盾	-1	55	66	
05	3	46	2	魔法のリボン	-1	500	72	
05	3	47	0	水風の杖*	2	205	60	
05	3	47	1	まさかの女子制服	-1	48	72	
05	3	47	2	ロケットペンダント	-1	500	72	
05	3	48	0	ディープシィ・ガランドゥ*	1	266	55	
05	3	48	1	制服	-1	66	55	
05	3	48	2	青い指輪	-1	665	55	
05	3	49	0	薄刃陽炎*	1	292	50	
05	3	49	1	軽量化制服	-1	35	93	
05	3	49	2	瓶詰めの世界	-1	731	50	
05	3	50	0	サイデン*	1	200	72	
05	3	50	1	電電太鼓	-1	72	50	
05	3	50	2	エレキテル	-1	731	50	
05	3	51	0	ゲンコツ*	1	242	50	
05	3	51	1	酒場のエプロン	-1	49	60	
05	3	51	2	安物のピアス	-1	650	41	
05	3	52	0	魔法剣*	1	200	72	
05	3	52	1	鎧	-1	72	50	
05	3	52	2	お守り	-1	1024	30	
05	3	53	0	アルフェンリート	4	218	50	
05	3	53	1	イルミナート	-1	53	66	
05	3	53	2	ラストリア	-1	650	49	
05	3	54	0	学園支給の杖	3	207	55	
05	3	54	1	学園支給のローブ	-1	72	50	
05	3	54	2	ルビーのブローチ	-1	847	36	
05	3	55	0	執行鈍斧*	3	172	50	
05	3	55	1	結界装束	-1	55	50	
05	3	55	2	百鬼夜行	-1	770	30	
05	3	56	0	光輝の書:ReⅡ*	1	200	50	
05	3	56	1	改造制……服……？	-1	50	50	
05	3	56	2	父より賜りしブローチ	-1	500	50	
05	3	57	0	短い杖	1	266	55	
05	3	57	1	女子用制服	-1	35	93	
05	3	57	2	ビーズのブレスレット	-1	550	63	
05	3	58	0	肉体	1	292	50	
05	3	58	1	肉体	-1	30	101	
05	3	58	2	肉体	-1	1024	30	
05	3	59	0	灯火の鍵杖	4	199	50	
05	3	59	1	臙脂の制服	-1	30	70	
05	3	59	2	火蛋石の護り	-1	500	66	
05	3	60	0	淡水真珠の魔法杖*	1	242	60	
05	3	60	1	丈の長い制服	-1	30	101	
05	3	60	2	虹鉱石の首飾り	-1	798	44	
05	3	61	0	支給された杖	5	158	66	
05	3	61	1	学校のローブ	-1	30	101	
05	3	61	2	虹鉱石の首飾り	-1	770	39	
05	3	62	0	深紅の魔眼	3	157	50	
05	3	62	1	宵闇の衣装	-1	40	60	
05	3	62	2	黄昏の結晶	-1	600	40	
05	3	63	0	イマジナリ・クラッカー	1	292	50	
05	3	63	1	ノイズカーテン	-1	30	101	
05	3	63	2	ブルーローズ	-1	500	72	
05	3	64	0	グリモア	1	200	72	
05	3	64	1	魔法使いっぽい服	-1	72	50	
05	3	64	2	そこらで買った首飾り	-1	700	42	
05	3	65	0	スフィンクスの杖	5	158	50	
05	3	65	1	トカゲのしっぽ	-1	33	70	
05	3	65	2	びっくりエフェクト(積載)	-1	770	30	
05	3	66	0	使い込まれた猟銃	1	200	72	
05	3	66	1	指定のローブ	-1	57	60	
05	3	66	2	黒縁メガネ	-1	660	52	
05	3	67	0	黒壇の小杖	1	220	66	
05	3	67	1	学園制服	-1	40	86	
05	3	67	2	黒外套	-1	877	40	
05	3	68	0	操り糸	2	170	50	
05	3	68	1	羊毛ボディ	-1	30	70	
05	3	68	2	刺繍糸	-1	500	50	
05	3	69	0	ワンド	1	200	50	
05	3	69	1	制服	-1	50	50	
05	3	69	2	リボン	-1	500	50	
05	3	70	0	ヘアアイロンの杖	1	200	50	
05	3	70	1	激ヤバの服	-1	50	50	
05	3	70	2	巻き髪	-1	500	50	
05	3	71	0	思い込み	3	157	50	
05	3	71	1	法衣風衣装	-1	40	60	
05	3	71	2	ヘアアクセ	-1	500	50	
05	3	72	0	旋空	2	247	50	
05	3	72	1	加護	-1	30	101	
05	3	72	2	希望	-1	600	57	
05	3	73	0	サンダーソード*	3	157	50	
05	3	73	1	鎧	-1	50	50	
05	3	73	2	手甲	-1	700	30	
05	3	74	0	オークスタッフ	5	144	50	
05	3	74	1	学園の制服	-1	30	70	
05	3	74	2	魔封じの眼鏡	-1	500	50	
05	3	76	0	『持たざる者』	3	189	50	
05	3	76	1	星空色のケープ	-1	40	72	
05	3	76	2	紫のループタイ	-1	500	60	
05	3	77	0	無手にて真剣*	2	225	50	
05	3	77	1	風を友とせし	-1	50	66	
05	3	77	2	背負うは歴史	-1	605	53	
05	3	78	0	うさぎガイドブック	3	157	72	
05	3	78	1	にんじんガード	-1	30	101	
05	3	78	2	お守り	-1	650	49	
05	3	80	0	魔法辞典『ライブラ』	1	220	50	
05	3	80	1	ぶかぶかローブ	-1	50	55	
05	3	80	2	若葉の下縁眼鏡	-1	500	55	
05	3	81	0	銅の剣	1	266	55	
05	3	81	1	木の防具	-1	72	50	
05	3	81	2	風船	-1	550	66	
05	3	82	0	気合い*	1	200	50	
05	3	82	1	頑張り	-1	50	50	
05	3	82	2	神頼み	-1	500	50	
05	3	83	0	触腕	1	220	55	
05	3	83	1	触手	-1	60	50	
05	3	83	2	艶々な触手	-1	550	55	
05	3	84	0	氷雨の杖	2	247	50	
05	3	84	1	純水のドレス	-1	72	50	
05	3	84	2	とんがり帽子	-1	500	72	
05	3	85	0	白羽刃	4	150	50	
05	3	85	1	魔紋入りガーターベルト	-1	30	70	
05	3	85	2	リボン	-1	550	45	
05	3	86	0	カンテラ飾りの筆帚	3	157	50	
05	3	86	1	学園のローブ	-1	45	55	
05	3	86	2	画家の帽子	-1	500	50	
05	3	87	0	紅煌花の枝の杖	2	170	50	
05	3	87	1	翠雫の護石	-1	40	60	
05	3	87	2	虹染種のブレスレット	-1	550	45	
05	3	88	0	ブラッドローズ	1	200	50	
05	3	88	1	レイドジャケット	-1	30	70	
05	3	88	2	シルヴァ・アクセサリ	-1	700	30	
05	3	89	0	魔力*	1	200	50	
05	3	89	1	魔力	-1	50	50	
05	3	89	2	魔力	-1	500	50	
05	3	90	0	白羽刃	4	150	50	
05	3	90	1	魔紋入りガーターベルト	-1	30	70	
05	3	90	2	リボン	-1	550	45	
05	3	91	0	スイッチステーション	3	227	50	
05	3	91	1	カラフルグリーンな制服	-1	57	60	
05	3	91	2	かわいいうさみみヘッドホン	-1	600	57	
05	3	92	0	両儀・日輪	1	266	50	
05	3	92	1	守護衣・北星	-1	36	77	
05	3	92	2	胡蝶夢・連花	-1	500	66	
05	3	93	0	杖	1	220	50	
05	3	93	1	ローブ	-1	50	50	
05	3	93	2	ピアス	-1	600	40	
05	3	94	0	ブラスグローブ*	1	292	50	
05	3	94	1	魔法学園制服（フィリエ仕様）	-1	30	101	
05	3	94	2	赤色のリボン	-1	605	60	
05	3	95	0	catastrophy	5	144	50	
05	3	95	1	enigma	-1	30	70	
05	3	95	2	scapegoat	-1	700	30	
05	3	96	0	滴る音の鈴	1	200	50	
05	3	96	1	修道女の服	-1	50	50	
05	3	96	2	刺胞動物の十字架	-1	500	50	
05	3	97	0	リトルリーパー*	1	292	50	
05	3	97	1	術師の外套	-1	57	60	
05	3	97	2	髑髏のチャーム	-1	877	40	
05	3	98	0	クリスタル・ワンド	2	170	50	
05	3	98	1	ライトミスリル・ローブ	-1	35	65	
05	3	98	2	シルバーキャットピアス	-1	550	45	
05	3	99	0	ストリボーグの紋章	5	190	50	
05	3	99	1	赤色のセーラー	-1	35	85	
05	3	99	2	形見のステラブローチ	-1	500	66	
05	3	100	0	魔導扇	5	158	50	
05	3	100	1	制服	-1	30	77	
05	3	100	2	貴婦人の仮面	-1	700	33	
05	3	101	0	まほうのつえ	3	157	60	
05	3	101	1	がくせいふく	-1	30	84	
05	3	101	2	かわいいりぼん	-1	600	48	
05	3	102	0	攻性魔法陣	1	200	50	
05	3	102	1	防性魔法陣	-1	30	70	
05	3	102	2	一番星	-1	500	50	
05	3	103	0	蒼樹の杖+1	2	247	50	
05	3	103	1	薄手のローブ+1	-1	57	60	
05	3	103	2	珊瑚の耳飾り+1	-1	660	52	
05	3	104	0	魔法銀の蹄鉄	3	189	60	
05	3	104	1	魔法の鞍	-1	33	92	
05	3	104	2	赤のゼッケン	-1	770	39	
05	3	105	0	ワンド	1	200	72	
05	3	105	1	魔法学園制服	-1	72	50	
05	3	105	2	ブローチ	-1	500	72	
05	3	106	0	攻性魔法陣	1	200	72	
05	3	106	1	防性魔法陣	-1	30	101	
05	3	106	2	一番星	-1	500	72	
05	3	107	0	竜の爪	2	170	50	
05	3	107	1	竜の鱗	-1	50	50	
05	3	107	2	竜の角	-1	700	30	
05	3	108	0	神官見習いの杖	5	144	72	
05	3	108	1	海色のローブ	-1	45	79	
05	3	108	2	紅の宝石	-1	600	57	
05	3	109	0	マイスナー	1	292	50	
05	3	109	1	ケラチノ	-1	30	101	
05	3	109	2	エクリン	-1	660	52	
05	3	110	0	愛用のレイピア*	1	266	50	
05	3	110	1	着慣れた服	-1	33	84	
05	3	110	2	マント	-1	665	50	
05	3	111	0	星の水晶*	2	247	50	
05	3	111	1	星のローブ	-1	55	66	
05	3	111	2	お手製のブローチ	-1	650	49	
05	3	112	0	繰り髪術	5	144	50	
05	3	112	1	毒喰い林檎のドレス：軽装	-1	30	70	
05	3	112	2	藍鼠眼のチョーカー	-1	700	30	
05	3	113	0	深紅の魔眼	3	157	50	
05	3	113	1	宵闇の衣装	-1	40	60	
05	3	113	2	黄昏の結晶	-1	600	40	
05	3	114	0	秘伝の魔術書	2	247	50	
05	3	114	1	マント	-1	53	66	
05	3	114	2	ブローチ	-1	660	52	
05	3	115	0	簡素なナックル*	1	292	50	
05	3	115	1	学園制服	-1	30	101	
05	3	115	2	スポーツタオル	-1	1024	30	
05	3	116	0	華奢なレイピア*	1	200	50	
05	3	116	1	細身のハーネスベルト	-1	30	70	
05	3	116	2	風のブローチ	-1	500	50	
05	3	118	0	マジカルグレーター*	1	200	50	
05	3	118	1	防腐キット	-1	30	70	
05	3	118	2	いろいろ処理用道具	-1	600	40	
05	3	119	0	白銀のホイッスル	1	266	50	
05	3	119	1	制服風車掌服	-1	30	92	
05	3	119	2	ヒールブーツ	-1	550	58	
05	3	120	0	手	3	207	55	
05	3	120	1	ハードカバー	-1	40	86	
05	3	120	2	目	-1	550	63	
05	3	121	0	アイドグレース	3	157	66	
05	3	121	1	灰のローブ	-1	55	60	
05	3	121	2	金縁眼鏡	-1	600	52	
05	3	122	0	魔導ヨーヨー*	3	157	50	
05	3	122	1	指定された制服	-1	50	50	
05	3	122	2	猫らしさ	-1	500	50	
05	3	123	0	魂紐の剣*	1	200	50	
05	3	123	1	ブラックコート	-1	50	50	
05	3	123	2	銀指輪	-1	550	45	
05	3	124	0	蛇の宝玉	3	172	60	
05	3	124	1	身隠しのローブ	-1	35	85	
05	3	124	2	蝶の髪飾り	-1	550	58	
05	3	125	0	のこぎりステッキ*	3	157	72	
05	3	125	1	布袋	-1	72	50	
05	3	125	2	お花	-1	600	57	
05	3	126	0	シュリュッセル	3	157	50	
05	3	126	1	厄除けのまじない	-1	50	50	
05	3	126	2	緑玉の結び目	-1	600	40	
05	3	127	0	魔法の小枝	3	172	66	
05	3	127	1	学生ローブ	-1	55	66	
05	3	127	2	青いリボン	-1	605	58	
05	3	128	0	天色の羽ペン	3	157	72	
05	3	128	1	改造済みの制服	-1	30	101	
05	3	128	2	夕闇のピアス	-1	600	57	
05	3	129	0	パパ譲りの魔力量	3	157	50	
05	3	129	1	ママ由来の魅力	-1	40	60	
05	3	129	2	百合の指輪	-1	600	40	
05	3	130	0	触手の刃	1	266	50	
05	3	130	1	触手の守護	-1	30	92	
05	3	130	2	触手の華麗	-1	931	30	
05	3	131	0	魔法の試験管*	3	157	50	
05	3	131	1	白衣	-1	50	50	
05	3	131	2	びんぞこメガネ	-1	550	45	
05	3	132	0	くろひょうのかんろく	5	144	60	
05	3	132	1	つややかなけなみ	-1	30	84	
05	3	132	2	きまぐれなこころ	-1	700	36	
05	3	133	0	キャンディケイン	2	247	50	
05	3	133	1	厚手のケープ	-1	44	60	
05	3	133	2	古びた御守り	-1	600	44	
05	3	134	0	無銘の大太刀*	2	247	50	
05	3	134	1	浅葱染のコート	-1	35	93	
05	3	134	2	青フレームの眼鏡	-1	550	63	
05	3	135	0	フロス・グリモ	5	190	55	
05	3	135	1	精霊魔気	-1	30	101	
05	3	135	2	半精霊	-1	700	42	
05	3	136	0	不完全なホムンクルス*	3	157	50	
05	3	136	1	悪魔の庇護	-1	50	50	
05	3	136	2	フラスコベビー	-1	600	40	
05	3	137	0	硝子のタクト	3	157	72	
05	3	137	1	黒革のケープ	-1	30	101	
05	3	137	2	月のブローチ	-1	500	72	
05	3	140	0	透明な弦楽器*	1	200	50	
05	3	140	1	透明な激カワコーデ	-1	30	70	
05	3	140	2	人造細胞	-1	600	40	
05	3	141	0	短剣*	1	200	50	
05	3	141	1	シュルカーの加護	-1	50	50	
05	3	141	2	飴色のブローチ	-1	500	50	
05	3	142	0	入門魔法書	3	157	50	
05	3	142	1	惑わしのマント	-1	50	50	
05	3	142	2	地の祝福	-1	700	30	
05	3	143	0	炎のフライパン*	2	170	50	
05	3	143	1	領域・調理場	-1	35	65	
05	3	143	2	ガーネット	-1	500	50	
05	3	144	0	Vigloriosa*	1	266	55	
05	3	144	1	Vanguard	-1	72	50	
05	3	144	2	Pioneer	-1	798	44	
05	3	145	0	xxの鏡*	1	266	50	
05	3	145	1	歪光	-1	30	70	
05	3	145	2	煌光	-1	500	50	
05	3	146	0	ホワイトスタッフ	1	200	50	
05	3	146	1	魔道士のローブ	-1	50	50	
05	3	146	2	三角帽子	-1	500	50	
05	3	147	0	生声拡げし黄金の鈴	3	207	55	
05	3	147	1	がくせーふく！	-1	50	55	
05	3	147	2	愛嬌抜群しっぽリボン	-1	500	72	
05	3	148	0	5つの指輪	3	207	55	
05	3	148	1	サスペンダーウェア	-1	72	50	
05	3	148	2	書きかけの手紙（姉宛）	-1	550	66	
05	3	149	0	透明な弦楽器*	1	266	55	
05	3	149	1	透明な激カワコーデ	-1	30	101	
05	3	149	2	人造細胞	-1	600	57	
05	3	151	0	黄金色の杖	5	144	50	
05	3	151	1	濡羽色の翼	-1	30	70	
05	3	151	2	月桂樹の花	-1	500	50	
05	3	152	0	巨大丸形フラスコ	3	207	50	
05	3	152	1	薬品の付いたフード	-1	40	86	
05	3	152	2	小さめ眼鏡	-1	500	72	
05	3	153	0	Vector[FPBS]*	1	242	60	
05	3	153	1	制服+1	-1	50	72	
05	3	153	2	手榴弾+1	-1	605	60	
05	3	154	0	氷竜の尻尾	1	200	50	
05	3	154	1	氷竜の翼膜	-1	30	70	
05	3	154	2	氷竜の晶角	-1	500	50	
05	3	155	0	撃鉄の杖	5	144	50	
05	3	155	1	紺のジャケット	-1	50	50	
05	3	155	2	紺のハット	-1	500	50	
05	3	156	0	L/オンタノ	4	150	50	
05	3	156	1	D/ユーロ	-1	30	70	
05	3	156	2	F/オルタメント	-1	500	50	
05	3	158	0	黄金色の杖	5	144	50	
05	3	158	1	濡羽色の翼	-1	30	70	
05	3	158	2	月桂樹の花	-1	500	50	
05	3	159	0	えふで	3	189	60	
05	3	159	1	ねこみみローブ	-1	30	101	
05	3	159	2	りぼん	-1	500	72	
05	3	160	0	長い杖	3	157	72	
05	3	160	1	普通の防具	-1	66	55	
05	3	160	2	宝石（0.02カラット）	-1	500	72	
05	3	161	0	test	1	200	50	
05	3	161	1	test	-1	50	50	
05	3	161	2	test	-1	500	50	
05	3	162	0	初心者魔術書	5	144	66	
05	3	162	1	肌触りのいい服	-1	30	92	
05	3	162	2	紅い十字架	-1	700	39	
05	3	163	0	羽ペン	2	205	60	
05	3	163	1	疾走のスクロール	-1	33	92	
05	3	163	2	魔力のスクロール	-1	665	55	
05	3	165	0	セラミック包丁*	3	172	55	
05	3	165	1	矢絣模様の着物	-1	36	70	
05	3	165	2	陶片のお守り	-1	660	44	
05	3	166	0	アルカングローブ*	1	200	50	
05	3	166	1	厚手のコート	-1	50	50	
05	3	166	2	大きな帽子	-1	500	50	
05	3	167	0	コーレオウス*	1	266	55	
05	3	167	1	コーレオウス	-1	72	50	
05	3	167	2	豊穣神の首飾り	-1	847	36	
05	3	169	0	ロジカルタトゥー	3	157	50	
05	3	169	1	魔導フィールド	-1	40	60	
05	3	169	2	大魔道帽子	-1	600	40	
05	3	170	0	『面』フクロウ	2	225	50	
05	3	170	1	羽のマント	-1	30	92	
05	3	170	2	暗視	-1	605	53	
05	3	171	0	リング・オブ・ファイア	3	189	50	
05	3	171	1	ロング・ブラック・ヴェイル	-1	30	84	
05	3	171	2	ハート	-1	600	48	
05	3	172	0	魔導の同調手袋*	1	200	50	
05	3	172	1	魔蚕のシャツ	-1	40	60	
05	3	172	2	ねこみみパーカ	-1	500	50	
05	3	173	0	ナナカマド*	1	266	55	
05	3	173	1	誰かのおもかげ	-1	50	72	
05	3	173	2	無色の焔	-1	500	72	
05	3	174	0	アダマンベルテ*	1	200	50	
05	3	174	1	アルケミーローブ	-1	50	50	
05	3	174	2	ヒビマスアクセ	-1	700	30	
05	3	175	0	A4L1YAI+I	2	170	50	
05	3	175	1	おさがりジャケット	-1	50	50	
05	3	175	2	ぶかぶかブーツ	-1	500	50	
05	3	176	0	フォーシアズの杖	5	209	50	
05	3	176	1	地味めなローブ	-1	33	92	
05	3	176	2	魔力養成バングル	-1	500	72	
05	3	177	0	にくきゅうグローブ*	1	200	50	
05	3	177	1	もふもふパーカー	-1	50	50	
05	3	177	2	おさかなリボン	-1	700	30	
05	3	178	0	不如意棒*	2	247	50	
05	3	178	1	短ローブ	-1	44	79	
05	3	178	2	金のイヤーカフス	-1	665	53	
05	3	179	0	案山子のアッカーマン*	3	157	50	
05	3	179	1	呪精のローブ	-1	50	50	
05	3	179	2	ディープタリスマン	-1	600	40	
05	3	180	0	メリケンサック*	1	292	50	
05	3	180	1	パーカー	-1	57	60	
05	3	180	2	獣牙の指輪	-1	1024	30	
05	3	181	0	ステゴロ	1	292	50	
05	3	181	1	自慢の頑丈ボディ（減量中）	-1	57	60	
05	3	181	2	厄祓の鈴	-1	798	44	
05	3	182	0	クラルティ・ヴェーダ*	2	247	50	
05	3	182	1	ガッコの制服	-1	30	101	
05	3	182	2	お気に入りの髪留め	-1	550	63	
05	3	183	0	地動儀の杖	2	187	55	
05	3	183	1	魔術師のローブ	-1	30	84	
05	3	183	2	金烏の飾り	-1	550	55	
05	3	184	0	ブレードトンファー*	1	200	50	
05	3	184	1	忍び装束	-1	30	70	
05	3	184	2	風神札	-1	500	50	
05	3	185	0	†サファイア・スタッフ†	2	247	50	
05	3	185	1	ローブ	-1	50	72	
05	3	185	2	ポーラー・タイ	-1	500	72	
05	3	187	0	魔本【シャドラ】	3	172	50	
05	3	187	1	黒薔薇のローブ	-1	35	71	
05	3	187	2	ラピスラズリのブローチ	-1	550	49	
05	3	188	0	泡の御心廻り	2	170	50	
05	3	188	1	水恋のドレス	-1	50	50	
05	3	188	2	心貝のネックレス	-1	550	45	
05	3	189	0	リボン付きの杖	3	157	50	
05	3	189	1	学校指定ローブ	-1	35	65	
05	3	189	2	メガネ	-1	500	50	
05	3	190	0	Ethan	2	247	50	
05	3	190	1	Noah	-1	58	60	
05	3	190	2	Tjeodore	-1	600	57	
05	3	191	0	言霊：炸裂	3	189	60	
05	3	191	1	炸良式退魔装甲	-1	72	50	
05	3	191	2	言霊法衣	-1	931	33	
05	3	192	0	大杖*	1	292	50	
05	3	192	1	改造制服	-1	30	101	
05	3	192	2	改造外套	-1	665	55	
05	3	193	0	黒い剣	2	170	50	
05	3	193	1	灰のカッターシャツ	-1	40	60	
05	3	193	2	黒い指輪	-1	600	40	
05	3	194	0	お気に入りの杖	3	207	50	
05	3	194	1	大きいローブ	-1	30	92	
05	3	194	2	魔術師帽	-1	500	66	
05	3	195	0	無明弧月	5	173	60	
05	3	195	1	黄昏逢魔	-1	40	86	
05	3	195	2	冥帳朧月	-1	770	39	
05	3	196	0	大いなる女王のアクアパイプ	3	207	55	
05	3	196	1	神秘主義者のジャケット	-1	42	70	
05	3	196	2	近代魔術・十月号	-1	665	55	
05	3	197	0	手	1	220	50	
05	3	197	1	身体	-1	55	50	
05	3	197	2	足	-1	550	50	
05	3	198	0	サンドイッチピック	2	170	72	
05	3	198	1	ぶかぶかエプロン	-1	48	72	
05	3	198	2	コックスカーフ	-1	877	40	
05	3	199	0	ブランド・O*	1	200	50	
05	3	199	1	学生服	-1	50	50	
05	3	199	2	六芒星のペンダント	-1	500	50	
05	3	200	0	魔導リボルバー*	4	181	60	
05	3	200	1	巻き起こる石礫	-1	66	55	
05	3	200	2	サングラス	-1	798	44	
05	3	201	0	拾ったナイフ*	1	200	72	
05	3	201	1	いつものふく	-1	30	101	
05	3	201	2	きゃっとタグ	-1	500	72	
05	3	202	0	StG44*	2	247	50	
05	3	202	1	軍服にも似た制服	-1	30	101	
05	3	202	2	風紀委員の腕章	-1	877	40	
05	3	203	0	龍霊爪・■■■■■■	1	242	55	
05	3	203	1	いつもの黒衣	-1	33	84	
05	3	203	2	いつものモノクル	-1	550	60	
05	3	204	0	触手くん	3	189	60	
05	3	204	1	触手くんバッグ	-1	72	50	
05	3	204	2	古びた勲章	-1	665	55	
05	3	205	0	カンテラ飾りの筆帚	3	172	50	
05	3	205	1	学園のローブ	-1	49	55	
05	3	205	2	画家の帽子	-1	500	55	
05	3	206	0	ブレードトンファー*	1	200	60	
05	3	206	1	忍び装束	-1	30	84	
05	3	206	2	風神札	-1	500	60	
05	3	207	0	タロットカード[W]	1	242	60	
05	3	207	1	ウィンドケープ	-1	60	60	
05	3	207	2	今日は何も無い	-1	605	60	
05	3	208	0	強化爪*	1	242	55	
05	3	208	1	毛皮コート	-1	52	60	
05	3	208	2	主従の首輪	-1	847	33	
05	3	209	0	シエロ・ルーナ	2	205	50	
05	3	209	1	エンハンブレ	-1	49	60	
05	3	209	2	メテオーロ	-1	550	53	
05	3	210	0	タイラントアクス*	1	292	50	
05	3	210	1	桃薔薇の花飾り	-1	72	50	
05	3	210	2	抑制の首飾り	-1	665	55	
05	3	211	0	骨製紅玉短杖・改二ツ	3	227	50	
05	3	211	1	強化支給服	-1	44	79	
05	3	211	2	軟体型内蔵魔物	-1	660	52	
05	3	212	0	存在の対価	1	242	60	
05	3	212	1	特注の制服	-1	30	101	
05	3	212	2	縺?ｊ縺医ｋ縺ｮ蜉?隴ｷ	-1	500	72	
05	3	213	0	白い杖	3	157	50	
05	3	213	1	学園指定制服	-1	35	65	
05	3	213	2	白い魂の器	-1	500	50	
05	3	214	0	花燃魔法*	1	266	55	
05	3	214	1	ぬののふく	-1	72	50	
05	3	214	2	不気味な模様	-1	731	50	
05	3	215	0	金剛石の剣	2	187	66	
05	3	215	1	魔女の学生服	-1	35	93	
05	3	215	2	[不器用な笑顔]	-1	605	60	
05	3	216	0	願いの光	2	170	50	
05	3	216	1	祈りの壁	-1	40	60	
05	3	216	2	小さな星のペンダント	-1	500	60	
05	3	217	0	青い殻*	1	200	50	
05	3	217	1	青い殻	-1	60	50	
05	3	217	2	巣	-1	847	30	
05	3	218	0	竹串	3	157	72	
05	3	218	1	透明ポット	-1	30	101	
05	3	218	2	赤いフタ	-1	500	72	
05	3	219	0	曰くつきの指揮杖	5	144	72	
05	3	219	1	シャレオツな上着	-1	44	79	
05	3	219	2	骨片のロケット	-1	660	52	
05	3	220	0	刃化触手	2	187	50	
05	3	220	1	取捨延命	-1	55	50	
05	3	220	2	強靭生命	-1	770	30	
05	3	221	0	アクアクリスタル	1	266	55	
05	3	221	1	ハードカバー	-1	39	77	
05	3	221	2	金の装飾	-1	770	39	
05	3	222	0	魔女の指先	1	242	60	
05	3	222	1	制服	-1	50	72	
05	3	222	2	制式ブローチ	-1	550	66	
05	3	223	0	魔界のトリックスター	5	144	50	
05	3	223	1	酔狂	-1	30	70	
05	3	223	2	小心者	-1	500	50	
05	3	224	0	魔薬注射爆撃砲*	1	292	50	
05	3	224	1	パーフェクト看護服	-1	72	50	
05	3	224	2	全知全能メガネ	-1	931	33	
05	3	225	0	聖女の杖	3	172	66	
05	3	225	1	見習いのローブ	-1	40	86	
05	3	225	2	お守り	-1	726	48	
05	3	226	0	白刃のペンデュラム*	1	220	55	
05	3	226	1	ヒールスニーカー	-1	30	84	
05	3	226	2	金烏三脚紋	-1	847	30	
05	3	227	0	透明な傘	3	157	50	
05	3	227	1	無色透明	-1	30	70	
05	3	227	2	透き通る水	-1	600	40	
05	3	228	0	トミーガン	1	200	55	
05	3	228	1	信徒の服	-1	55	50	
05	3	228	2	メッキの十字架	-1	715	35	
05	3	229	0	鋼色の仕込指輪*	1	266	50	
05	3	229	1	濡羽の長靴	-1	30	92	
05	3	229	2	射干玉の耳飾	-1	500	66	
05	3	230	0	《源竜回帰》*	2	247	50	
05	3	230	1	竜の鱗	-1	72	50	
05	3	230	2	竜の尻尾	-1	1024	30	
05	3	231	0	朔日の剣*	1	242	50	
05	3	231	1	戦闘衣	-1	30	84	
05	3	231	2	義手	-1	726	40	
05	3	232	0	試作ボルトガン*	3	207	50	
05	3	232	1	作業服	-1	45	72	
05	3	232	2	歯車の飾り	-1	605	53	
05	3	233	0	かえるキック	1	292	50	
05	3	233	1	ぬるぬるした身体	-1	50	72	
05	3	233	2	財布に入れる蛙のお守り	-1	500	72	
05	3	234	0	昔使ってた白杖*	2	187	66	
05	3	234	1	質のいい制服	-1	42	70	
05	3	234	2	髪留め	-1	847	36	
05	3	235	0	魔導書	5	158	66	
05	3	235	1	ローブ	-1	30	101	
05	3	235	2	帽子	-1	500	72	
05	3	236	0	フランベルジュ	3	157	50	
05	3	236	1	不死鳥の羽根	-1	50	50	
05	3	236	2	銀の弾丸	-1	600	40	
05	3	237	0	ぬいぐるみ	2	187	50	
05	3	237	1	ローブ	-1	40	66	
05	3	237	2	月のイヤリング	-1	500	55	
05	3	238	0	キラキラした水の杖	1	220	50	
05	3	238	1	お手製ローブ	-1	30	70	
05	3	238	2	サファイアリボン	-1	500	55	
05	3	239	0	マジックアンブレラ	5	144	50	
05	3	239	1	即乾ローブ	-1	50	50	
05	3	239	2	レイニーブーツ	-1	500	50	
05	3	240	0	声	4	150	50	
05	3	240	1	紺のセーラー服	-1	35	65	
05	3	240	2	チョーカー	-1	600	40	
05	3	241	0	魔石のロッド	1	292	50	
05	3	241	1	スライムパッド	-1	72	50	
05	3	241	2	カニクリップ	-1	1024	30	
05	3	242	0	銀の儀式刀*	2	170	50	
05	3	242	1	青鳥の鎧	-1	40	60	
05	3	242	2	緑のピアス	-1	550	45	
05	3	244	0	一点集中爆破の意志	1	220	50	
05	3	244	1	何の変哲もない制服	-1	40	66	
05	3	244	2	火蜥蜴入れのミニ鞄	-1	600	44	
05	3	245	0	白羽刃	4	181	55	
05	3	245	1	魔紋入りガーターベルト	-1	30	92	
05	3	245	2	リボン	-1	600	52	
05	3	246	0	天秤杖	5	190	55	
05	3	246	1	学校指定のローブ	-1	72	50	
05	3	246	2	六花の髪飾り	-1	500	72	
05	3	248	0	儀式の鎖	3	227	50	
05	3	248	1	学生服	-1	30	101	
05	3	248	2	普通のマント	-1	600	57	
05	3	249	0	メリケンサック	2	170	50	
05	3	249	1	ローブ	-1	50	50	
05	3	249	2	魔石	-1	500	50	
05	3	250	0	マジックブーツ*	1	200	50	
05	3	250	1	クローク	-1	50	50	
05	3	250	2	チョーカー	-1	500	50	
05	3	251	0	AK-47*	4	181	50	
05	3	251	1	まじかるマント	-1	60	50	
05	3	251	2	軍事用ハーネス	-1	847	30	
05	3	252	0	Ｌ・フラグメント	1	200	50	
05	3	252	1	装甲法衣	-1	50	50	
05	3	252	2	首飾り	-1	550	45	
05	3	253	0	魔力伝達効率化手袋*	1	200	50	
05	3	253	1	改造済みの制服	-1	50	50	
05	3	253	2	りぼんいっぱい	-1	500	50	
05	3	254	0	---*	1	200	50	
05	3	254	1	きれい好きなメイドドレス	-1	30	70	
05	3	254	2	ミルキーウェイの髪飾り	-1	500	50	
05	3	255	0	タクト	2	170	50	
05	3	255	1	フェザーシューズ	-1	30	70	
05	3	255	2	銀の指輪	-1	600	40	
05	3	256	0	初級訓練用魔法剣*	2	170	50	
05	3	256	1	携帯型簡易結界式	-1	35	65	
05	3	256	2	汎用型魔力安定核	-1	550	45	
05	3	257	0	月明りの剣*	2	225	55	
05	3	257	1	改造制服	-1	36	84	
05	3	257	2	流れ星の髪飾り	-1	726	48	
05	3	258	0	レイピア*	2	170	50	
05	3	258	1	身軽なコート	-1	30	70	
05	3	258	2	十字架のペンダント	-1	500	50	
05	3	260	0	撃鉄の杖	3	227	50	
05	3	260	1	紺のジャケット	-1	30	101	
05	3	260	2	紺のハット	-1	500	72	
05	3	261	0	プシュケー*	1	292	50	
05	3	261	1	制服	-1	63	55	
05	3	261	2	ルビーのブローチ	-1	550	63	
05	3	262	0	短剣*	1	200	60	
05	3	262	1	シュルカーの加護	-1	50	60	
05	3	262	2	飴色のブローチ	-1	500	60	
05	3	263	0	スピニングロッド	1	266	55	
05	3	263	1	電飾付きマント	-1	30	101	
05	3	263	2	鉄線のピアス	-1	1024	30	
05	3	264	0	エーテルストリングス	2	247	50	
05	3	264	1	霊布の魔装衣	-1	72	50	
05	3	264	2	セルシウスリング	-1	605	58	
05	3	265	0	タイタンレンチ	3	172	50	
05	3	265	1	綺麗に整った制服	-1	44	60	
05	3	265	2	父の写真入りペンダント	-1	600	44	
05	3	266	0	儀礼用短剣	3	227	50	
05	3	266	1	伝統装束	-1	30	101	
05	3	266	2	三原理のブレスレット	-1	500	72	
05	3	267	0	リル・ブランチ*	2	170	50	
05	3	267	1	リリアナの服	-1	35	65	
05	3	267	2	紅玉のイヤリング	-1	550	45	
05	3	268	0	ブラッドローズ	1	220	50	
05	3	268	1	レイドジャケット	-1	50	50	
05	3	268	2	シルヴァ・アクセサリ	-1	770	30	
05	3	270	0	馴染んだ短剣	1	292	50	
05	3	270	1	学園制服	-1	35	93	
05	3	270	2	髪留め	-1	665	55	
05	3	271	0	クリエイターデバイス*	3	157	50	
05	3	271	1	オートポリゴン	-1	30	70	
05	3	271	2	アプリケーション	-1	500	50	
05	3	272	0	バーニングバンテージ*	1	266	55	
05	3	272	1	パワーベルト	-1	35	93	
05	3	272	2	通信石のペンダント	-1	1024	30	
05	3	273	0	愛用のマイク*	3	189	50	
05	3	273	1	自前の衣装	-1	40	72	
05	3	273	2	大事なお守り	-1	650	41	
05	3	274	0	呪符	5	144	55	
05	3	274	1	隠遁者のローブ	-1	30	77	
05	3	274	2	ドリームキャッチャー	-1	500	55	
05	3	275	0	魔法の銃*	4	218	50	
05	3	275	1	白改造学生服	-1	72	50	
05	3	275	2	度付きサングラス	-1	1024	30	
05	3	276	0	魔導ガントレット*	1	266	50	
05	3	276	1	魔石の髪飾り	-1	66	50	
05	3	276	2	アレ	-1	726	44	
05	3	277	0	ガラス弾の銃*	3	172	55	
05	3	277	1	制服	-1	50	60	
05	3	277	2	手作りのお守り	-1	550	55	
05	3	278	0	餓狼の手甲*	2	247	50	
05	3	278	1	丈夫な鱗の胸当て	-1	55	66	
05	3	278	2	熱を帯びたペンダント	-1	726	48	
05	3	279	0	赤刃のショートソード*	1	292	50	
05	3	279	1	普段着の軽装＋α	-1	50	72	
05	3	279	2	ルビーのピアス	-1	804	45	
05	3	280	0	Mr.ジョンの依代	2	247	50	
05	3	280	1	立派な毛皮	-1	72	50	
05	3	280	2	シルクのスカーフ	-1	770	39	
05	3	281	0	キューティア	2	170	50	
05	3	281	1	お気に入り	-1	30	70	
05	3	281	2	メイリスの涙	-1	600	40	
05	3	282	0	お古の杖	4	150	50	
05	3	282	1	あったかいやつ	-1	45	55	
05	3	282	2	白粒の結晶	-1	500	50	
05	3	283	0	クリスタル・ワンド	2	205	50	
05	3	283	1	ライトミスリル・ローブ	-1	35	78	
05	3	283	2	シルバーキャットピアス	-1	550	53	
05	3	284	0	ハルキゲニア*	3	227	50	
05	3	284	1	魔導管状繊維服	-1	30	101	
05	3	284	2	改造デバイス	-1	600	57	
05	3	285	0	風牙の槍*	1	266	55	
05	3	285	1	桃刃の衣	-1	72	50	
05	3	285	2	白のイヤリング	-1	786	41	
05	3	286	0	もふもふぬいぐるみ	1	200	50	
05	3	286	1	宵闇の牧師服	-1	50	50	
05	3	286	2	白銀の十字架	-1	500	50	
05	3	287	0	琥珀のワンド*	1	292	50	
05	3	287	1	ゆるゆる制服	-1	72	50	
05	3	287	2	琥珀のブローチ	-1	1024	30	
05	3	288	0	グラディウス*	1	266	50	
05	3	288	1	スクトゥム	-1	50	66	
05	3	288	2	サンダル	-1	665	50	
05	3	289	0	想杖ウィシュリア	5	173	60	
05	3	289	1	神器オルグレン	-1	44	79	
05	3	289	2	代理者の星	-1	550	63	
05	3	290	0	光の楽器	5	144	50	
05	3	290	1	緑のローブ	-1	30	70	
05	3	290	2	絹の靴下	-1	700	30	
05	3	292	0	銀花の大鋏	2	205	60	
05	3	292	1	アングレームのローブ	-1	48	72	
05	3	292	2	アセビの首飾り	-1	660	52	
05	3	293	0	鈴蘭模様の魔導書	2	170	50	
05	3	293	1	指定の制服	-1	50	50	
05	3	293	2	羽ペン	-1	600	40	
05	3	294	0	仄暗き視線	1	200	72	
05	3	294	1	貞淑なる細腕	-1	30	101	
05	3	294	2	祝福された黒衣	-1	500	72	
05	3	295	0	キアマータ/アンコーラ+4*	3	227	50	
05	3	295	1	ハクローブ+4	-1	35	93	
05	3	295	2	マジックメガネ+4	-1	600	57	
05	3	296	0	名称未設定*	1	200	50	
05	3	296	1	学園生用ローブ	-1	50	50	
05	3	296	2	ふしぎヘッドアクセサリ	-1	500	50	
05	3	297	0	鉄のサイコロ	1	266	55	
05	3	297	1	大きなバッグ	-1	72	50	
05	3	297	2	無銘の冠	-1	600	57	
05	3	298	0	魔剣イクリプス	3	157	72	
05	3	298	1	幽鬼の鎧	-1	35	93	
05	3	298	2	幽炎のマフラー	-1	864	38	
05	3	299	0	無銘刀*	1	292	50	
05	3	299	1	修練着	-1	72	50	
05	3	299	2	藤紋の御守	-1	1024	30	
05	3	301	0	アルコンスィエル	3	157	50	
05	3	301	1	スペクトルローブ	-1	57	60	
05	3	301	2	貴の片翼	-1	726	48	
05	3	302	0	バロメッツの枝	3	157	60	
05	3	302	1	古びたローブ	-1	33	84	
05	3	302	2	星屑の装飾	-1	550	60	
05	3	303	0	ハルキゲニア	5	144	60	
05	3	303	1	ローブ	-1	40	72	
05	3	303	2	黄金色の義眼	-1	600	48	
05	3	304	0	愛しき吾が王*	5	173	60	
05	3	304	1	愛しき吾が父	-1	30	101	
05	3	304	2	愛しき吾が世	-1	500	72	
05	3	305	0	プッシュナイフ*	5	144	72	
05	3	305	1	学生服	-1	33	92	
05	3	305	2	エージェント七つ道具	-1	500	72	
05	3	306	0	ビル	2	170	50	
05	3	306	1	ソフトレザー	-1	40	60	
05	3	306	2	レトルトカレー	-1	650	35	
05	3	307	0	学生のワンド	3	157	50	
05	3	307	1	制服	-1	40	60	
05	3	307	2	緑のマント	-1	500	50	
05	3	308	0	クロッカス	1	292	50	
05	3	308	1	身に纏う植物	-1	30	101	
05	3	308	2	花の髪飾り	-1	665	55	
05	3	312	0	煉獄の鉄球*	1	292	50	
05	3	312	1	辺獄の鉄鎖	-1	72	50	
05	3	312	2	地獄の制服	-1	847	36	
05	3	313	0	髪束から伸びる手	5	144	72	
05	3	313	1	改造したローブ	-1	45	79	
05	3	313	2	風紀メイス棒	-1	877	40	
05	3	314	0	金細工のホイッスル	2	187	66	
05	3	314	1	オートクチュール	-1	30	101	
05	3	314	2	黒絹のリボン	-1	877	40	
05	3	315	0	栄光の手	1	200	50	
05	3	315	1	第二汎用魔力障壁	-1	50	50	
05	3	315	2	丸眼鏡（伊達じゃない）	-1	550	45	
05	3	316	0	甘い誘惑	5	144	72	
05	3	316	1	夜の帳	-1	30	101	
05	3	316	2	君との触れあい	-1	500	72	
05	3	317	0	小骨のロッド*	2	205	60	
05	3	317	1	飛翔テク	-1	30	101	
05	3	317	2	カンタンな耳飾り	-1	877	40	
05	3	319	0	天雷槍・双	2	187	60	
05	3	319	1	退魔装甲・祈	-1	55	60	
05	3	319	2	◇ヘイロー	-1	786	38	
05	3	320	0	十字架を模したレイピア	5	144	66	
05	3	320	1	たなびく羽衣	-1	30	101	
05	3	320	2	黒縁眼鏡	-1	500	72	
05	3	321	0	自律型魔導人形	5	144	50	
05	3	321	1	自動硬化ローブ	-1	50	50	
05	3	321	2	お気に入りの工具	-1	500	50	
05	3	322	0	マンソンジュ*	1	200	50	
05	3	322	1	ペルマナント	-1	30	70	
05	3	322	2	オプスキュール	-1	550	45	
05	3	323	0	冬枯*	1	266	50	
05	3	323	1	ロングスカート	-1	50	50	
05	3	323	2	魔女帽子	-1	500	50	
05	3	324	0	魔女の杖	2	170	55	
05	3	324	1	古びたローブ	-1	40	66	
05	3	324	2	金の耳飾り	-1	550	49	
05	3	325	0	AR57*	5	158	60	
05	3	325	1	障碍防壁	-1	48	66	
05	3	325	2	ヘイロー	-1	665	49	
05	3	326	0	電柱*	1	220	50	
05	3	326	1	学園制服(平民予算)	-1	30	77	
05	3	326	2	モヒカンのブロマイド	-1	500	55	
05	3	327	0	無銘の薙刀	3	157	50	
05	3	327	1	簡素な和服	-1	50	50	
05	3	327	2	ふわふわマフラー	-1	500	50	
05	3	329	0	魔導光剣ヴィントラスタ*	1	292	50	
05	3	329	1	銀銘	-1	30	101	
05	3	329	2	鵺	-1	1024	30	
05	3	330	0	大地の弓	5	144	50	
05	3	330	1	天界のコート	-1	30	70	
05	3	330	2	大きなリボン	-1	500	50	
05	3	331	0	過剰防衛*	1	292	50	
05	3	331	1	反射神経	-1	30	101	
05	3	331	2	生存本能	-1	931	33	
05	3	332	0	Solid＆Ocelot*	1	200	72	
05	3	332	1	ざぁこざぁこ♥	-1	30	101	
05	3	332	2	へなちょこ♥	-1	500	72	
05	3	333	0	大幣	1	200	55	
05	3	333	1	神名火乃守	-1	30	77	
05	3	333	2	緑の香	-1	500	55	
05	3	334	0	エメラルドスプリット*	3	227	50	
05	3	334	1	お母さんのローブ	-1	72	50	
05	3	334	2	スタンダードな魔女帽子	-1	500	72	
05	3	335	0	黒い手袋	3	172	66	
05	3	335	1	黒ブーツ	-1	30	101	
05	3	335	2	アメジストのリボン	-1	700	42	
05	3	336	0	お下がりの杖	5	144	50	
05	3	336	1	長いマント	-1	30	70	
05	3	336	2	銀のモノクル	-1	500	50	
05	3	337	0	星の灯	2	170	50	
05	3	337	1	とげとげハート	-1	40	60	
05	3	337	2	ひかえめリボン	-1	600	40	
05	3	338	0	切り拓く勇気*	3	157	50	
05	3	338	1	森人の装束	-1	45	55	
05	3	338	2	桜の印章	-1	550	45	
05	3	339	0	モモの木の杖	5	144	72	
05	3	339	1	フリル付きローブ	-1	30	101	
05	3	339	2	真っ白なリボン	-1	500	72	
05	3	340	0	忘れじの杖	1	292	50	
05	3	340	1	軽いローブ	-1	72	50	
05	3	340	2	星の髪飾り	-1	726	48	
05	3	341	0	ステラ―トハルパー*	1	242	50	
05	3	341	1	メテオ―ラフィブラ	-1	60	50	
05	3	341	2	ルナスピッラ	-1	650	41	
05	3	342	0	解読途中の魔導書*	1	242	60	
05	3	342	1	冒険者の軽装	-1	36	84	
05	3	342	2	形見のリボン	-1	700	42	
05	3	343	0	鎧刀“劔龍”	1	242	60	
05	3	343	1	鎧刀“劔龍”	-1	72	50	
05	3	343	2	鹿金神社の厄除守	-1	726	48	
05	3	344	0	アイアンマチェット*	2	170	60	
05	3	344	1	グレーコート	-1	35	78	
05	3	344	2	ブルーネクタイ	-1	726	40	
05	3	345	0	？？？	5	158	55	
05	3	345	1	ブラックローブ	-1	50	60	
05	3	345	2	真鍮の腕輪	-1	600	48	
05	3	346	0	アックスタッフ*	2	247	50	
05	3	346	1	学生服	-1	38	85	
05	3	346	2	まんまるの小石	-1	726	48	
05	3	347	0	ありふれた杖	1	242	50	
05	3	347	1	動きやすい服	-1	50	50	
05	3	347	2	ロケット	-1	500	50	
05	3	348	0	風の魔導書*	1	220	50	
05	3	348	1	魔術コート	-1	45	60	
05	3	348	2	お守り	-1	605	45	
05	3	349	0	ニテンスハンズ*	1	200	50	
05	3	349	1	新緑のケープ	-1	50	50	
05	3	349	2	ラインネクタイ	-1	700	30	
05	3	350	0	さぬきうどん(1)	1	242	60	
05	3	350	1	さぬきうどん(2)	-1	55	66	
05	3	350	2	さぬきうどん(3)	-1	665	55	
05	3	351	0	硝子扇	5	144	72	
05	3	351	1	黒殻	-1	30	101	
05	3	351	2	古びた組紐	-1	500	72	
05	3	352	0	ちいさなつえ	1	200	50	
05	3	352	1	ぶかぶかのふく	-1	30	70	
05	3	352	2	かわいいべれーぼう	-1	700	30	
05	3	353	0	キラメナックル*	1	266	50	
05	3	353	1	アメスク風制服	-1	30	92	
05	3	353	2	フェロモン抑制チョーカー	-1	665	50	
05	3	354	0	マジカルおたま*	1	200	55	
05	3	354	1	防寒着	-1	55	50	
05	3	354	2	丈夫なリュック	-1	500	55	
05	3	355	0	書き込まれた楽譜	3	157	60	
05	3	355	1	瑠璃色のはらまき	-1	50	50	
05	3	355	2	菫色のアミュレット	-1	500	50	
05	3	356	0	自動式拳機*	2	225	50	
05	3	356	1	瞬きの外装	-1	41	71	
05	3	356	2	煌きの結晶	-1	931	30	
05	3	357	0	ケレシア	3	157	50	
05	3	357	1	ユラベル	-1	40	60	
05	3	357	2	イディルム	-1	550	45	
05	3	358	0	ルビーガントレット*	1	242	60	
05	3	358	1	火ネズミの皮	-1	30	101	
05	3	358	2	いつかもらった首飾り	-1	877	40	
05	3	359	0	Zephyr Model T*	4	150	50	
05	3	359	1	懸河の弁	-1	30	70	
05	3	359	2	貴人の礼	-1	550	45	
05	3	360	0	ジュエルケイン	3	189	60	
05	3	360	1	王国産のカトラス	-1	39	77	
05	3	360	2	翼の生えたロケット	-1	605	60	
05	3	362	0	アーク・アルムート*	1	200	50	
05	3	362	1	活動型制服	-1	35	65	
05	3	362	2	サラステール	-1	600	40	
05	3	363	0	魔導銃	3	157	72	
05	3	363	1	蜘蛛糸の外套	-1	55	66	
05	3	363	2	イヤーカフ	-1	726	48	
05	3	365	0	ミスリルオウル／拳*	1	200	72	
05	3	365	1	ミスリルオウル／鎧	-1	72	50	
05	3	365	2	電装スペルストーン動力	-1	1024	30	
05	3	366	0	シャーデンフロイデ	1	292	50	
05	3	366	1	心殻	-1	30	101	
05	3	366	2	『聞きたくない』	-1	1024	30	
05	3	367	0	花飾りの付いた魔本	3	207	55	
05	3	367	1	薄桃色の和装	-1	72	50	
05	3	367	2	桜の花	-1	500	72	
05	3	368	0	ボロボロの手甲	1	266	55	
05	3	368	1	ボロボロの外套	-1	30	101	
05	3	368	2	ボロボロの腰帯	-1	1024	30	
05	3	369	0	竹光*	1	292	50	
05	3	369	1	浅葱色合羽	-1	30	101	
05	3	369	2	三度笠	-1	500	72	
05	3	370	0	トルマリンワンド	3	157	50	
05	3	370	1	フローライトローブ	-1	50	50	
05	3	370	2	オパールアミュレット	-1	650	35	
05	3	371	0	塗りつぶし（ホワイター）*	1	292	50	
05	3	371	1	カラフルなエプロン	-1	30	101	
05	3	371	2	作業用ゴーグル	-1	600	57	
05	3	372	0	スタッフスリング	5	209	50	
05	3	372	1	初等部用の制服	-1	30	101	
05	3	372	2	ラリマーのブローチ	-1	500	72	
05	3	373	0	カタラクト・ラム*	2	170	55	
05	3	373	1	黒狼のマント	-1	30	77	
05	3	373	2	ソムレースの眼帯	-1	600	44	
05	3	374	0	妖蝶の書	3	227	50	
05	3	374	1	お姉ちゃんオーラ	-1	30	101	
05	3	374	2	ソムレースの髪紐	-1	500	72	
05	3	375	0	オリヴェルダ	1	220	50	
05	3	375	1	オリガナム	-1	55	50	
05	3	375	2	オドリコ	-1	770	30	
05	3	376	0	異界の剣*	2	170	50	
05	3	376	1	人外の面	-1	30	70	
05	3	376	2	帯剣ベルト	-1	500	50	
05	3	377	0	タリスマン	2	170	50	
05	3	377	1	魔法の毛糸	-1	50	50	
05	3	377	2	相貌隠しのフード	-1	600	40	
05	3	378	0	樫の木の杖	2	205	50	
05	3	378	1	暗夜の外套	-1	30	84	
05	3	378	2	片羽根の耳飾り	-1	500	60	
05	3	379	0	ペティナイフ*	1	200	60	
05	3	379	1	サンダル	-1	30	84	
05	3	379	2	髪飾り	-1	600	48	
05	3	380	0	グリモワール	4	199	50	
05	3	380	1	魔導服	-1	58	55	
05	3	380	2	使役の指輪	-1	500	66	
05	3	381	0	【家庭科】*	1	292	50	
05	3	381	1	ビビッドアイ	-1	55	66	
05	3	381	2	まん丸結い髷	-1	877	40	
05	3	382	0	ウッドワンド	1	292	50	
05	3	382	1	初等部用の制服	-1	40	86	
05	3	382	2	菫青石のブローチ	-1	600	57	
05	3	383	0	破軍	3	227	50	
05	3	383	1	紫玄の衣	-1	42	70	
05	3	383	2	二尾の妖力	-1	500	72	
05	3	384	0	ピンクスターワンド	1	292	50	
05	3	384	1	初等部用の制服	-1	57	60	
05	3	384	2	インディゴライトのブローチ	-1	700	42	
05	3	385	0	紅い石*	1	220	55	
05	3	385	1	ほわほわのしっぽ	-1	30	84	
05	3	385	2	ラファエルの筆	-1	700	36	
05	3	386	0	レブナント*	1	220	50	
05	3	386	1	布の服	-1	55	50	
05	3	386	2	青銅のアクセサリ	-1	550	50	
05	3	387	0	魔法の針	2	187	55	
05	3	387	1	お気に入りの服	-1	30	84	
05	3	387	2	おばあちゃんのリボン	-1	605	49	
05	3	388	0	仕込み杖	3	157	50	
05	3	388	1	ローブ	-1	45	55	
05	3	388	2	モノクル	-1	600	40	
05	3	389	0	高貴なるオーラですわ！	2	170	60	
05	3	389	1	イケイケ魔貴族コーデ	-1	30	84	
05	3	389	2	揺蕩う水晶球	-1	605	50	
05	3	390	0	アースシグナル*	1	242	50	
05	3	390	1	ストーンスキン	-1	60	50	
05	3	390	2	黄色のマフラー	-1	847	30	
05	3	391	0	クラッターケイン+	1	292	50	
05	3	391	1	ローブ	-1	63	55	
05	3	391	2	アキュムレイター	-1	600	57	
05	3	392	0	ウォータースライディング	4	181	55	
05	3	392	1	ピロピロ	-1	35	85	
05	3	392	2	ワンダフルワッペン	-1	660	48	
05	3	393	0	魔弾	2	205	60	
05	3	393	1	黒いローブ	-1	66	55	
05	3	393	2	精霊銀	-1	798	44	
05	3	394	0	朱玉ブレスレット*	2	170	50	
05	3	394	1	蒼布モンクローブ	-1	30	70	
05	3	394	2	ただのブーツ。	-1	550	45	
05	3	395	0	▁▇▂▅▁█*	1	200	50	
05	3	395	1	▁▇▆█▄▄▁█▄▃▆▇	-1	50	50	
05	3	395	2	▂▁▅█▃▃	-1	700	30	
05	3	396	0	鉄パイプ*	3	227	50	
05	3	396	1	着古したジャージ	-1	40	86	
05	3	396	2	ランタン型キーホルダー	-1	600	57	
05	3	397	0	ホワイトロータス	1	220	50	
05	3	397	1	外套	-1	55	50	
05	3	397	2	天秤	-1	500	55	
05	3	398	0	魔装義手カートリッジ*	1	292	50	
05	3	398	1	神単衣	-1	72	50	
05	3	398	2	微少単位の回路	-1	665	55	
05	3	400	0	パブロの筆*	5	144	72	
05	3	400	1	コボルドコート	-1	30	101	
05	3	400	2	レオナルドのインク瓶	-1	550	63	
05	3	401	0	ネバーエンドの杖	5	144	50	
05	3	401	1	宵闇のマント	-1	30	70	
05	3	401	2	金木犀の飾り	-1	700	30	
05	3	402	0	A4L1YAI+I	2	247	50	
05	3	402	1	おさがりジャケット	-1	50	72	
05	3	402	2	ぶかぶかブーツ	-1	500	72	
05	3	403	0	紫紺の杖	1	200	50	
05	3	403	1	紫紺のローブ	-1	50	50	
05	3	403	2	緋桜のペンダント	-1	500	50	
05	3	404	0	アグラミア	3	227	50	
05	3	404	1	ソールロッド	-1	30	101	
05	3	404	2	フェアロス	-1	500	72	
05	3	405	0	花咲く歌声	3	157	50	
05	3	405	1	蒼の宝石	-1	45	55	
05	3	405	2	揺蕩うリボン羽	-1	600	40	
05	3	406	0	銀十字の剣*	1	220	50	
05	3	406	1	紋章の盾	-1	55	50	
05	3	406	2	破邪の指輪	-1	770	30	
05	3	407	0	トロンプール	1	200	50	
05	3	407	1	赤衣の魔装具	-1	30	77	
05	3	407	2	碧石	-1	500	50	
05	3	408	0	チキンテンダーXX*	4	218	50	
05	3	408	1	いつものやつ＋３	-1	57	60	
05	3	408	2	トライコーンオブゲイズ＋３	-1	600	57	
05	3	409	0	手に馴染む杖	5	209	50	
05	3	409	1	魔法学園制服	-1	57	60	
05	3	409	2	月と太陽の銀時計	-1	600	57	
05	3	410	0	ステラスチェイン	2	170	72	
05	3	410	1	サクラメンツ	-1	63	55	
05	3	410	2	≪S.S.L≫	-1	731	49	
05	3	412	0	園芸用ハサミ*	3	157	72	
05	3	412	1	学園用制服	-1	40	86	
05	3	412	2	ベレー帽	-1	500	72	
05	3	413	0	白雪の魔術書	5	209	50	
05	3	413	1	黒のブレザー	-1	40	72	
05	3	413	2	黒のローブ	-1	660	44	
05	3	414	0	魔光剣ユスティナ	2	187	66	
05	3	414	1	制服	-1	72	50	
05	3	414	2	フード付きローブ	-1	500	72	
05	3	415	0	Lv1杯*	2	187	66	
05	3	415	1	三次元演算装置	-1	30	101	
05	3	415	2	根付	-1	550	66	
05	3	416	0	金縁の赤い本*	1	200	72	
05	3	416	1	良い匂いがするマント	-1	30	101	
05	3	416	2	髪留めの黒い紐	-1	665	55	
05	3	417	0	DXブレイブブレイド*	1	220	50	
05	3	417	1	マント	-1	55	50	
05	3	417	2	腕時計	-1	550	50	
05	3	418	0	武器*	1	200	50	
05	3	418	1	防具	-1	45	55	
05	3	418	2	装飾	-1	700	30	
05	3	419	0	ガーネットの杖	2	170	50	
05	3	419	1	学園のローブ	-1	30	70	
05	3	419	2	パステルリボン	-1	550	45	
05	3	420	0	黒刃のシースナイフ*	2	170	50	
05	3	420	1	風の魔紋	-1	30	70	
05	3	420	2	魔石のピアス	-1	500	50	
05	3	422	0	片羽の短刃*	1	200	50	
05	3	422	1	改造学生服	-1	50	50	
05	3	422	2	風紀委員腕章	-1	500	50	
05	3	423	0	銀の剣*	1	220	66	
05	3	423	1	学生服（袖なし）	-1	40	86	
05	3	423	2	銀家のお守り	-1	798	44	
05	3	424	0	水妖入門書	1	200	72	
05	3	424	1	学園のローブ	-1	50	72	
05	3	424	2	白銀の銃弾	-1	605	60	
05	3	425	0	【魔術音源】ジュビリオ2413	1	220	50	
05	3	425	1	【魔術回路】金魚草333	-1	30	77	
05	3	425	2	【魔術装飾】形見の兎帽	-1	660	40	
05	3	426	0	グリフォンじゃらし	1	200	50	
05	3	426	1	孵卵マント	-1	50	50	
05	3	426	2	手作りペットフード	-1	500	50	
05	3	427	0	金属バット	1	292	50	
05	3	427	1	鍛えられた体	-1	33	92	
05	3	427	2	肩パッド	-1	500	72	
05	3	428	0	テュルクワーズ	1	266	50	
05	3	428	1	レルミト	-1	40	79	
05	3	428	2	陽だまりの匂い	-1	726	44	
05	3	429	0	火蜥蜴の爪*	1	266	55	
05	3	429	1	火蜥蜴の鱗	-1	57	60	
05	3	429	2	火炎信仰の入れ墨	-1	715	45	
05	3	430	0	魔法鉈*	1	292	50	
05	3	430	1	速跳びバニー	-1	30	101	
05	3	430	2	イカれたお茶会	-1	500	72	
05	3	431	0	ロアーオブデス*	1	200	50	
05	3	431	1	もふもふ	-1	50	50	
05	3	431	2	心臓の刻印	-1	500	50	
05	3	432	0	六魔法全書	3	227	50	
05	3	432	1	ミスティックケープ	-1	30	101	
05	3	432	2	☆カワイイ☆オーラ☆	-1	500	72	
05	3	433	0	花の杖	2	170	50	
05	3	433	1	猫のローブ	-1	40	60	
05	3	433	2	桃のリボン	-1	550	45	
05	3	434	0	一般的杖	1	242	60	
05	3	434	1	一般的制服	-1	30	101	
05	3	434	2	でかい丸メガネ	-1	550	66	
05	3	435	0	射程1	1	200	50	
05	3	435	1	回避1	-1	50	50	
05	3	435	2	HP1	-1	500	50	
05	3	436	0	『災いの枝』	4	181	60	
05	3	436	1	制服	-1	44	79	
05	3	436	2	『四つの鍵』	-1	600	57	
05	3	437	0	シャドーホライズン	2	247	50	
05	3	437	1	黒纏のローブ	-1	72	50	
05	3	437	2	フル・オブ・オウ	-1	877	40	
05	3	438	0	円環	1	200	50	
05	3	438	1	ふつうの制服	-1	50	50	
05	3	438	2	奇形の円環	-1	550	45	
05	3	439	0	お下がりのステッキ	3	172	55	
05	3	439	1	TシャツとGパン	-1	60	50	
05	3	439	2	スマホ	-1	500	60	
05	3	440	0	大筆『銀雪』*	2	247	50	
05	3	440	1	魔衣『淡雪』	-1	30	101	
05	3	440	2	霊珠『花影』	-1	500	72	
05	3	441	0	魔導椅子*	1	292	50	
05	3	441	1	セーフティコート	-1	72	50	
05	3	441	2	セーフティゴーグル	-1	600	57	
05	3	442	0	愛用のおたま	4	150	72	
05	3	442	1	魔術師のローブ	-1	72	50	
05	3	442	2	丸眼鏡	-1	550	63	
05	3	443	0	魔鋼剣『常夏』	1	292	50	
05	3	443	1	望郷のマフラー	-1	72	50	
05	3	443	2	？？？	-1	731	50	
05	3	445	0	マイウイング*	1	200	50	
05	3	445	1	マイスーツ	-1	50	50	
05	3	445	2	マイキセル	-1	600	40	
05	3	446	0	癒さない杖	1	266	55	
05	3	446	1	スリットがすごいローブ	-1	44	79	
05	3	446	2	神官帽	-1	700	42	
05	3	447	0	銀の長剣*	1	266	50	
05	3	447	1	白鳥の外套	-1	33	84	
05	3	447	2	アセビの首飾り	-1	665	50	
05	3	448	0	星屑マイク	2	170	50	
05	3	448	1	エトワールマント	-1	35	65	
05	3	448	2	イヤーカフ	-1	600	40	
05	3	449	0	遠音のスコア	5	144	50	
05	3	449	1	人避けのケープ	-1	35	65	
05	3	449	2	たからもののペンダント	-1	500	50	
05	3	450	0	つやつやのロッド*	1	266	50	
05	3	450	1	ぬくぬくなセーター	-1	39	70	
05	3	450	2	はではでなネックレス	-1	931	30	
05	3	451	0	小さなこぶし*	1	200	50	
05	3	451	1	小柄な体躯	-1	35	65	
05	3	451	2	未熟な体	-1	600	40	
05	3	452	0	弾を撃ち出す鉄の塊(少し重い)	5	144	72	
05	3	452	1	一張羅の着物(汚さないでね)	-1	35	93	
05	3	452	2	悪魔の権能(そんなもの無いよ)	-1	500	72	
05	3	453	0	星の魔眼	5	144	50	
05	3	453	1	学園の制服	-1	30	70	
05	3	453	2	リングネックレス	-1	500	50	
05	3	454	0	光の魔法陣	1	200	50	
05	3	454	1	学園の制服	-1	40	60	
05	3	454	2	堕天使の契約	-1	500	50	
05	3	455	0	月のロッド	3	227	50	
05	3	455	1	縒れたローブ	-1	72	50	
05	3	455	2	月色のピアス	-1	500	72	
05	3	456	0	ユキグニ式散弾銃*	3	227	50	
05	3	456	1	動きやすい服	-1	50	72	
05	3	456	2	子守歌	-1	665	55	
05	3	457	0	天十二星宮・双魚の杖	3	157	60	
05	3	457	1	天十二星宮・双魚のローブ	-1	55	55	
05	3	457	2	星雫の飾り留め	-1	500	60	
05	3	458	0	スクレックの杖	1	242	60	
05	3	458	1	ミスリル銀の蛇	-1	30	101	
05	3	458	2	クローム・ボストンボア	-1	500	72	
05	3	459	0	騎馬鞭	1	292	50	
05	3	459	1	学園のローブ	-1	50	72	
05	3	459	2	アメジストのブローチ	-1	877	40	
05	3	460	0	星降	2	247	50	
05	3	460	1	龍鱗	-1	50	72	
05	3	460	2	宝珠	-1	500	50	
05	3	461	0	錆びた刀剣*	2	170	50	
05	3	461	1	軍支給服	-1	40	60	
05	3	461	2	割れない眼鏡	-1	500	50	
05	3	462	0	星辰の仕込箒*	4	165	55	
05	3	462	1	汚れること無きハイヒール	-1	30	84	
05	3	462	2	痛み止めのブローチ	-1	550	55	
05	3	463	0	ドラムスティック	3	157	50	
05	3	463	1	もふもふしっぽ	-1	45	55	
05	3	463	2	頭にのせた葉っぱ	-1	500	50	
05	3	464	0	水鏡	5	144	50	
05	3	464	1	深青のローブ	-1	30	70	
05	3	464	2	深紫のチョーカー	-1	700	30	
05	3	465	0	竜騎槍	1	242	60	
05	3	465	1	降霊偽装	-1	57	60	
05	3	465	2	再生魔装	-1	1024	30	
05	3	466	0	手製の写本	2	170	50	
05	3	466	1	墨梟の羽根ペン	-1	30	70	
05	3	466	2	黒い石包丁	-1	700	30	
05	3	467	0	プラトニックの巨人・四肢*	1	266	55	
05	3	467	1	プラトニックの巨人・胴体	-1	53	66	
05	3	467	2	プラトニックの巨人・動力	-1	500	72	
05	3	468	0	魔女鍋かき混ぜ棒	3	227	50	
05	3	468	1	魔法学園女子制服	-1	35	93	
05	3	468	2	見習い魔女の黒エプロン	-1	605	58	
05	3	469	0	深淵魔法	5	144	55	
05	3	469	1	黙禄の因子	-1	50	55	
05	3	469	2	星詠みの眼	-1	700	33	
05	3	470	0	不歪の黒杖	1	292	50	
05	3	470	1	かっちり制服	-1	72	50	
05	3	470	2	魔力制御補助用鎖首輪	-1	660	52	
05	3	471	0	サーペント	3	207	50	
05	3	471	1	リバーブルーベスト	-1	58	55	
05	3	471	2	嫉妬の珠	-1	605	53	
05	3	472	0	白シュトくん*	1	242	60	
05	3	472	1	墓守の制服	-1	30	101	
05	3	472	2	顔隠しのヴェール	-1	605	60	
05	3	473	0	きょうき	5	144	50	
05	3	473	1	ひとはだ	-1	50	50	
05	3	473	2	つき	-1	700	30	
05	3	474	0	ゼロバズーカ	5	144	55	
05	3	474	1	エーテル力→魔力	-1	30	77	
05	3	474	2	Eコンバーター	-1	700	33	
05	3	475	0	再編のフェイトルーラー	3	189	50	
05	3	475	1	"終極の悪魔"	-1	48	60	
05	3	475	2	琥珀色の霊石	-1	726	40	
05	3	476	0	Red Like Roses*	1	200	50	
05	3	476	1	Met Gothika	-1	30	70	
05	3	476	2	All Hail Bomb	-1	550	45	
05	3	477	0	ひのきの杖	1	220	50	
05	3	477	1	魔法学園制服	-1	55	50	
05	3	477	2	可愛いリボン	-1	500	55	
05	3	478	0	身ひとつ	1	266	55	
05	3	478	1	制服の外套	-1	50	72	
05	3	478	2	制服の飾り	-1	500	72	
05	3	479	0	ロナ・クロウ	1	220	60	
05	3	479	1	シルクの法衣	-1	30	92	
05	3	479	2	綿のフード	-1	665	50	
05	3	480	0	前腕部・腰部コンテナ兵装*	3	207	55	
05	3	480	1	カシャヤコーティング	-1	49	72	
05	3	480	2	プラーナジェネレーター	-1	660	52	
05	3	481	0	肉球	5	173	50	
05	3	481	1	毛皮	-1	30	84	
05	3	481	2	帽子	-1	500	60	
05	3	482	0	マネキンの胴*	3	227	50	
05	3	482	1	女子制服	-1	30	101	
05	3	482	2	雰囲気小物	-1	660	52	
05	3	483	0	バブルスフィア	5	144	50	
05	3	483	1	魔術師のローブ	-1	45	55	
05	3	483	2	青のピアス	-1	500	50	
05	3	484	0	ステラ	3	189	60	
05	3	484	1	ナイト	-1	72	50	
05	3	484	2	ムーン	-1	605	58	
05	3	485	0	エーリダノス*	1	292	50	
05	3	485	1	スリットケープ	-1	45	79	
05	3	485	2	太陽の石	-1	500	72	
05	3	486	0	古い杖	3	172	66	
05	3	486	1	制服	-1	72	50	
05	3	486	2	くちばしマスク	-1	500	72	
05	3	487	0	白い杖	3	157	50	
05	3	487	1	学生風	-1	50	50	
05	3	487	2	赤いブローチ	-1	500	50	
05	3	488	0	黄金光の核	5	144	55	
05	3	488	1	制服のローブ（微改造）	-1	30	77	
05	3	488	2	オニキスのマント留め	-1	700	33	
05	3	489	0	かわいいペンライト*	1	200	50	
05	3	489	1	せいそなおようふく	-1	30	70	
05	3	489	2	ウケそうなカチューシャ	-1	700	30	
05	3	490	0	調合棒	3	157	50	
05	3	490	1	メルティローブ	-1	30	70	
05	3	490	2	あやしいおくすり	-1	500	50	
05	3	491	0	分厚い魔術書＋	2	170	60	
05	3	491	1	黒衣のローブ＋	-1	45	66	
05	3	491	2	緑の大きなリボン＋	-1	550	53	
05	3	492	0	みつとげぱんち	1	266	55	
05	3	492	1	れでぃーのせいふく	-1	35	93	
05	3	492	2	しっぽもどきふたつ	-1	550	63	
05	3	493	0	1912 Anubis	4	199	55	
05	3	493	1	イプ・ウワト	-1	50	72	
05	3	493	2	Ankh	-1	715	45	
05	3	494	0	ぱるすシューター	1	266	55	
05	3	494	1	ふわふわコットン	-1	60	60	
05	3	494	2	ないしょのゆめ	-1	600	57	
05	3	496	0	？？？	1	200	50	
05	3	496	1	和服	-1	50	50	
05	3	496	2	？？？	-1	500	50	
05	3	497	0	ダート*	3	227	50	
05	3	497	1	チェイン・シャツ	-1	35	93	
05	3	497	2	リング・オヴ・スピリッツ	-1	804	45	
05	3	498	0	誘う指先	3	157	50	
05	3	498	1	黒タイツ	-1	30	70	
05	3	498	2	魔族の角	-1	600	40	
05	3	499	0	シャドウオブザムーン*	1	292	50	
05	3	499	1	スターライトブレッシング	-1	30	101	
05	3	499	2	ラピスアイズ	-1	600	57	
05	3	500	0	蒸気機関人形ホーロー*	3	172	50	
05	3	500	1	黒マント	-1	49	55	
05	3	500	2	ボロ帽	-1	500	55	
05	3	502	0	マジカル鉄パイプ+4*	1	292	50	
05	3	502	1	学院制服+3	-1	72	50	
05	3	502	2	かわいい汚リボン+3	-1	1024	30	
05	3	503	0	ふつうのフラスコ	3	157	50	
05	3	503	1	ふつうの白衣	-1	50	60	
05	3	503	2	ふつうのメガネ	-1	605	50	
05	3	504	0	絵筆	1	200	50	
05	3	504	1	学生服	-1	30	70	
05	3	504	2	ふつうのパレット	-1	500	50	
05	3	505	0	クラーワ*	1	292	50	
05	3	505	1	いつもの服	-1	38	85	
05	3	505	2	花装飾の帽子	-1	798	44	
05	3	506	0	ウィンディア	5	209	50	
05	3	506	1	ヴォーデン	-1	30	101	
05	3	506	2	フラムベルク	-1	500	72	
05	3	507	0	ジョウロ	3	157	50	
05	3	507	1	ラタンバスケット	-1	50	50	
05	3	507	2	剪定ばさみ	-1	500	50	
05	3	508	0	火の粉	1	292	50	
05	3	508	1	鋳鉄の器	-1	72	50	
05	3	508	2	ガラス扉	-1	500	72	
05	3	509	0	パワー・オブ・ジャスティス*	1	200	60	
05	3	509	1	正義執行服	-1	60	50	
05	3	509	2	紅き血潮のリボン	-1	770	33	
05	3	510	0	大きなかばん	1	266	55	
05	3	510	1	きれいな制服	-1	55	66	
05	3	510	2	ちいさなハンカチ	-1	731	50	
05	3	511	0	ネイルチップ*	1	292	50	
05	3	511	1	ヒールの高い靴	-1	30	101	
05	3	511	2	腰にジャラジャラ下げてるヤツ	-1	665	55	
05	3	512	0	フェアトラーク	2	225	55	
05	3	512	1	白い外套	-1	57	60	
05	3	512	2	リウ	-1	550	63	
05	3	513	0	ミズガルズの牙*	1	292	50	
05	3	513	1	軽装用修道服	-1	30	101	
05	3	513	2	銀月のロザリオ	-1	1024	30	
05	3	514	0	肉厚のナイフ	1	220	66	
05	3	514	1	防刃マント	-1	30	101	
05	3	514	2	黒の手袋	-1	804	45	
05	3	515	0	明鏡	2	170	50	
05	3	515	1	玲衣の服	-1	50	50	
05	3	515	2	白砂時計	-1	500	50	
05	3	516	0	* 乏しい愛	5	158	66	
05	3	516	1	* 耐え難い苦痛	-1	72	50	
05	3	516	2	* 定められた終わり	-1	931	33	
05	3	518	0	《風の便り》	3	189	60	
05	3	518	1	学園指定ローブ	-1	50	72	
05	3	518	2	黒い鱗	-1	1024	30	
05	3	519	0	初心者用の杖	1	292	50	
05	3	519	1	立羽のローブ	-1	50	72	
05	3	519	2	琥珀石	-1	600	57	
05	3	520	0	名もなき鹿角杖*	3	157	72	
05	3	520	1	村娘の服+ケープ	-1	30	101	
05	3	520	2	おばあちゃんのとんがり帽子	-1	605	58	
05	3	521	0	いつもの絵筆	1	292	50	
05	3	521	1	いつものキャンバス	-1	72	50	
05	3	521	2	いつものパレット	-1	605	60	
05	3	523	0	マッスルダンベル*	1	200	50	
05	3	523	1	葉っぱ	-1	50	50	
05	3	523	2	マッチョ魂	-1	700	30	
05	3	524	0	手から出る得体のしれない何か	1	200	60	
05	3	524	1	制服に似た私服	-1	50	60	
05	3	524	2	緊急栄養剤	-1	500	60	
05	3	525	0	魔法のほうき	1	266	55	
05	3	525	1	身軽なローブ	-1	35	93	
05	3	525	2	ハートのティアラ	-1	950	35	
05	3	526	0	魔杖斧『ディオス』*	1	266	50	
05	3	526	1	魔改造された学園の制服	-1	38	78	
05	3	526	2	スフェーンのイヤリング	-1	786	38	
05	3	527	0	幻月の刃	2	187	60	
05	3	527	1	風巻の加護	-1	60	55	
05	3	527	2	慈雨のループタイ	-1	715	41	
05	3	528	0	黒影刃	1	200	50	
05	3	528	1	星屑の外套	-1	50	50	
05	3	528	2	太陽と月の髪飾	-1	500	50	
05	3	529	0	霊子ラケット*	2	170	50	
05	3	529	1	霊子制服	-1	45	55	
05	3	529	2	龍の紋章	-1	550	45	
05	3	530	0	モスケンの渦巻き杖	3	227	50	
05	3	530	1	うねうね	-1	52	66	
05	3	530	2	酔い止め薬	-1	600	57	
05	3	531	0	魔導グローブ*	1	292	50	
05	3	531	1	ぶかぶかコート	-1	72	50	
05	3	531	2	闘魂腕章	-1	1024	30	
05	3	532	0	つえ	1	200	72	
05	3	532	1	ちいさなゆうき	-1	57	60	
05	3	532	2	せいふく	-1	950	35	
05	3	536	0	18SAMIEL*	1	266	55	
05	3	536	1	動体視力	-1	30	101	
05	3	536	2	安煙草	-1	500	72	
05	3	539	0	編み棒の杖*	2	170	72	
05	3	539	1	端切れのマント	-1	30	101	
05	3	539	2	カラフルなボタン	-1	600	57	
05	3	540	0	分厚い本	1	266	50	
05	3	540	1	学園の制服	-1	66	50	
05	3	540	2	分厚い胸板	-1	798	40	
05	3	541	0	木の棒	5	190	55	
05	3	541	1	制服	-1	42	70	
05	3	541	2	アパタイトのネックレス	-1	700	42	
05	3	542	0	アルカナスフィア	3	227	50	
05	3	542	1	無垢の外套	-1	30	101	
05	3	542	2	白竜の涙	-1	500	72	
05	3	543	0	『はかるもの』*	1	220	50	
05	3	543	1	『思考する私』	-1	55	50	
05	3	543	2	『白痴の賢者』	-1	770	30	
05	3	544	0	貪る悪辣	3	207	55	
05	3	544	1	害意の嘲弄	-1	40	86	
05	3	544	2	欺瞞の情愛	-1	500	72	
05	3	545	0	魔法の杖	3	189	55	
05	3	545	1	民族衣装	-1	30	92	
05	3	545	2	ひづめのブーツ	-1	500	66	
05	3	546	0	黒犬の爪*	1	242	60	
05	3	546	1	チュニック	-1	72	50	
05	3	546	2	腰布	-1	770	39	
05	3	547	0	導きの旗	1	292	50	
05	3	547	1	制服	-1	30	101	
05	3	547	2	星屑のピアス	-1	500	72	
05	3	548	0	アクアトルネード	5	144	50	
05	3	548	1	ワイシャツ	-1	50	50	
05	3	548	2	アクアリング	-1	700	30	
05	3	549	0	風紀ホイッスル	1	292	50	
05	3	549	1	清楚の風格	-1	72	50	
05	3	549	2	氷晶の髪飾り	-1	731	50	
05	3	550	0	トイボックス	5	144	50	
05	3	550	1	布	-1	50	50	
05	3	550	2	シトロハ	-1	700	30	
05	3	551	0	ナイフ	1	200	50	
05	3	551	1	制服	-1	30	70	
05	3	551	2	メガネ	-1	700	30	
05	3	552	0	バールのようなもの*	1	292	50	
05	3	552	1	改造学ラン	-1	30	101	
05	3	552	2	ヘアピン	-1	877	40	
05	3	553	0	黒い鎌*	2	247	50	
05	3	553	1	風を編み込んだ制服	-1	30	101	
05	3	553	2	学園章	-1	605	60	
05	3	554	0	ラメでキラキラのデコ釘バット	1	292	50	
05	3	554	1	ふわふわ赤いミニスカート	-1	30	101	
05	3	554	2	可愛らしいピアス	-1	500	72	
05	3	555	0	雷鳴の指輪	1	266	55	
05	3	555	1	スパッツ	-1	30	101	
05	3	555	2	飴玉	-1	550	66	
05	3	556	0	モーニングやスター*	1	266	50	
05	3	556	1	竜族の躰	-1	66	50	
05	3	556	2	角デコ★☆	-1	500	66	
05	3	557	0	使い込まれたハタキ	1	292	50	
05	3	557	1	用意されたニットワンピ	-1	72	50	
05	3	557	2	故郷の花飾り	-1	500	72	
05	3	558	0	砲撃	5	144	50	
05	3	558	1	生足	-1	30	70	
05	3	558	2	知性の証	-1	500	50	
05	3	559	0	鞭	1	200	50	
05	3	559	1	マント	-1	50	50	
05	3	559	2	リード	-1	700	30	
05	3	560	0	使い古しのバンテージ*	1	200	50	
05	3	560	1	使い古しの道着	-1	50	50	
05	3	560	2	色褪せた鉢巻	-1	700	30	
05	3	561	0	銀のアイスピック*	1	292	50	
05	3	561	1	きれいな洋服	-1	30	101	
05	3	561	2	ヴェンデッタ	-1	731	50	
05	3	562	0	ううー	3	157	50	
05	3	562	1	うーうー	-1	35	65	
05	3	562	2	ぅうーー	-1	550	45	
05	3	563	0	バスタードソード「カストール」*	1	292	50	
05	3	563	1	学園の制服	-1	72	50	
05	3	563	2	紅玉のペンダント	-1	550	63	
05	3	564	0	ショートソード「ポルックス」*	1	242	50	
05	3	564	1	学園の制服	-1	40	60	
05	3	564	2	蒼玉のペンダント	-1	500	50	
05	3	565	0	深紅の槍*	3	189	50	
05	3	565	1	巫女装束	-1	30	84	
05	3	565	2	宝石指輪	-1	550	53	
05	3	567	0	拳*	1	200	50	
05	3	567	1	コート	-1	50	50	
05	3	567	2	ガラクタが入ってるリュック	-1	550	45	
05	3	568	0	銀十字の槍	3	157	50	
05	3	568	1	トレンチコート	-1	30	70	
05	3	568	2	麻三斤	-1	550	45	
05	3	569	0	聖斧槍*	1	242	60	
05	3	569	1	強化コート	-1	48	72	
05	3	569	2	守りの指輪	-1	877	40	
05	3	570	0	以心電心	1	220	66	
05	3	570	1	ノイズキャンセラー	-1	30	101	
05	3	570	2	アイデアノート	-1	1024	30	
05	3	571	0	鉄骨ピースメーカー	1	200	72	
05	3	571	1	威風堂々スタイル	-1	30	101	
05	3	571	2	絢爛下町根性	-1	665	55	
05	3	572	0	呪縛	1	200	72	
05	3	572	1	制服	-1	72	50	
05	3	572	2	TCG	-1	500	72	
05	3	575	0	星型八面体の杖+3	5	173	55	
05	3	575	1	寵愛のローブ+3	-1	60	55	
05	3	575	2	アイパッチ+3	-1	500	66	
05	3	576	0	ブロードソード+6*	3	157	66	
05	3	576	1	アイロンタイプシールド+3	-1	66	50	
05	3	576	2	シングルスターのタイピン+3	-1	864	35	
05	3	577	0	自分で削り出した杖+3*	3	157	50	
05	3	577	1	スマイルピンバッチ+3	-1	38	78	
05	3	577	2	『使命と劣等感』+3	-1	550	58	
05	3	578	0	サップ+6*	2	225	50	
05	3	578	1	レザーベスト+3	-1	55	60	
05	3	578	2	『　　』	-1	550	58	
05	3	579	0	守護脇差*	3	172	50	
05	3	579	1	セーラー服	-1	52	66	
05	3	579	2	リボン	-1	798	40	
05	3	580	0	魔導書	2	170	50	
05	3	580	1	フード付きローブ	-1	50	50	
05	3	580	2	烏の彫られた腕輪	-1	500	50	
05	3	581	0	漠の杖	2	170	55	
05	3	581	1	星空のジャケット	-1	45	60	
05	3	581	2	星のピン留め	-1	715	35	
05	3	582	0	炎架エルファリア	3	157	50	
05	3	582	1	魔女の誇り	-1	40	60	
05	3	582	2	金の十字架	-1	600	40	
05	3	584	0	青鈍色のピアス	3	157	50	
05	3	584	1	学園指定制服	-1	30	70	
05	3	584	2	護身用ダガー	-1	500	50	
05	3	585	0	ステッカーごてごてバトンステッキ（特注）*	1	242	50	
05	3	585	1	ひらひらの魔法マント	-1	50	60	
05	3	585	2	リング・オブ・イミテーション	-1	605	49	
05	3	586	0	棒杖・オウルボート	3	157	72	
05	3	586	1	学校指定制服	-1	30	101	
05	3	586	2	変装用丸メガネ	-1	500	72	
05	3	587	0	スペルキャスト	4	150	50	
05	3	587	1	余り気味の白衣	-1	30	70	
05	3	587	2	小さな鍵	-1	550	45	
05	3	588	0	黒鉄の刀*	1	292	50	
05	3	588	1	麻の装束	-1	36	84	
05	3	588	2	赤玉の簪	-1	877	40	
05	3	589	0	樫の杖	2	187	50	
05	3	589	1	新緑のローブ	-1	30	77	
05	3	589	2	ブロンズのトルク	-1	550	49	
05	3	590	0	5歳の誕生日にもらったフォーク*	1	200	50	
05	3	590	1	厚い脂肪	-1	50	50	
05	3	590	2	よだれかけ	-1	600	40	
05	3	591	0	銀のレイピア*	3	189	50	
05	3	591	1	銀の鎧	-1	55	50	
05	3	591	2	ブルートパーズ	-1	847	30	
05	3	592	0	誘魂灯	2	225	55	
05	3	592	1	墓守の外套	-1	72	50	
05	3	592	2	燐光石	-1	726	48	
05	3	593	0	鍵*	1	220	50	
05	3	593	1	学園のローブ	-1	50	50	
05	3	593	2	アメジストブローチ	-1	700	30	
05	3	595	0	ガラスの靴	3	172	55	
05	3	595	1	光籠のローブ	-1	40	72	
05	3	595	2	金のリボン	-1	550	55	
05	3	596	0	フウェマジーク*	1	292	50	
05	3	596	1	パティシエールの服	-1	72	50	
05	3	596	2	ビリビリヘアピン	-1	600	57	
05	3	597	0	メテオ辞典*	1	242	50	
05	3	597	1	超自然コート	-1	30	70	
05	3	597	2	裏起毛くつした	-1	600	40	
05	3	598	0	クーガー	1	266	55	
05	3	598	1	青ベス	-1	42	70	
05	3	598	2	金バック	-1	605	60	
05	3	599	0	製図用六分儀	3	207	50	
05	3	599	1	探索用安全靴	-1	39	70	
05	3	599	2	案内用羅針盤	-1	600	52	
05	3	600	0	古い知識	1	292	50	
05	3	600	1	空飛ぶクッション	-1	72	50	
05	3	600	2	青石のリボン	-1	731	50	
05	3	601	0	赤坂カサンドラ*	2	205	60	
05	3	601	1	冥土服・改	-1	58	60	
05	3	601	2	朱の折り鶴	-1	726	48	
05	3	602	0	ママの手縫いミトン	1	200	50	
05	3	602	1	パパのお手製マフラー	-1	30	70	
05	3	602	2	じぶんでつくったバレッタ	-1	700	30	
05	3	603	0	日月星辰の杖*	3	172	60	
05	3	603	1	リボンワンピ	-1	66	50	
05	3	603	2	星呼びの共鳴石	-1	500	66	
05	3	604	0	温泉タオル*	1	292	50	
05	3	604	1	銀行タオル	-1	72	50	
05	3	604	2	新聞タオル	-1	1024	30	
05	3	605	0	ベース*	3	157	50	
05	3	605	1	ベース（予備）	-1	45	55	
05	3	605	2	ベース（予備の予備）	-1	650	35	
05	3	606	0	スウィートドリーム*	2	225	55	
05	3	606	1	不確かな者	-1	30	101	
05	3	606	2	人の記憶	-1	600	57	
05	3	608	0	清廉の白	1	200	50	
05	3	608	1	リュミエール・ミステリューズ	-1	30	70	
05	3	608	2	小さな王子様のお話	-1	500	50	
05	3	609	0	ローズ・グリモア	4	150	50	
05	3	609	1	ゴシックミニドレス	-1	50	50	
05	3	609	2	マナクローク	-1	600	40	
05	3	610	0	ハンマー*	1	200	50	
05	3	610	1	魔法学園制服	-1	50	50	
05	3	610	2	粗末なネックレス	-1	700	30	
05	3	611	0	折れた剣*	2	205	50	
05	3	611	1	制服	-1	40	72	
05	3	611	2	お守りの剣	-1	600	48	
05	3	612	0	壁本	2	170	50	
05	3	612	1	分厚い雑誌	-1	50	50	
05	3	612	2	無地のしおり	-1	500	50	
05	3	613	0	大いなる平手	1	242	60	
05	3	613	1	手を出しづらい雰囲気	-1	30	101	
05	3	613	2	見た目から入る精神	-1	798	44	
05	3	614	0	神農本草経	3	157	50	
05	3	614	1	ぼろ布	-1	30	70	
05	3	614	2	燕の羽根	-1	500	50	
05	3	615	0	魔眼"ガンターレ"*	5	144	50	
05	3	615	1	覚悟の学ラン	-1	50	50	
05	3	615	2	魂のリーゼント	-1	500	50	
05	3	616	0	愛用の大剣*	1	200	50	
05	3	616	1	マント	-1	50	50	
05	3	616	2	チョーカー	-1	700	30	
05	3	617	0	エルドリッチロッド	4	165	66	
05	3	617	1	学園制服	-1	57	60	
05	3	617	2	ドクロのヘアピン	-1	550	63	
05	3	618	0	生ける炎	2	247	50	
05	3	618	1	炎の体	-1	72	50	
05	3	618	2	無尽の生命力	-1	770	39	
05	3	619	0	旧き知恵の枝	1	220	66	
05	3	619	1	現を包む悟性の衣	-1	72	50	
05	3	619	2	新しき叡智の眼	-1	500	72	
05	3	621	0	クラブのジャック	4	150	72	
05	3	621	1	ラッキーテール	-1	30	101	
05	3	621	2	17時の帰り道	-1	550	63	
05	3	622	0	晴空色の花片	3	172	55	
05	3	622	1	夜染色の外套	-1	35	78	
05	3	622	2	勿忘草色のブローチ	-1	500	60	
05	3	623	0	第十一位系譜の写本*	5	190	55	
05	3	623	1	コート	-1	30	101	
05	3	623	2	魔術の込められた手袋	-1	931	33	
05	3	624	0	マクスウェルの悪魔*	2	247	50	
05	3	624	1	紺瑠璃競泳着	-1	30	101	
05	3	624	2	枝珊瑚ヘアピン	-1	877	40	
05	3	625	0	虹欠魔導銃*	1	200	50	
05	3	625	1	大事なスカーフ	-1	35	65	
05	3	625	2	大事なポーチ	-1	600	40	
05	3	626	0	ナ・ナ・ナナナ	1	266	55	
05	3	626	1	ク・ク・ククク	-1	66	55	
05	3	626	2	ヒ・ヒ・ヒヒヒ	-1	931	33	
05	3	627	0	甘美なる痛み	1	292	50	
05	3	627	1	生きている証	-1	72	50	
05	3	627	2	緋色の雫	-1	877	40	
05	3	628	0	ガラスペン	2	205	60	
05	3	628	1	学園支給のローブ	-1	63	55	
05	3	628	2	青玉のペンダント	-1	500	72	
05	3	629	0	B・W・E・B・R*	1	266	55	
05	3	629	1	宵空のローブ	-1	42	70	
05	3	629	2	星屑ネックレス	-1	660	52	
05	3	630	0	タワーシールド*	1	200	72	
05	3	630	1	災鎧	-1	72	50	
05	3	630	2	命の護符	-1	1024	30	
05	3	631	0	ロストクロス*	2	187	66	
05	3	631	1	トゥルクフ教シスター服	-1	72	50	
05	3	631	2	禊の十字架	-1	1024	30	
05	3	632	0	ロストソウル	3	172	66	
05	3	632	1	トゥルクフ教シスター服	-1	72	50	
05	3	632	2	禊の十字架	-1	726	48	
05	3	633	0	錬金のレイピア	1	200	50	
05	3	633	1	私服	-1	50	50	
05	3	633	2	白銀のブレスレット	-1	600	40	
05	3	634	0	魔法のカウベル*	1	220	66	
05	3	634	1	中等部女子制服	-1	72	50	
05	3	634	2	青いブローチ	-1	950	35	
05	3	635	0	羊飼いの杖	3	157	72	
05	3	635	1	重い革のズボン	-1	66	55	
05	3	635	2	麻の手ぬぐい	-1	500	72	
05	3	636	0	細い氷柱	2	247	50	
05	3	636	1	雪狐の和衣	-1	66	55	
05	3	636	2	黒狐の毛糸	-1	864	38	
05	3	637	0	ポケットにいっぱいの石	2	247	50	
05	3	637	1	土汚れの目立つ制服	-1	30	101	
05	3	637	2	周囲舞う砂塵	-1	500	72	
05	3	638	0	質素な魔法の杖	1	242	50	
05	3	638	1	ロング丈ローブ	-1	41	65	
05	3	638	2	おしゃれリボン	-1	605	50	
05	3	639	0	ショットガン	3	157	50	
05	3	639	1	マント	-1	40	60	
05	3	639	2	ふわふわ	-1	600	40	
05	3	640	0	其は暗黒、苦悶の先に這いずる者	1	200	72	
05	3	640	1	其は暗澹、泥濘より手を伸ばす者	-1	30	101	
05	3	640	2	其は、冒涜の森に咲く一輪の花	-1	500	72	
05	3	641	0	竜の息	5	144	50	
05	3	641	1	竜の羽	-1	30	70	
05	3	641	2	竜の角	-1	600	40	
05	3	642	0	詠唱補助薬α	5	173	60	
05	3	642	1	改造制服	-1	33	92	
05	3	642	2	ポーションホルダー	-1	500	72	
05	3	643	0	甘美なる微笑み*	1	292	50	
05	3	643	1	洗練されし肉体	-1	66	55	
05	3	643	2	可憐なる花	-1	1024	30	
05	3	644	0	双旋剣*	1	200	50	
05	3	644	1	厄除けのマント	-1	30	70	
05	3	644	2	スフェーンの指輪	-1	500	50	
05	3	645	0	魔装手甲*	1	200	50	
05	3	645	1	いつもの服	-1	30	70	
05	3	645	2	すぐ失くす	-1	550	45	
05	3	647	0	黄金の指針*	1	292	50	
05	3	647	1	改造制服	-1	57	60	
05	3	647	2	革手袋	-1	550	63	
05	3	648	0	狩猟弓	3	172	60	
05	3	648	1	外套	-1	30	92	
05	3	648	2	首飾り	-1	605	55	
05	3	649	0	長槍	2	170	66	
05	3	649	1	防寒服	-1	30	92	
05	3	649	2	銀装飾	-1	726	44	
05	3	650	0	サーモレギュレーター*	1	220	60	
05	3	650	1	手入れされた毛並み	-1	30	92	
05	3	650	2	羽根飾り	-1	931	30	
05	3	651	0	絹の白手袋	1	200	66	
05	3	651	1	学園のローブ	-1	66	50	
05	3	651	2	お気に入りのリボン	-1	665	49	
05	3	652	0	骨の短剣	1	200	72	
05	3	652	1	普段着	-1	30	101	
05	3	652	2	髪製の編み靴	-1	731	50	
05	3	653	0	トリガーハッピーレイン	1	292	50	
05	3	653	1	ゴシックワンピース	-1	30	101	
05	3	653	2	姿隠しの魔女帽子	-1	600	57	
05	3	654	0	魔刃・溟鳴*	2	247	50	
05	3	654	1	下ろし立ての執事服	-1	40	86	
05	3	654	2	銀細工のタックピン	-1	600	57	
05	3	655	0	華爆薬	1	200	50	
05	3	655	1	精霊錬金衣	-1	30	70	
05	3	655	2	紅舞帯	-1	650	35	
05	3	657	0	ガラクタのロザリオ	3	157	50	
05	3	657	1	ただの布の服	-1	45	55	
05	3	657	2	母に持たされた安産祈願	-1	600	40	
05	3	659	0	マリス・マレフィカーム	1	200	50	
05	3	659	1	魔法の帽子	-1	30	70	
05	3	659	2	神の種	-1	500	50	
05	3	662	0	[ヽ拳]不語なるガニュメト	2	205	60	
05	3	662	1	[制服]赤	-1	72	50	
05	3	662	2	[時計]家族の写真	-1	1024	30	
05	3	663	0	ふつうの眼鏡	3	227	50	
05	3	663	1	黒いコート	-1	42	70	
05	3	663	2	カワセミのベレー帽	-1	731	50	
05	3	664	0	小刀デバイス*	2	170	50	
05	3	664	1	防水ボディ	-1	35	65	
05	3	664	2	デーモン魂魄	-1	500	50	
05	3	665	0	トランクケース	2	170	50	
05	3	665	1	人形の服	-1	40	60	
05	3	665	2	ヘッドドレス	-1	500	50	
05	3	666	0	恋の魔法を小さじ一杯	1	242	50	
05	3	666	1	赤い靴	-1	50	60	
05	3	666	2	螺子の巻けない懐中時計	-1	605	50	
05	3	667	0	十字架*	1	200	50	
05	3	667	1	シスター服	-1	40	60	
05	3	667	2	ロザリオ	-1	600	40	
05	3	668	0	オールペインティング*	1	200	60	
05	3	668	1	とうめいレインコート	-1	60	50	
05	3	668	2	エイのとくせいインク	-1	550	55	
05	3	669	0	綺麗な宝石のついた杖	3	157	50	
05	3	669	1	ふんわりとした服	-1	30	70	
05	3	669	2	お母さんがくれたリボン	-1	700	30	
05	3	670	0	凍槍の鉄傘	3	157	50	
05	3	670	1	氷状結界	-1	45	55	
05	3	670	2	過剰な冬装備	-1	700	30	
05	3	671	0	代々伝わる凄そうな杖	2	170	72	
05	3	671	1	着心地の良いいつもの服	-1	30	101	
05	3	671	2	主人に相応しい凄そうな心	-1	500	72	
05	3	672	0	増火ホース*	1	242	60	
05	3	672	1	主人から頂いたすごいやつ	-1	30	101	
05	3	672	2	超絶最高ウルトラ忠誠心	-1	931	33	
05	3	673	0	するどい牙	1	292	50	
05	3	673	1	かたい体毛	-1	30	101	
05	3	673	2	水かき	-1	731	50	
05	3	674	0	黒羽刃*	3	157	50	
05	3	674	1	魔紋入り手袋	-1	50	50	
05	3	674	2	紫色のピアス	-1	600	40	
05	3	675	0	アンサイト・リベリオン*	1	242	50	
05	3	675	1	着崩した制服	-1	53	55	
05	3	675	2	ダーリッチの卵	-1	847	30	
05	3	676	0	剣*	3	207	55	
05	3	676	1	盾	-1	58	60	
05	3	676	2	帽子	-1	804	45	
05	3	677	0	ティーカップワンド	2	205	60	
05	3	677	1	リンデンフラワードレス	-1	60	60	
05	3	677	2	セレッシャルストーン	-1	500	72	
05	3	678	0	そのへんの野良猫*	1	292	50	
05	3	678	1	猫に破かれた制服	-1	72	50	
05	3	678	2	赤いバンダナ	-1	877	40	
05	3	679	0	ソリッドシューター	3	172	66	
05	3	679	1	ディスプレイサークローク	-1	30	101	
05	3	679	2	翠玉の髪飾り	-1	550	63	
05	3	680	0	すてきなステッキ*	2	187	66	
05	3	680	1	あったかいローブ	-1	44	79	
05	3	680	2	ぴかぴかブローチ	-1	550	66	
05	3	681	0	神の一撃	2	170	50	
05	3	681	1	神速	-1	30	70	
05	3	681	2	神の御心	-1	600	40	
05	3	682	0	細剣『白銀』*	1	292	50	
05	3	682	1	いい布を使った制服	-1	72	50	
05	3	682	2	高貴たる心意気	-1	877	40	
05	3	683	0	異世界の太刀*	1	220	50	
05	3	683	1	勇者の鎧	-1	55	50	
05	3	683	2	白竜のペンダント	-1	770	30	
05	3	684	0	ミシュエラの日誌*	1	200	50	
05	3	684	1	ブレフスキ	-1	50	50	
05	3	684	2	リリバット	-1	700	30	
05	3	685	0	如水	1	200	50	
05	3	685	1	旋風	-1	30	70	
05	3	685	2	流星	-1	600	40	
05	3	686	0	魔法の爆薬	1	266	50	
05	3	686	1	ショートケープ	-1	72	50	
05	3	686	2	ヘアゴム	-1	1024	30	
05	3	687	0	灰鉄剣*	1	200	50	
05	3	687	1	半甲冑	-1	50	50	
05	3	687	2	竜骨のアミュレット	-1	700	30	
05	3	689	0	上質な煙管	3	227	50	
05	3	689	1	異邦の装束	-1	30	101	
05	3	689	2	銀の指輪	-1	600	57	
05	3	690	0	マジック羽根ペン*	5	209	50	
05	3	690	1	おじいちゃんのマント	-1	39	77	
05	3	690	2	分厚いメモ帳	-1	877	40	
05	3	691	0	おふだ	1	292	50	
05	3	691	1	ふだんぎ	-1	72	50	
05	3	691	2	どてら	-1	1024	30	
05	3	692	0	暁の宝珠	3	157	50	
05	3	692	1	故郷の民族衣装	-1	45	55	
05	3	692	2	小さな核の欠片	-1	550	45	
05	3	693	0	ウォータークラウン*	1	200	50	
05	3	693	1	ソウルエフェクター	-1	30	70	
05	3	693	2	レヴェリーソング	-1	500	50	
05	3	694	0	樫の長杖	1	292	50	
05	3	694	1	学園指定ローブ	-1	72	50	
05	3	694	2	見渡しのランプ	-1	500	72	
05	3	695	0	オオカミの牙	2	247	50	
05	3	695	1	オオカミの毛皮	-1	55	66	
05	3	695	2	紫リボン	-1	550	66	
05	3	696	0	肉切り包丁	1	292	50	
05	3	696	1	エプロン	-1	72	50	
05	3	696	2	マジカルコック帽	-1	798	44	
05	3	697	0	銘槌 「百屯」*	1	292	50	
05	3	697	1	大きめの制服	-1	35	93	
05	3	697	2	黄水晶のブローチ	-1	950	35	
05	3	698	0	パレットナイフ	1	292	50	
05	3	698	1	想念	-1	30	101	
05	3	698	2	生彩	-1	1024	30	
05	3	699	0	まんまる	3	157	72	
05	3	699	1	ふわふわ	-1	72	50	
05	3	699	2	ぴかぴか	-1	847	36	
05	3	700	0	気魂蒐媒符*	3	157	72	
05	3	700	1	紫壇堅牢の纏	-1	57	60	
05	3	700	2	特製呪符ホルダー	-1	1024	30	
05	3	701	0	沈み捧ぐ福音	1	200	50	
05	3	701	1	制服	-1	50	50	
05	3	701	2	刺胞動物の仮面	-1	700	30	
05	3	702	0	しらせのミディ	5	144	50	
05	3	702	1	こちゃくのヴィス	-1	50	50	
05	3	702	2	おうごんのジラソル	-1	550	45	
05	3	703	0	ポワレゾンシェ(斧)*	1	292	50	
05	3	703	1	母さまが作ったお洋服	-1	58	55	
05	3	703	2	花のブローチ	-1	550	58	
05	3	704	0	美しい透明の刃	1	200	50	
05	3	704	1	そんなものないわ	-1	50	50	
05	3	704	2	秘密と裏切り	-1	500	50	
05	3	705	0	魔導蒸気機関*	1	200	50	
05	3	705	1	魔鋼装甲	-1	50	50	
05	3	705	2	魔光信号	-1	700	30	
05	3	706	0	菩提樹のカッカラ*	1	220	50	
05	3	706	1	魔除けの護符	-1	30	77	
05	3	706	2	瞑想のベル	-1	770	30	
05	3	707	0	アパッチ・リボルバーM*	3	172	66	
05	3	707	1	魔法学園制服	-1	35	93	
05	3	707	2	イヤーカフス	-1	660	52	
05	3	708	0	ブルームーン*	4	165	66	
05	3	708	1	夜更の外套	-1	53	66	
05	3	708	2	思い出の耳飾り	-1	665	55	
05	3	709	0	魔導双銃《Artemis》*	1	292	50	
05	3	709	1	テイルコート	-1	72	50	
05	3	709	2	黒金のリボン	-1	600	57	
05	3	710	0	馴染みの釣竿	2	170	50	
05	3	710	1	ケーブルニットボレロ	-1	50	50	
05	3	710	2	ハニワ印のクッション	-1	650	35	
05	3	711	0	小さな魔石	1	292	50	
05	3	711	1	ケープ付きローブ	-1	30	101	
05	3	711	2	アメジストリボン	-1	1024	30	
05	3	712	0	セイクレッド	5	209	50	
05	3	712	1	動きやすい服	-1	40	86	
05	3	712	2	お揃いのリボン	-1	665	53	
05	3	713	0	ナイトメア	3	227	50	
05	3	713	1	お気に入りの服	-1	35	93	
05	3	713	2	お揃いリボン	-1	660	52	
05	3	714	0	獣竜の魔剣*	1	292	50	
05	3	714	1	騎士竜の鎧	-1	57	60	
05	3	714	2	騎士竜の鞘	-1	877	40	
05	3	715	0	ブロードソード*	3	157	50	
05	3	715	1	冒険者の基本装備	-1	40	60	
05	3	715	2	形見	-1	700	30	
05	3	716	0	クレアチン	3	157	50	
05	3	716	1	ピルビン	-1	50	50	
05	3	716	2	ヘキソキ	-1	500	50	
05	3	717	0	歴戦の柄杓*	1	220	66	
05	3	717	1	制服似のありあわせ服	-1	72	50	
05	3	717	2	お隣のおばさん手作りのお守り	-1	1024	30	
05	3	718	0	魔銃リボルバー*	3	207	55	
05	3	718	1	隼の衣	-1	30	101	
05	3	718	2	シトリのお守り	-1	600	57	
05	3	719	0	皿々屋敷の怪*	5	144	50	
05	3	719	1	怨念	-1	30	70	
05	3	719	2	十字のピアス	-1	500	50	
05	3	720	0	狐の護符	5	173	55	
05	3	720	1	狐の毛皮	-1	30	92	
05	3	720	2	記憶の中の声	-1	700	39	
05	3	721	0	端が焦げた魔術書	2	187	66	
05	3	721	1	愛用のマント	-1	48	72	
05	3	721	2	藍方石の指輪	-1	550	63	
05	3	723	0	スマートフォン	4	181	50	
05	3	723	1	現世の学生服	-1	50	60	
05	3	723	2	ゆめかわメイク	-1	550	53	
05	3	724	0	重たい魔導書*	2	170	50	
05	3	724	1	お下がりのコート	-1	40	60	
05	3	724	2	黒いリボンの髪飾り	-1	550	45	
05	3	725	0	カナタアーム*	1	200	72	
05	3	725	1	カナタボディ	-1	72	50	
05	3	725	2	カナタスマイル	-1	700	42	
05	3	726	0	プランタ	5	144	50	
05	3	726	1	ヘルバ	-1	40	60	
05	3	726	2	フロース	-1	500	50	
05	3	727	0	ブッキー	2	225	55	
05	3	727	1	ボーグン	-1	49	72	
05	3	727	2	ソーショック	-1	605	60	
05	3	728	0	ミスディレクション*	3	227	50	
05	3	728	1	グランデ★バスト	-1	57	60	
05	3	728	2	リストレイント★リング	-1	665	53	
05	3	729	0	長刀「白鯨」*	1	266	50	
05	3	729	1	制服	-1	30	92	
05	3	729	2	チョーカー	-1	500	66	
05	3	730	0	Overrun*	1	292	50	
05	3	730	1	Tooth and Nail	-1	50	72	
05	3	730	2	Beast Within	-1	500	72	
05	3	731	0	Ancient Caster	1	292	50	
05	3	731	1	Agent suit	-1	40	86	
05	3	731	2	Distant Gunner	-1	600	57	
05	3	732	0	星のワンド	1	292	50	
05	3	732	1	巡礼者のローブ	-1	50	50	
05	3	732	2	黑のチョーカー	-1	731	50	
05	3	733	0	宵の剣	1	200	72	
05	3	733	1	帳の外套	-1	57	60	
05	3	733	2	黒夜の羽	-1	700	42	
05	3	734	0	アメジスト・ワンド	1	266	55	
05	3	734	1	黒いマント	-1	35	93	
05	3	734	2	四石のバッジ	-1	660	52	
05	3	735	0	アルマノミコン	1	266	55	
05	3	735	1	アルマノローブ	-1	35	93	
05	3	735	2	アルマノハット	-1	600	57	
05	3	736	0	ブルースタッフ	3	207	55	
05	3	736	1	謎の袴	-1	50	72	
05	3	736	2	赤珊瑚の髪留め	-1	605	58	
05	3	737	0	ミトラちゃんソード*	1	242	60	
05	3	737	1	ミトラちゃんシールド	-1	50	72	
05	3	737	2	ミトラちゃんペンダント	-1	500	72	
05	3	738	0	分厚い辞書*	1	266	50	
05	3	738	1	夜色マント	-1	30	92	
05	3	738	2	赤いヘアピン	-1	665	50	
05	3	739	0	枝*	5	144	50	
05	3	739	1	樹皮	-1	30	70	
05	3	739	2	葉	-1	700	30	
05	3	740	0	山吹色の魔眼	3	172	55	
05	3	740	1	躑躅色の衣装	-1	55	55	
05	3	740	2	黄金色の細工	-1	665	45	
05	3	741	0	キュートなエガオ	5	144	50	
05	3	741	1	ガラスのハート	-1	50	50	
05	3	741	2	あふれるハンサム	-1	500	50	
05	3	742	0	くじけない一生懸命パワー	1	200	50	
05	3	742	1	がんばるどきどきハート	-1	50	50	
05	3	742	2	ダイヤカルテ･クラウン	-1	500	50	
05	3	743	0	氷剣*	1	242	50	
05	3	743	1	軽い服	-1	30	84	
05	3	743	2	赤いネクタイ	-1	500	60	
05	3	744	0	水の槍	2	247	50	
05	3	744	1	水の衣	-1	72	50	
05	3	744	2	水の髪飾り	-1	500	72	
05	3	746	0	魔法学園のロッド	3	157	72	
05	3	746	1	魔法学園の制服	-1	40	86	
05	3	746	2	召喚契約印	-1	1024	30	
05	3	747	0	魔剣アルフレッド*	1	242	55	
05	3	747	1	黒鉄の鎧	-1	66	50	
05	3	747	2	遺髪の小瓶	-1	931	30	
05	3	748	0	遠き幸福を掴むシノちゃんアーム*	1	220	50	
05	3	748	1	いつものジャージ	-1	30	77	
05	3	748	2	いつもの眼鏡	-1	550	50	
05	3	749	0	鉄の杖	2	170	50	
05	3	749	1	魔ローブ	-1	50	50	
05	3	749	2	蒼のペンダント	-1	550	45	
05	3	750	0	呪札	1	292	50	
05	3	750	1	マジックローブ	-1	72	50	
05	3	750	2	虹色の涙石	-1	550	66	
05	3	751	0	Black Sebas Ⅱ*	1	242	50	
05	3	751	1	自動調律服(Class:E)	-1	53	55	
05	3	751	2	イケイケサングラス	-1	650	41	
05	3	752	0	術式刻印のナイフ*	2	247	50	
05	3	752	1	仕込み入りドレス	-1	35	93	
05	3	752	2	赤い液体の入った小瓶	-1	726	48	
05	3	753	0	丈夫なグローブ*	1	242	50	
05	3	753	1	指定のローブ	-1	30	84	
05	3	753	2	故郷のお守り	-1	500	55	
05	3	754	0	ゴーレム術師のタクト	1	200	50	
05	3	754	1	おさがりのシスター服	-1	58	55	
05	3	754	2	形見のアミュレット	-1	550	45	
05	3	755	0	スノウ・スタッフ	5	144	50	
05	3	755	1	王族のドレス	-1	40	60	
05	3	755	2	耳飾りのタリスマン	-1	550	45	
05	3	756	0	黒猫の手袋	1	266	50	
05	3	756	1	黒猫柄のワンピース	-1	66	50	
05	3	756	2	黒猫のカチューシャ	-1	605	55	
05	3	757	0	使い古したハルバード*	1	292	50	
05	3	757	1	ブレスレット	-1	72	50	
05	3	757	2	おまもり	-1	726	48	
05	3	758	0	精麻の白手袋	3	157	72	
05	3	758	1	シスタードレス	-1	30	101	
05	3	758	2	聖印	-1	500	72	
05	3	759	0	もりぬいばり*	2	205	60	
05	3	759	1	このはまとい	-1	35	93	
05	3	759	2	みどりぼうし	-1	665	53	
05	3	760	0	魔狼のワンド	3	157	50	
05	3	760	1	常夜のドレス	-1	30	70	
05	3	760	2	月のシンボル	-1	500	50	
05	3	762	0	普通の杖	4	165	55	
05	3	762	1	ローブ	-1	30	84	
05	3	762	2	四角い眼鏡	-1	550	55	
05	3	763	0	不思議な注射器	5	144	50	
05	3	763	1	薄手の白衣	-1	30	70	
05	3	763	2	黄色のサングラス	-1	500	50	
05	3	764	0	A.M.S	1	242	50	
05	3	764	1	身を隠す外套	-1	60	50	
05	3	764	2	ヴァイスの紋	-1	770	33	
05	3	765	0	エキュメー	2	205	50	
05	3	765	1	アセゾネ	-1	72	50	
05	3	765	2	グラチネ	-1	877	40	
05	3	766	0	ねじれた魔導杖+3	1	292	50	
05	3	766	1	キマイラの威嚇+3	-1	30	101	
05	3	766	2	大きな魔法帽+3	-1	500	72	
05	3	767	0	特別製ランタン*	2	170	66	
05	3	767	1	自分用制服	-1	50	66	
05	3	767	2	クソデカ帽子	-1	500	66	
05	3	768	0	魔法の杖	1	292	50	
05	3	768	1	レザー	-1	66	55	
05	3	768	2	マント	-1	804	45	
05	3	769	0	エキュメー	5	144	50	
05	3	769	1	アセゾネ	-1	30	101	
05	3	769	2	グラチネ	-1	550	63	
05	3	770	0	あの日の朝	2	205	60	
05	3	770	1	忘れかけた昼下がり	-1	58	60	
05	3	770	2	さかさまの夕暮れ	-1	665	53	
05	3	771	0	双剣　霧雨*	1	292	50	
05	3	771	1	ベスト	-1	52	66	
05	3	771	2	飾り小手	-1	804	45	
05	3	772	0	捨てられた魔導書*	4	199	55	
05	3	772	1	粘液	-1	30	101	
05	3	772	2	魔力の痕跡	-1	500	72	
05	3	773	0	魔力の蔦	1	266	55	
05	3	773	1	軽くなる綿	-1	44	79	
05	3	773	2	翼葉	-1	798	44	
05	3	774	0	破かれたページ*	1	200	50	
05	3	774	1	呪文翅	-1	30	70	
05	3	774	2	魔力探知の触角	-1	600	40	
05	3	775	0	破かれたページ*	4	199	55	
05	3	775	1	呪文翅	-1	30	101	
05	3	775	2	魔力探知の触角	-1	605	58	
05	3	776	0	紺碧のスフィア	5	144	60	
05	3	776	1	闇色のローブ	-1	60	50	
05	3	776	2	蒼碧のブローチ	-1	726	40	
05	3	777	0	それっぽい杖	1	292	50	
05	3	777	1	ローブ	-1	50	72	
05	3	777	2	御守り	-1	550	66	
05	3	778	0	硫黄の杖	1	220	66	
05	3	778	1	黒焔のマント	-1	30	101	
05	3	778	2	静寂の印章	-1	500	72	
05	3	779	0	愛用の短刀*	1	292	50	
05	3	779	1	支給制服	-1	30	101	
05	3	779	2	基礎魔術機構	-1	731	50	
05	3	780	0	氷晶刃*	2	205	60	
05	3	780	1	融けざる蒼衣	-1	50	72	
05	3	780	2	藍色の耳飾り	-1	665	53	
05	3	781	0	夢の音色	1	292	50	
05	3	781	1	影の音色	-1	45	79	
05	3	781	2	水の音色	-1	798	44	
05	3	782	0	六魔法全書*	1	266	55	
05	3	782	1	エイジング加工されたローブ	-1	72	50	
05	3	782	2	おかあさんのばんそうこう	-1	1024	30	
05	3	783	0	バスタード・ソード	1	292	50	
05	3	783	1	ハーフ・プレート	-1	72	50	
05	3	783	2	リング・オヴ・バイタリティ	-1	1024	30	
05	3	784	0	理外の腕*	1	200	50	
05	3	784	1	論外の体	-1	40	60	
05	3	784	2	人外の脚	-1	600	40	
05	3	785	0	戦ぐ枝葉の刃*	1	292	50	
05	3	785	1	藍色の翼	-1	30	101	
05	3	785	2	木彫りのアミュレット	-1	798	44	
05	3	786	0	八角棍	1	292	50	
05	3	786	1	煙水霧隠れ	-1	30	101	
05	3	786	2	髪留めリボン	-1	798	44	
05	3	787	0	車太刀『鈴鳴御堂』	1	292	50	
05	3	787	1	儀礼済み着衣	-1	30	101	
05	3	787	2	立間の護符	-1	726	48	
05	3	788	0	けものパンチング	1	292	50	
05	3	788	1	レザージャケット	-1	30	101	
05	3	788	2	柏の紫葉	-1	500	72	
05	3	789	0	オリハルコン*	1	220	50	
05	3	789	1	ミスリルアーマー	-1	44	60	
05	3	789	2	精霊姫のティアラ	-1	770	30	
05	3	790	0	FANATIC	1	266	55	
05	3	790	1	ケープちゃん	-1	30	101	
05	3	790	2	仮面くん	-1	931	33	
05	3	791	0	ｳｲｰﾝ*	5	144	66	
05	3	791	1	ｶﾞｼｬ	-1	66	50	
05	3	791	2	ﾋﾟｶ	-1	665	50	
05	3	792	0	金色の羊*	5	173	60	
05	3	792	1	羊飼いの服	-1	36	84	
05	3	792	2	羊飼いの杖	-1	1024	30	
05	3	794	0	怪しい書物	1	200	50	
05	3	794	1	夜燕の羽	-1	50	50	
05	3	794	2	キュートな眼鏡	-1	500	50	
05	3	795	0	レタッ	5	144	72	
05	3	795	1	ウパシ	-1	30	101	
05	3	795	2	チリ	-1	550	66	
05	3	796	0	早仕掛け*	3	172	66	
05	3	796	1	チタン製蹄鉄	-1	36	84	
05	3	796	2	緑のゼッケン	-1	665	55	
05	3	797	0	大追い差し*	5	209	50	
05	3	797	1	チタン製蹄鉄	-1	57	60	
05	3	797	2	青のゼッケン	-1	1024	30	
05	3	798	0	ご立派ホーン	5	173	60	
05	3	798	1	霊気の毛皮	-1	72	50	
05	3	798	2	ピュアホワイト尻尾	-1	500	72	
05	3	799	0	えへっ☆	1	266	50	
05	3	799	1	がっしり服	-1	66	50	
05	3	799	2	きらきらマント	-1	847	33	
05	3	800	0	借りた短杖	3	172	66	
05	3	800	1	どこかの制服	-1	40	86	
05	3	800	2	猫のチャーム	-1	877	40	
05	3	801	0	物干し竿*	2	170	72	
05	3	801	1	学ラン	-1	50	72	
05	3	801	2	学生証	-1	600	57	
05	3	802	0	模造剣*	2	170	72	
05	3	802	1	学園戦闘着	-1	50	72	
05	3	802	2	学園章	-1	600	57	
05	3	803	0	五十五太刀*	1	200	72	
05	3	803	1	平民着物	-1	72	50	
05	3	803	2	襟巻	-1	605	60	
05	3	804	0	招雷の魔扇	2	247	50	
05	3	804	1	魔導法衣	-1	40	86	
05	3	804	2	赤い守護石	-1	950	35	
05	3	806	0	闇狐	3	157	50	
05	3	806	1	巫女装束	-1	40	60	
05	3	806	2	鈴	-1	500	50	
05	3	807	0	魔法のヤリ*	1	200	72	
05	3	807	1	勇気	-1	35	93	
05	3	807	2	黄色いリボン	-1	660	52	
05	3	808	0	ナックルリング*	1	292	50	
05	3	808	1	カスタム制服	-1	50	72	
05	3	808	2	ヘアピン	-1	950	35	
05	3	809	0	園芸用スコップ	2	187	55	
05	3	809	1	制服	-1	50	60	
05	3	809	2	園芸用手袋	-1	665	45	
05	3	810	0	星のブージ*	1	200	50	
05	3	810	1	金の皮	-1	40	60	
05	3	810	2	海の一滴	-1	600	40	
05	3	812	0	キュートなステッキ*	1	200	72	
05	3	812	1	ヒラヒラスカート	-1	30	101	
05	3	812	2	ワンポイントリボン	-1	726	48	
05	3	813	0	グイ呑み	2	170	50	
05	3	813	1	白無垢	-1	50	50	
05	3	813	2	一升瓶	-1	500	50	
05	3	814	0	バンデージ*	1	200	50	
05	3	814	1	マジカル制服	-1	50	50	
05	3	814	2	パートタイム眼鏡	-1	600	40	
05	3	815	0	ブーメラン	3	172	66	
05	3	815	1	赤銅	-1	36	84	
05	3	815	2	マフラー	-1	665	55	
05	3	816	0	魔導レーザーポインター	5	144	72	
05	3	816	1	学生服	-1	40	86	
05	3	816	2	シュシュ	-1	550	66	
05	3	817	0	Spectra Inciter	1	292	50	
05	3	817	1	Noble Shroud	-1	40	86	
05	3	817	2	Feast of Prey	-1	650	49	
05	3	818	0	蹄ヒール	2	205	50	
05	3	818	1	制服	-1	50	60	
05	3	818	2	髪飾り	-1	660	44	
05	3	819	0	ティー*	2	205	60	
05	3	819	1	ゆるふわリボンのストール	-1	44	79	
05	3	819	2	星飾りのヘアバンド	-1	550	63	
05	3	821	0	にくきゅう*	1	220	66	
05	3	821	1	首輪	-1	72	50	
05	3	821	2	鈴	-1	804	45	
05	3	822	0	ラズバサイザ*	1	242	60	
05	3	822	1	皮鎧	-1	72	50	
05	3	822	2	シルバークロス	-1	550	66	
05	3	823	0	拾った魔杖	3	227	50	
05	3	823	1	拾った防具	-1	30	101	
05	3	823	2	拾った装飾	-1	660	52	
05	3	824	0	黒のレイピア*	1	292	50	
05	3	824	1	流星のマント	-1	30	101	
05	3	824	2	三日月	-1	877	40	
05	3	825	0	魔法学入門書	1	266	50	
05	3	825	1	制服	-1	66	50	
05	3	825	2	星型のブローチ	-1	550	58	
05	3	826	0	ホウキ	1	220	60	
05	3	826	1	おにゅーの制服	-1	30	92	
05	3	826	2	思い出の髪留め	-1	500	66	
05	3	827	0	オニキスのプランシェット	3	189	60	
05	3	827	1	死臭を纏ったローブ	-1	50	72	
05	3	827	2	身に覚えのないロケットペンダント	-1	500	72	
05	3	828	0	スターライトステッキ	4	199	50	
05	3	828	1	潮鉄細工の装甲ローブ	-1	66	50	
05	3	828	2	セイレーンのお守り	-1	770	36	
05	3	829	0	不格好な短杖	2	170	50	
05	3	829	1	魔法学園の制服	-1	50	50	
05	3	829	2	緑石のループタイ	-1	600	40	
05	3	830	0	古びた解体包丁	2	170	50	
05	3	830	1	防水ズボン	-1	50	50	
05	3	830	2	海の石のお守り	-1	650	35	
05	3	831	0	特殊ファイバーナイフ	1	200	50	
05	3	831	1	かっぽうぎ	-1	50	50	
05	3	831	2	頭巾	-1	500	50	
05	3	832	0	特殊ファイバーナイフ	1	200	50	
05	3	832	1	かっぽうぎ	-1	50	50	
05	3	832	2	頭巾	-1	500	50	
05	3	833	0	特殊ファイバーナイフ	1	200	50	
05	3	833	1	かっぽうぎ	-1	50	50	
05	3	833	2	頭巾	-1	500	50	
05	3	834	0	特殊ファイバーナイフ	1	200	50	
05	3	834	1	かっぽうぎ	-1	50	50	
05	3	834	2	頭巾	-1	500	50	
05	3	835	0	特殊ファイバーナイフ	1	200	50	
05	3	835	1	かっぽうぎ	-1	50	50	
05	3	835	2	頭巾	-1	500	50	
05	3	836	0	test	1	200	50	
05	3	836	1	test	-1	50	50	
05	3	836	2	test	-1	500	50	
05	3	837	0	test	1	200	50	
05	3	837	1	test	-1	50	50	
05	3	837	2	test	-1	500	50	
05	3	838	0	不格好な短杖	2	170	72	
05	3	838	1	魔法学園の制服	-1	72	50	
05	3	838	2	緑石のループタイ	-1	660	52	
05	3	839	0	古びた解体包丁*	2	187	66	
05	3	839	1	防水ズボン	-1	66	55	
05	3	839	2	海の石のお守り	-1	715	45	
05	3	840	0	斬馬刀*	1	200	50	
05	3	840	1	魔法使いっぽいローブ	-1	50	50	
05	3	840	2	銀のペンダント	-1	500	50	
05	3	841	0	万色の符号	3	207	55	
05	3	841	1	万色の障壁	-1	72	50	
05	3	841	2	逆順の副虹	-1	877	40	
05	3	842	0	学園英雄伝説*	1	292	50	
05	3	842	1	トレンチコート	-1	50	72	
05	3	842	2	スカーフ	-1	500	72	
05	3	843	0	黒オーブ（in抱き枕）	3	227	50	
05	3	843	1	快眠マント	-1	72	50	
05	3	843	2	安眠ナイトキャップ	-1	950	35	
05	3	844	0	H.F.M*	2	247	50	
05	3	844	1	Vlsignelse	-1	45	79	
05	3	844	2	Vlsignelse	-1	550	63	
05	3	845	0	《硫黄》*	2	247	50	
05	3	845	1	《水銀》	-1	30	101	
05	3	845	2	《塩》	-1	550	66	
05	3	846	0	狼追い*	5	144	72	
05	3	846	1	白毛糸	-1	30	101	
05	3	846	2	グリーンフローライト	-1	500	72	
05	3	847	0	火を待つ骨*	2	247	50	
05	3	847	1	祖霊の愛	-1	72	50	
05	3	847	2	歯と牙と爪	-1	1024	30	
05	3	848	0	応援旗	3	157	60	
05	3	848	1	ふわふわローブ	-1	50	60	
05	3	848	2	ペンラ・イト	-1	660	44	
05	3	849	0	愛らしさ*	2	187	66	
05	3	849	1	赤い甲殻	-1	45	79	
05	3	849	2	黒い点々	-1	804	45	
05	3	850	0	ミッドナイトロッド	3	157	50	
05	3	850	1	ミッドナイトドレス	-1	50	50	
05	3	850	2	ミッドナイトティアラ	-1	500	50	
05	3	851	0	白猫の肉球*	1	200	55	
05	3	851	1	白猫の白毛	-1	30	77	
05	3	851	2	白猫の橙瞳	-1	500	55	
05	3	852	0	灰猫の肉球*	1	200	55	
05	3	852	1	灰猫の金剛毛	-1	50	55	
05	3	852	2	灰猫の金瞳	-1	770	30	
05	3	853	0	橙宝の輝き	5	158	50	
05	3	853	1	橙宝の煌き	-1	30	77	
05	3	853	2	橙宝の瞬き	-1	500	55	
05	3	854	0	煌宝の明光	5	144	55	
05	3	854	1	煌宝の輝光	-1	50	55	
05	3	854	2	煌宝の無称光	-1	770	30	
05	3	855	0	マジックバンクル	2	205	55	
05	3	855	1	制服	-1	30	92	
05	3	855	2	米粒のイヤリング	-1	550	58	
05	3	856	0	特殊ファイバーナイフ	1	200	50	
05	3	856	1	素敵なかっぽうぎ	-1	50	50	
05	3	856	2	まんじゅう頭巾	-1	500	50	
05	3	857	0	骨貝の杖	3	227	50	
05	3	857	1	波纏のローブ	-1	50	72	
05	3	857	2	青珊瑚の御守り	-1	500	72	
05	3	858	0	マナロッド*	1	200	50	
05	3	858	1	制服のローブ	-1	50	50	
05	3	858	2	ミネラルキューブ	-1	500	50	
05	3	859	0	紅玉の指輪	3	157	50	
05	3	859	1	古代魔導王朝衣装	-1	50	50	
05	3	859	2	召喚陣	-1	600	40	
05	3	860	0	魔杖 『タイムリーフ』	5	209	50	
05	3	860	1	魔衣 『Eclipse』	-1	72	50	
05	3	860	2	魔鈴 『S･V･N』	-1	500	72	
05	3	861	0	速度と質量	1	220	50	
05	3	861	1	硬い材質	-1	55	50	
05	3	861	2	謎めいたオーラ	-1	550	50	
05	3	862	0	聖女の猟銃	1	292	50	
05	3	862	1	魔王の霊装	-1	30	101	
05	3	862	2	艶色の左腕	-1	500	72	
05	3	863	0	ブルームワンド+4	3	227	50	
05	3	863	1	蒼のローブ+4	-1	49	65	
05	3	863	2	水の精霊石+4	-1	500	72	
05	3	864	0	使いこまれた魔導書	5	144	50	
05	3	864	1	祝福の白いリボン	-1	50	50	
05	3	864	2	魔石のピアス	-1	500	50	
05	3	866	0	黄金の拘束具	4	181	50	
05	3	866	1	黄金の足環	-1	30	84	
05	3	866	2	黄金のジャラジャラ	-1	550	55	
05	3	867	0	おさがりの魔導書	1	200	50	
05	3	867	1	夜のローブ	-1	50	50	
05	3	867	2	『レプリカ：青い月』	-1	500	50	
05	3	868	0	アーク・ブレスドレイピア*	1	292	50	
05	3	868	1	朝の木陰	-1	30	101	
05	3	868	2	レプリカ・オーウェンリング	-1	660	52	
05	3	869	0	水晶のサーベル*	1	292	50	
05	3	869	1	魔力の盾	-1	40	86	
05	3	869	2	口紅	-1	600	57	
05	3	870	0	黒枝	2	205	60	
05	3	870	1	フード	-1	63	55	
05	3	870	2	黒水晶	-1	605	58	
05	3	871	0	魔法の力	1	242	50	
05	3	871	1	大きなコート	-1	60	50	
05	3	871	2	ネックレス	-1	770	33	
05	3	872	0	ピンクのにくきゅう	5	144	60	
05	3	872	1	しろいくつした	-1	30	84	
05	3	872	2	ペンライトしっぽ	-1	605	50	
05	3	873	0	ヤナギの杖	1	220	50	
05	3	873	1	シルクのネクタイ	-1	50	55	
05	3	873	2	金の指輪	-1	500	55	
05	3	874	0	スキルカード【響奏】	4	150	72	
05	3	874	1	ククルマの花束	-1	30	101	
05	3	874	2	魔法の栞『リトル・プロミス』	-1	804	45	
05	3	875	0	スキルカード［分身］*	1	292	50	
05	3	875	1	ストロールフラワー［分身］	-1	35	93	
05	3	875	2	アーティファクト［分身］	-1	877	40	
05	3	876	0	スキルカード［分身］*	1	200	72	
05	3	876	1	ストロールフラワー［分身］	-1	35	93	
05	3	876	2	アーティファクト［分身］	-1	877	40	
05	3	877	0	虹色の指	3	227	50	
05	3	877	1	だぼだぼコート	-1	30	101	
05	3	877	2	丸い羽根帽子	-1	700	42	
05	3	878	0	曖昧な意志*	1	200	50	
05	3	878	1	危うい意思	-1	50	50	
05	3	878	2	確かな遺志	-1	700	30	
05	3	879	0	お古の魔導書	2	170	66	
05	3	879	1	マントフード	-1	35	85	
05	3	879	2	しじまの護符	-1	550	58	
05	3	881	0	スタッフ	1	200	50	
05	3	881	1	ローブ	-1	40	60	
05	3	881	2	リング	-1	600	40	
05	3	882	0	奇妙な物体*	3	157	50	
05	3	882	1	オカルトローブ	-1	50	50	
05	3	882	2	各地のオカルト土産	-1	600	40	
05	3	883	0	ソード*	1	200	50	
05	3	883	1	ローブ	-1	40	60	
05	3	883	2	バングル	-1	600	40	
05	3	885	0	シールド	1	200	50	
05	3	885	1	ローブ	-1	40	60	
05	3	885	2	ピアス	-1	600	40	
05	3	886	0	ファルカタ*	1	200	50	
05	3	886	1	ローブ	-1	50	50	
05	3	886	2	ベルト	-1	500	50	
05	3	887	0	剛脚*	1	200	50	
05	3	887	1	防御結界	-1	30	70	
05	3	887	2	守りの護符	-1	600	40	
05	3	888	0	なし	1	200	50	
05	3	888	1	なし	-1	50	50	
05	3	888	2	なし	-1	500	50	
05	3	889	0	気合	3	157	50	
05	3	889	1	根性	-1	40	60	
05	3	889	2	変なオーラ	-1	550	45	
05	3	890	0	クリスタル	2	225	50	
05	3	890	1	ローブ	-1	66	50	
05	3	890	2	マント	-1	665	50	
05	3	891	0	リスキーX*	1	220	66	
05	3	891	1	新緑色の服	-1	50	72	
05	3	891	2	薬剤ホルダー	-1	731	50	
05	3	892	0	鉄の剣	5	144	50	
05	3	892	1	白衣	-1	30	70	
05	3	892	2	血星石の腕輪	-1	500	66	
05	3	893	0	竜剣レピドス*	2	247	50	
05	3	893	1	緑風のスカーフ	-1	30	101	
05	3	893	2	電気石のサークレット	-1	877	40	
05	3	894	0	鉄杖	3	227	50	
05	3	894	1	無形の鎧	-1	72	50	
05	3	894	2	獣の冠	-1	700	30	
05	3	895	0	ペンギンすらっしゃー*	1	200	50	
05	3	895	1	あついしぼう	-1	50	50	
05	3	895	2	キュートなおめめ	-1	700	30	
05	3	896	0	朔風の凍てつき	5	144	50	
05	3	896	1	柔らかな追い風	-1	30	70	
05	3	896	2	木の芽風	-1	600	40	
05	3	897	0	コットンの包帯	3	157	72	
05	3	897	1	白羽ローブ	-1	72	50	
05	3	897	2	学園缶バッジ	-1	500	72	
05	3	898	0	翼のついた櫂*	1	220	50	
05	3	898	1	白羽ローブ	-1	44	60	
05	3	898	2	綺麗なハット	-1	605	45	
05	3	899	0	魔導砲*	1	200	50	
05	3	899	1	増殖装甲	-1	50	50	
05	3	899	2	高精度センサー	-1	500	50	
05	3	900	0	ねむたげな眼	2	225	50	
05	3	900	1	だらしないローブ	-1	40	79	
05	3	900	2	声なき声	-1	500	66	
05	3	901	0	合金の腕*	1	200	72	
05	3	901	1	合金の体	-1	72	50	
05	3	901	2	合金の肌	-1	1024	30	
05	3	902	0	マラカス*	2	170	50	
05	3	902	1	メキシカンハット	-1	50	50	
05	3	902	2	キュートなおめめ	-1	700	30	
05	3	903	0	かわいいおてて	1	242	50	
05	3	903	1	よくうごくつる	-1	50	60	
05	3	903	2	きらきらのたま	-1	500	60	
05	3	904	0	綺麗な宝石	5	144	50	
05	3	904	1	ふわふわの服	-1	30	70	
05	3	904	2	黄色い羽	-1	700	30	
05	3	905	0	2.7mm機関銃	4	150	50	
05	3	905	1	硬そうで硬くない装甲	-1	40	60	
05	3	905	2	鳥類専用射撃管制頭脳	-1	600	40	
05	3	906	0	大きな杖	3	189	50	
05	3	906	1	支給のままの制服	-1	44	66	
05	3	906	2	左耳ピアス	-1	500	60	
05	3	907	0	鈍器*	1	200	50	
05	3	907	1	いつもの服	-1	50	50	
05	3	907	2	十字架	-1	700	30	
05	3	908	0	古い杖	1	220	60	
05	3	908	1	古い服	-1	55	60	
05	3	908	2	古い石	-1	500	66	
05	3	909	0	フェルグ•ノーツ*	2	205	50	
05	3	909	1	羽根飾りのブーツ	-1	49	60	
05	3	909	2	煌めく紅玉のチェーン	-1	605	49	
05	3	910	0	可能性	2	170	50	
05	3	910	1	矜恃	-1	50	50	
05	3	910	2	過去の成功	-1	550	45	
05	3	911	0	影魚	5	209	50	
05	3	911	1	黄金の輪	-1	30	101	
05	3	911	2	貝の留め具	-1	660	52	
05	3	912	0	古びた剣*	1	200	50	
05	3	912	1	くたびれた皮鎧	-1	50	50	
05	3	912	2	地味な指輪	-1	700	30	
05	3	913	0	カシワの杖	2	225	55	
05	3	913	1	ピシッとした制服	-1	48	72	
05	3	913	2	タイツ	-1	731	50	
05	3	915	0	飛翔の暗器	2	187	50	
05	3	915	1	コート	-1	50	55	
05	3	915	2	ピアス	-1	500	55	
05	3	916	0	銀の剣	1	200	66	
05	3	916	1	レースのドレス	-1	50	60	
05	3	916	2	ロングブーツ	-1	847	36	
05	3	917	0	朝霜のブーツ	3	172	50	
05	3	917	1	暮明のコート+1	-1	50	55	
05	3	917	2	シュシュ	-1	700	33	
05	3	918	0	銀星のランシア	2	170	50	
05	3	918	1	存在定義の星衣	-1	50	50	
05	3	918	2	"複製"の髪飾り	-1	700	30	
05	3	919	0	紙	1	220	66	
05	3	919	1	水	-1	40	86	
05	3	919	2	塩	-1	600	57	
05	3	920	0	阿僧祇*	1	220	66	
05	3	920	1	那由多	-1	55	66	
05	3	920	2	不可思議	-1	550	66	
05	3	921	0	ふわふわぬいぐるみ*	3	227	50	
05	3	921	1	防寒具	-1	30	101	
05	3	921	2	バブルチャーム	-1	1024	30	
05	3	922	0	腕力*	1	242	60	
05	3	922	1	腕力	-1	40	86	
05	3	922	2	腕力	-1	600	57	
05	3	923	0	光るペーパーナイフ	2	225	50	
05	3	923	1	星型のボウタイ	-1	58	55	
05	3	923	2	ピンクのボウタイ	-1	605	53	
05	3	924	0	まほうのつえ*	2	247	50	
05	3	924	1	くまのきぐるみ	-1	30	101	
05	3	924	2	レースのリボン	-1	1024	30	
05	3	925	0	剥離攻性防禦	1	266	55	
05	3	925	1	硬化組織等液	-1	72	50	
05	3	925	2	神秘性誘引体	-1	1024	30	
05	3	926	0	フックショット*	3	157	50	
05	3	926	1	冒険者の服	-1	30	70	
05	3	926	2	手に入れたお宝	-1	600	40	
05	3	927	0	弓*	2	187	66	
05	3	927	1	領巾	-1	45	71	
05	3	927	2	鳴子	-1	715	45	
05	3	928	0	ティン・ランス*	2	225	50	
05	3	928	1	夜色の魔導衣	-1	30	92	
05	3	928	2	変転の月虹	-1	500	66	
05	3	929	0	『秋霖』	1	266	55	
05	3	929	1	逃げの心	-1	30	101	
05	3	929	2	水仙の髪留め	-1	877	40	
05	3	930	0	-	1	266	50	
05	3	930	1	-	-1	40	79	
05	3	930	2	-	-1	600	52	
05	3	931	0	野蛮人の槍	2	170	50	
05	3	931	1	重い毛皮の鎧	-1	35	65	
05	3	931	2	ルーンのチャーム	-1	700	30	
05	3	932	0	野蛮人の槍	2	170	50	
05	3	932	1	なめし革の鎧	-1	30	70	
05	3	932	2	ルーンのチャーム	-1	600	40	
05	3	933	0	僅かに錆びた短刀	2	170	50	
05	3	933	1	水の衣	-1	45	55	
05	3	933	2	雫の首飾り	-1	550	45	
05	3	934	0	X2	2	225	50	
05	3	934	1	X2	-1	40	79	
05	3	934	2	X2	-1	600	52	
05	3	935	0	X3*	1	266	50	
05	3	935	1	X3	-1	50	66	
05	3	935	2	X3	-1	500	66	
05	3	936	0	ブレイズ・スチーム*	1	200	50	
05	3	936	1	鋼鉄の洋服	-1	50	50	
05	3	936	2	メロンパン	-1	500	50	
05	3	937	0	零距離攻撃*	2	170	50	
05	3	937	1	タンクトップ	-1	50	50	
05	3	937	2	後の先一族の証	-1	600	40	
05	3	938	0	ランタンの灯火	3	157	50	
05	3	938	1	蒸気機関の洋服	-1	50	50	
05	3	938	2	カンテラ	-1	500	50	
05	3	939	0	鉄パイプ*	1	200	50	
05	3	939	1	ニーソックス	-1	50	50	
05	3	939	2	赤いチョーカー	-1	500	50	
05	3	940	0	海よりの杖	5	144	50	
05	3	940	1	深き海の華	-1	50	50	
05	3	940	2	海鳴きのランタン	-1	500	50	
05	3	941	0	test	1	200	50	
05	3	941	1	test	-1	50	50	
05	3	941	2	test	-1	500	50	
05	3	942	0	植物辞典*	1	266	55	
05	3	942	1	チョッキ	-1	72	50	
05	3	942	2	ミトン	-1	731	50	
05	3	943	0	ネコパンチ	1	292	50	
05	3	943	1	正義執行服	-1	30	101	
05	3	943	2	ネコバッジ	-1	500	72	
05	3	944	0	水晶の杖*	1	292	50	
05	3	944	1	天藍石のブローチ	-1	72	50	
05	3	944	2	真珠のブレスレット	-1	605	58	
05	3	945	0	硫黄の槍*	2	170	50	
05	3	945	1	辰砂の衣	-1	35	65	
05	3	945	2	魔術師の剣	-1	500	50	
05	3	949	0	心中模索*	2	170	50	
05	3	949	1	らぶのチカラ	-1	30	70	
05	3	949	2	らぶなハート	-1	500	50	
05	3	950	0	+10黄金の左腕	1	242	50	
05	3	950	1	制服	-1	48	60	
05	3	950	2	星のブローチ	-1	600	48	
05	3	951	0	独鈷杵*	3	157	50	
05	3	951	1	武蘭鈷	-1	50	50	
05	3	951	2	蔵羅裁縫	-1	500	50	
05	3	952	0	掴み取る爪*	1	242	50	
05	3	952	1	褐色の翼	-1	60	50	
05	3	952	2	お守り	-1	847	30	
05	3	953	0	翡翠*	2	205	60	
05	3	953	1	常夜の鏡	-1	30	101	
05	3	953	2	清月の指輪	-1	847	36	
05	3	954	0	蜘蛛飾りの杖	1	242	55	
05	3	954	1	蜘蛛の意図	-1	52	60	
05	3	954	2	雲のイヤリング	-1	605	53	
05	3	955	0	魔力収束リング*	1	266	55	
05	3	955	1	紺のベスト	-1	44	79	
05	3	955	2	翠玉のループタイ	-1	660	52	
05	3	956	0	黄金の拘束具	4	150	50	
05	3	956	1	黄金の足環	-1	30	70	
05	3	956	2	黄金のジャラジャラ	-1	500	50	
05	3	957	0	リトルヴァルカ	4	199	55	
05	3	957	1	風の精霊の加護	-1	35	93	
05	3	957	2	小さな結晶石	-1	665	55	
05	3	958	0	質素な杖	3	157	55	
05	3	958	1	深紅のベスト	-1	30	101	
05	3	958	2	簡素な指輪	-1	500	72	
05	3	959	0	カタナブレードLv4*	1	292	50	
05	3	959	1	故郷の制服Lv4	-1	72	50	
05	3	959	2	TRPGルールブック	-1	798	44	
05	3	960	0	ミュエラの教え	5	173	50	
05	3	960	1	オルディナ魔術正装	-1	48	60	
05	3	960	2	天の施し	-1	500	60	
05	3	961	0	銀のメス	2	187	66	
05	3	961	1	古めのコート	-1	57	60	
05	3	961	2	スズランのイヤリング	-1	847	36	
05	3	962	0	真っ赤なスポイト	1	220	66	
05	3	962	1	強靭な羽	-1	72	50	
05	3	962	2	花粉の髪飾り	-1	731	50	
05	3	963	0	魔剣ツキノワ*	1	242	50	
05	3	963	1	黒い毛皮	-1	60	50	
05	3	963	2	はちみつストック	-1	660	44	
05	3	964	0	雪華	3	172	55	
05	3	964	1	白い毛皮	-1	40	72	
05	3	964	2	しゃけストック	-1	500	60	
05	3	965	0	護神刀*	1	242	60	
05	3	965	1	戦装束	-1	72	50	
05	3	965	2	緋神の簪	-1	700	42	
05	3	966	0	河童の爪	1	200	55	
05	3	966	1	河童の甲羅	-1	50	55	
05	3	966	2	綺麗めの石	-1	550	50	
05	3	967	0	魔法の剣*	1	220	50	
05	3	967	1	新品の制服	-1	50	55	
05	3	967	2	ルビーのペンダント	-1	550	50	
05	3	968	0	手斧	1	220	50	
05	3	968	1	ぶかぶかのジャンパー	-1	55	50	
05	3	968	2	ゲームボーイアドバンスSP	-1	770	30	
05	3	969	0	マジックハンマー*	1	200	50	
05	3	969	1	耐寒コート	-1	50	50	
05	3	969	2	ピアス	-1	500	50	
05	3	970	0	棒	1	292	50	
05	3	970	1	布	-1	30	101	
05	3	970	2	髷	-1	500	72	
05	3	971	0	手裏剣*	1	220	60	
05	3	971	1	目立たない服	-1	50	60	
05	3	971	2	手甲	-1	1024	30	
05	3	972	0	拳*	1	200	50	
05	3	972	1	服	-1	50	50	
05	3	972	2	帯	-1	500	50	
05	3	973	0	拳*	1	200	50	
05	3	973	1	胴着	-1	30	70	
05	3	973	2	鉢巻	-1	700	30	
05	3	974	0	とおりゃんせ	3	172	50	
05	3	974	1	影鬼	-1	30	77	
05	3	974	2	黒狐の面	-1	700	33	
05	3	975	0	ニードルワンド	3	157	72	
05	3	975	1	滑らかローブ	-1	30	101	
05	3	975	2	機械仕掛けの指輪	-1	665	53	
05	3	976	0	焼き芋	5	144	50	
05	3	976	1	芋の天婦羅	-1	50	50	
05	3	976	2	スイートポテト	-1	500	50	
05	3	977	0	マリス	3	207	55	
05	3	977	1	ウシア	-1	50	72	
05	3	977	2	キミア	-1	665	55	
05	3	978	0	暗器ペン	3	207	50	
05	3	978	1	カジュアルスーツ	-1	58	55	
05	3	978	2	不屈の心	-1	731	45	
05	3	979	0	人間分解くん*	2	187	50	
05	3	979	1	どこでも移動くん	-1	30	77	
05	3	979	2	バイオ循環ペンダント	-1	500	55	
05	3	980	0	かっこいい木刀	1	200	72	
05	3	980	1	空手道着	-1	72	50	
05	3	980	2	カチンコ	-1	731	50	
05	3	981	0	呪いの笛	1	200	60	
05	3	981	1	薄手のローブ	-1	30	84	
05	3	981	2	なぞのペンダント	-1	726	40	
05	3	982	0	ショートナイフ	2	225	55	
05	3	982	1	もこもこコート	-1	55	66	
05	3	982	2	ふわふわマフラー	-1	931	33	
05	3	983	0	木彫りの指輪	1	242	60	
05	3	983	1	カシミアのストール	-1	72	50	
05	3	983	2	野花の栞	-1	1024	30	
05	3	984	0	風切剣*	2	225	55	
05	3	984	1	学ラン	-1	30	101	
05	3	984	2	包帯	-1	665	55	
05	3	985	0	空色トーピード*	1	220	60	
05	3	985	1	セーラー服（真）	-1	30	92	
05	3	985	2	航海の羅針盤	-1	500	66	
05	3	986	0	炎のワンド	1	292	50	
05	3	986	1	耐熱性コート	-1	50	72	
05	3	986	2	烈火の指輪	-1	500	72	
05	3	987	0	月の契約書	1	292	50	
05	3	987	1	反結界組織	-1	30	101	
05	3	987	2	時を刻まない時計	-1	500	72	
05	3	988	0	太陽の契約書	1	292	50	
05	3	988	1	反結界組織	-1	30	101	
05	3	988	2	時を刻まない時計	-1	500	72	
05	3	989	0	Ａ・Ｂ・Ｃ*	1	200	66	
05	3	989	1	Ｍ・Ｂ・Ｓ	-1	30	92	
05	3	989	2	交通安全御守	-1	665	50	
05	3	990	0	『プラティーン』*	1	292	50	
05	3	990	1	白金の衣	-1	72	50	
05	3	990	2	さいはての祈り	-1	1024	30	
05	3	991	0	ヴァンパイアロッド*	5	209	50	
05	3	991	1	魔法学園制服	-1	39	77	
05	3	991	2	大きなローブ	-1	1024	30	
05	3	992	0	マリス	5	144	66	
05	3	992	1	ドレス	-1	30	92	
05	3	992	2	プレシャス	-1	931	30	
05	3	993	0	短い杖	3	157	50	
05	3	993	1	学校の制服	-1	40	60	
05	3	993	2	思い出の指輪	-1	500	50	
05	3	994	0	クリスタルロッド*	1	200	50	
05	3	994	1	ローブ	-1	60	50	
05	3	994	2	本能的魔術防御	-1	786	35	
05	3	995	0	ステゴロ	1	200	50	
05	3	995	1	白衣	-1	30	70	
05	3	995	2	眼鏡	-1	700	30	
05	3	996	0	かっこいーぼう*	2	170	50	
05	3	996	1	がくせいふく	-1	30	70	
05	3	996	2	ぴーまんぼうし	-1	600	40	
05	3	997	0	銘ヤシルセ	1	200	66	
05	3	997	1	紺碧の長ベスト	-1	45	72	
05	3	997	2	白金の髪飾り	-1	650	45	
05	3	998	0	鬼呪焔刀『修羅』*	2	247	50	
05	3	998	1	黒曜の衣	-1	30	101	
05	3	998	2	黒曜の外套	-1	1024	30	
05	3	999	0	鬼呪鉄扇『羅刹』	3	189	60	
05	3	999	1	黒曜の衣	-1	30	101	
05	3	999	2	黒曜の羽織	-1	500	72	
05	3	1000	0	鏡	3	157	66	
05	3	1000	1	ゴスロリドレス	-1	66	50	
05	3	1000	2	黒いチョーカー	-1	700	39	
05	3	1001	0	闇夜の狩人（ゆみ）	3	157	50	
05	3	1001	1	虚空を纏うもの（せいふく）	-1	40	60	
05	3	1001	2	時を刻む絡繰（とけい）	-1	500	50	
05	3	1002	0	鉤爪のついた杖	1	200	50	
05	3	1002	1	赤いローブ	-1	50	50	
05	3	1002	2	星型のアクセサリー	-1	500	50	
05	3	1003	0	 	1	200	50	
05	3	1003	1	 	-1	50	50	
05	3	1003	2	 	-1	500	50	
05	3	1004	0	ブラッドスペル・ジェネレイト	1	200	72	
05	3	1004	1	魔法学園の制服	-1	72	50	
05	3	1004	2	真紅の血脈	-1	700	42	
05	3	1005	0	しなやかな爪*	2	247	50	
05	3	1005	1	軽いコート	-1	30	101	
05	3	1005	2	縞々のマフラー	-1	726	48	
05	3	1006	0	椿の杖	5	144	60	
05	3	1006	1	菊の法衣	-1	55	50	
05	3	1006	2	白詰草のペンダント	-1	600	44	
05	3	1007	0	ペルメルの赤*	1	242	50	
05	3	1007	1	白衣	-1	60	50	
05	3	1007	2	指輪	-1	500	60	
05	3	1008	0	封印されていた魔剣*	1	220	66	
05	3	1008	1	黒のジャケット	-1	30	101	
05	3	1008	2	堕ちた光輪	-1	550	63	
05	3	1009	0	パイルバンカー*	1	242	50	
05	3	1009	1	マント	-1	60	50	
05	3	1009	2	琥珀の耳飾り	-1	847	30	
05	3	1010	0	名も無き長剣*	1	242	50	
05	3	1010	1	風のマント	-1	30	84	
05	3	1010	2	花飾り	-1	500	50	
05	3	1011	0	彼岸桜＆ブルークロノス*	1	292	50	
05	3	1011	1	普通の制服	-1	30	101	
05	3	1011	2	銀の首飾り	-1	600	57	
05	3	1012	0	長めの片手剣*	1	200	50	
05	3	1012	1	学園の制服	-1	30	77	
05	3	1012	2	古ぼけた鞘の装飾	-1	650	35	
05	3	1013	0	シュバルツ・シュヴェールト*	1	242	55	
05	3	1013	1	インビジブルクローク	-1	30	92	
05	3	1013	2	魔結晶の指輪	-1	798	40	
05	3	1014	0	赤輝石の杖＆風精の剣	2	247	50	
05	3	1014	1	障壁魔術	-1	72	50	
05	3	1014	2	青き魔の花	-1	500	72	
05	3	1015	0	ホワイトサイス*	1	242	60	
05	3	1015	1	改装制服	-1	55	66	
05	3	1015	2	黒いヘアピン	-1	550	66	
05	3	1016	0	滑舌*	1	292	50	
05	3	1016	1	着流	-1	72	50	
05	3	1016	2	扇子	-1	1024	30	
05	3	1017	0	黒鴉の銃杖	5	144	50	
05	3	1017	1	黒華の外套	-1	30	70	
05	3	1017	2	銀輪の装身具	-1	500	50	
05	3	1018	0	クレイモア*	2	225	50	
05	3	1018	1	学園の制服	-1	30	92	
05	3	1018	2	携帯式砥石	-1	605	53	
05	3	1020	0	深雪の錫杖+2	2	205	50	
05	3	1020	1	黒紅の外套	-1	50	50	
05	3	1020	2	火守の御印+2	-1	500	60	
05	3	1021	0	クロスボウ*	3	207	55	
05	3	1021	1	ソフトレザー	-1	45	71	
05	3	1021	2	形見のリング	-1	550	63	
05	3	1022	0	餓狼の爪*	1	242	60	
05	3	1022	1	布の服	-1	30	101	
05	3	1022	2	首輪	-1	550	63	
05	3	1023	0	魔刀『蒼月』	3	157	50	
05	3	1023	1	星詠みの装束	-1	50	50	
05	3	1023	2	精霊の目	-1	500	50	
05	3	1024	0	睡眠拳_微睡*	1	220	66	
05	3	1024	1	モコモコじゃない私服_Act2	-1	58	60	
05	3	1024	2	モコモコな髪の毛_Act2	-1	731	49	
05	3	1025	0	ほーりーろっど	3	157	50	
05	3	1025	1	すーぱーあーまー	-1	50	50	
05	3	1025	2	光の加護	-1	500	50	
05	3	1026	0	マナリング	5	144	50	
05	3	1026	1	ソフトレザー	-1	50	50	
05	3	1026	2	聖印	-1	550	45	
05	3	1027	0	型番S-T7b*	1	266	50	
05	3	1027	1	金属製ボディ	-1	50	66	
05	3	1027	2	疑似感情装置	-1	500	66	
05	3	1028	0	守護天使のリボルバー	2	247	50	
05	3	1028	1	テープ補修済のコート	-1	72	50	
05	3	1028	2	ヘアピン	-1	500	72	
05	3	1029	0	粛聖剣アゴ・ラディウス*	1	266	55	
05	3	1029	1	紅の外套	-1	57	60	
05	3	1029	2	聖光のロザリオ	-1	550	66	
05	3	1031	0	天涙*	1	292	50	
05	3	1031	1	亜流の道着	-1	45	71	
05	3	1031	2	銀糸の太刀緒	-1	798	44	
05	3	1033	0	メテオライト	5	158	66	
05	3	1033	1	ムーンライト	-1	30	101	
05	3	1033	2	スターライト	-1	500	72	
05	3	1035	0	木剣（支給品）*	1	200	50	
05	3	1035	1	うにくろのふく	-1	30	70	
05	3	1035	2	父の手帳	-1	700	30	
05	3	1036	0	破城手甲*	1	292	50	
05	3	1036	1	大型重装鎧	-1	72	50	
05	3	1036	2	追加装甲	-1	1024	30	
05	3	1037	0	ドゥーペライフル	5	144	50	
05	3	1037	1	ケフェウスバリアー	-1	45	55	
05	3	1037	2	惑星ベガの耳飾り	-1	700	30	
05	3	1039	0	snake head*	2	225	55	
05	3	1039	1	nocturnal fish	-1	52	66	
05	3	1039	2	gaper	-1	665	53	
05	3	1040	0	*	2	170	50	
05	3	1040	1					
05	3	1040	2					
05	3	1044	0	誘なう魅声*	2	247	50	
05	3	1044	1	蕩ける四肢	-1	30	101	
05	3	1044	2	真珠の涙	-1	1024	30	
05	3	1045	0	呪弾	3	227	50	
05	3	1045	1	可変装束	-1	72	50	
05	3	1045	2	瑠璃のリング	-1	600	44	
05	3	1046	0	エピクロス	2	170	50	
05	3	1046	1		-1	30	70	
05	3	1046	2		-1	700	30	
05	3	1047	0	*	2	170	50	
05	3	1047	1		-1	30	70	
05	3	1047	2		-1	700	30	
05	3	1048	0	*	2	170	50	
05	3	1048	1		-1	30	70	
05	3	1048	2		-1	700	30	
05	3	1051	0	テンカルト	1	220	50	
05	3	1051	1	おさがりのローブ	-1	30	77	
05	3	1051	2	革のカードホルダー	-1	500	55	
05	3	1052	0	test	1	200	50	
05	3	1052	1	test	-1	50	50	
05	3	1052	2	test	-1	500	50	
05	3	1053	0	杖槍オグドアド	1	292	50	
05	3	1053	1	水竜鱗	-1	45	79	
05	3	1053	2	制魔の指輪	-1	950	35	
05	3	1054	0	杖剣ダモクレス	1	292	50	
05	3	1054	1	水竜鱗	-1	49	65	
05	3	1054	2	リボン	-1	550	63	
05	3	1055	0	漆黒の指輪	1	292	50	
05	3	1055	1	漆黒の衣	-1	50	72	
05	3	1055	2	赤縁眼鏡	-1	500	72	
05	3	1056	0	ブロードソード*	1	200	50	
05	3	1056	1	チェインメイル	-1	50	50	
05	3	1056	2	ヒゲ	-1	700	30	
05	3	1057	0	烈火の槍	5	144	50	
05	3	1057	1	烈火の衣	-1	30	70	
05	3	1057	2	烈火の勾玉	-1	700	30	
05	3	1058	0	天魔・力符	2	247	50	
05	3	1058	1	東雲	-1	49	65	
05	3	1058	2	玉鶴	-1	650	49	
05	3	1059	0	おひめさまマイク*	1	200	50	
05	3	1059	1	おひめさまのドレス	-1	50	50	
05	3	1059	2	おうかん	-1	700	30	
05	3	1060	0	圧縮酸素砲*	3	157	50	
05	3	1060	1	普段着	-1	35	65	
05	3	1060	2	メガネ	-1	600	40	
05	3	1061	0	使い慣れた箒	4	150	50	
05	3	1061	1	メイド服	-1	50	50	
05	3	1061	2	ヘッドドレス	-1	500	50	
05	3	1062	0	双盾(昇龍)*	1	200	50	
05	3	1062	1	双盾(降龍)	-1	50	50	
05	3	1062	2	龍泉	-1	700	30	
05	3	1063	0	星穿つ弓*	5	144	50	
05	3	1063	1	海神の衣	-1	50	50	
05	3	1063	2	トパーズリング	-1	600	40	
05	3	1064	0	千枚通し	1	200	50	
05	3	1064	1	制服	-1	30	70	
05	3	1064	2	メガネ	-1	700	30	
