result_no	generate_no	p_no	i_no	name	type_id	strength	note	
01	0	1	1	マジックキャンディ	9	10	MSP↑
01	0	2	1	マジックキャンディ	9	10	MSP↑
01	0	3	1	マジックキャンディ	9	10	MSP↑
01	0	4	1	マジックキャンディ	9	10	MSP↑
01	0	5	1	マジックキャンディ	9	10	MSP↑
01	0	6	1	マジックキャンディ	9	10	MSP↑
01	0	7	1	マジックキャンディ	9	10	MSP↑
01	0	8	1	マジックキャンディ	9	10	MSP↑
01	0	9	1	マジックキャンディ	9	10	MSP↑
01	0	10	1	マジックキャンディ	9	10	MSP↑
01	0	11	1	マジックキャンディ	9	10	MSP↑
01	0	12	1	マジックキャンディ	9	10	MSP↑
01	0	13	1	マジックキャンディ	9	10	MSP↑
01	0	14	1	マジックキャンディ	9	10	MSP↑
01	0	15	1	マジックキャンディ	9	10	MSP↑
01	0	16	1	マジックキャンディ	9	10	MSP↑
01	0	17	1	マジックキャンディ	9	10	MSP↑
01	0	18	1	マジックキャンディ	9	10	MSP↑
01	0	19	1	マジックキャンディ	9	10	MSP↑
01	0	20	1	マジックキャンディ	9	10	MSP↑
01	0	21	1	マジックキャンディ	9	10	MSP↑
01	0	22	1	マジックキャンディ	9	10	MSP↑
01	0	23	1	マジックキャンディ	9	10	MSP↑
01	0	24	1	マジックキャンディ	9	10	MSP↑
01	0	25	1	マジックキャンディ	9	10	MSP↑
01	0	26	1	マジックキャンディ	9	10	MSP↑
01	0	27	1	マジックキャンディ	9	10	MSP↑
01	0	28	1	マジックキャンディ	9	10	MSP↑
01	0	29	1	マジックキャンディ	9	10	MSP↑
01	0	30	1	マジックキャンディ	9	10	MSP↑
01	0	31	1	マジックキャンディ	9	10	MSP↑
01	0	32	1	マジックキャンディ	9	10	MSP↑
01	0	33	1	マジックキャンディ	9	10	MSP↑
01	0	34	1	マジックキャンディ	9	10	MSP↑
01	0	35	1	マジックキャンディ	9	10	MSP↑
01	0	36	1	マジックキャンディ	9	10	MSP↑
01	0	37	1	マジックキャンディ	9	10	MSP↑
01	0	38	1	マジックキャンディ	9	10	MSP↑
01	0	39	1	マジックキャンディ	9	10	MSP↑
01	0	40	1	マジックキャンディ	9	10	MSP↑
01	0	41	1	マジックキャンディ	9	10	MSP↑
01	0	42	1	マジックキャンディ	9	10	MSP↑
01	0	43	1	マジックキャンディ	9	10	MSP↑
01	0	44	1	マジックキャンディ	9	10	MSP↑
01	0	45	1	マジックキャンディ	9	10	MSP↑
01	0	46	1	マジックキャンディ	9	10	MSP↑
01	0	47	1	マジックキャンディ	9	10	MSP↑
01	0	48	1	マジックキャンディ	9	10	MSP↑
01	0	49	1	マジックキャンディ	9	10	MSP↑
01	0	50	1	マジックキャンディ	9	10	MSP↑
01	0	51	1	マジックキャンディ	9	10	MSP↑
01	0	52	1	マジックキャンディ	9	10	MSP↑
01	0	53	1	マジックキャンディ	9	10	MSP↑
01	0	54	1	マジックキャンディ	9	10	MSP↑
01	0	55	1	マジックキャンディ	9	10	MSP↑
01	0	56	1	マジックキャンディ	9	10	MSP↑
01	0	57	1	マジックキャンディ	9	10	MSP↑
01	0	58	1	マジックキャンディ	9	10	MSP↑
01	0	59	1	マジックキャンディ	9	10	MSP↑
01	0	60	1	マジックキャンディ	9	10	MSP↑
01	0	61	1	マジックキャンディ	9	10	MSP↑
01	0	62	1	マジックキャンディ	9	10	MSP↑
01	0	63	1	マジックキャンディ	9	10	MSP↑
01	0	64	1	マジックキャンディ	9	10	MSP↑
01	0	65	1	マジックキャンディ	9	10	MSP↑
01	0	66	1	マジックキャンディ	9	10	MSP↑
01	0	67	1	マジックキャンディ	9	10	MSP↑
01	0	68	1	マジックキャンディ	9	10	MSP↑
01	0	69	1	マジックキャンディ	9	10	MSP↑
01	0	70	1	マジックキャンディ	9	10	MSP↑
01	0	71	1	マジックキャンディ	9	10	MSP↑
01	0	72	1	マジックキャンディ	9	10	MSP↑
01	0	73	1	マジックキャンディ	9	10	MSP↑
01	0	74	1	マジックキャンディ	9	10	MSP↑
01	0	75	1	マジックキャンディ	9	10	MSP↑
01	0	76	1	マジックキャンディ	9	10	MSP↑
01	0	77	1	マジックキャンディ	9	10	MSP↑
01	0	78	1	マジックキャンディ	9	10	MSP↑
01	0	79	1	マジックキャンディ	9	10	MSP↑
01	0	80	1	マジックキャンディ	9	10	MSP↑
01	0	81	1	マジックキャンディ	9	10	MSP↑
01	0	82	1	マジックキャンディ	9	10	MSP↑
01	0	83	1	マジックキャンディ	9	10	MSP↑
01	0	84	1	マジックキャンディ	9	10	MSP↑
01	0	85	1	マジックキャンディ	9	10	MSP↑
01	0	86	1	マジックキャンディ	9	10	MSP↑
01	0	87	1	マジックキャンディ	9	10	MSP↑
01	0	88	1	マジックキャンディ	9	10	MSP↑
01	0	89	1	マジックキャンディ	9	10	MSP↑
01	0	90	1	マジックキャンディ	9	10	MSP↑
01	0	91	1	マジックキャンディ	9	10	MSP↑
01	0	92	1	マジックキャンディ	9	10	MSP↑
01	0	93	1	マジックキャンディ	9	10	MSP↑
01	0	94	1	マジックキャンディ	9	10	MSP↑
01	0	95	1	マジックキャンディ	9	10	MSP↑
01	0	96	1	マジックキャンディ	9	10	MSP↑
01	0	97	1	マジックキャンディ	9	10	MSP↑
01	0	98	1	マジックキャンディ	9	10	MSP↑
01	0	99	1	マジックキャンディ	9	10	MSP↑
01	0	100	1	マジックキャンディ	9	10	MSP↑
01	0	101	1	マジックキャンディ	9	10	MSP↑
01	0	102	1	マジックキャンディ	9	10	MSP↑
01	0	103	1	マジックキャンディ	9	10	MSP↑
01	0	104	1	マジックキャンディ	9	10	MSP↑
01	0	105	1	マジックキャンディ	9	10	MSP↑
01	0	106	1	マジックキャンディ	9	10	MSP↑
01	0	107	1	マジックキャンディ	9	10	MSP↑
01	0	108	1	マジックキャンディ	9	10	MSP↑
01	0	109	1	マジックキャンディ	9	10	MSP↑
01	0	110	1	マジックキャンディ	9	10	MSP↑
01	0	111	1	マジックキャンディ	9	10	MSP↑
01	0	112	1	マジックキャンディ	9	10	MSP↑
01	0	113	1	マジックキャンディ	9	10	MSP↑
01	0	114	1	マジックキャンディ	9	10	MSP↑
01	0	115	1	マジックキャンディ	9	10	MSP↑
01	0	116	1	マジックキャンディ	9	10	MSP↑
01	0	117	1	マジックキャンディ	9	10	MSP↑
01	0	118	1	マジックキャンディ	9	10	MSP↑
01	0	119	1	マジックキャンディ	9	10	MSP↑
01	0	120	1	マジックキャンディ	9	10	MSP↑
01	0	121	1	マジックキャンディ	9	10	MSP↑
01	0	122	1	マジックキャンディ	9	10	MSP↑
01	0	123	1	マジックキャンディ	9	10	MSP↑
01	0	124	1	マジックキャンディ	9	10	MSP↑
01	0	125	1	マジックキャンディ	9	10	MSP↑
01	0	126	1	マジックキャンディ	9	10	MSP↑
01	0	127	1	マジックキャンディ	9	10	MSP↑
01	0	128	1	マジックキャンディ	9	10	MSP↑
01	0	129	1	マジックキャンディ	9	10	MSP↑
01	0	130	1	マジックキャンディ	9	10	MSP↑
01	0	131	1	マジックキャンディ	9	10	MSP↑
01	0	132	1	マジックキャンディ	9	10	MSP↑
01	0	133	1	マジックキャンディ	9	10	MSP↑
01	0	134	1	マジックキャンディ	9	10	MSP↑
01	0	135	1	マジックキャンディ	9	10	MSP↑
01	0	136	1	マジックキャンディ	9	10	MSP↑
01	0	137	1	マジックキャンディ	9	10	MSP↑
01	0	139	1	マジックキャンディ	9	10	MSP↑
01	0	140	1	マジックキャンディ	9	10	MSP↑
01	0	141	1	マジックキャンディ	9	10	MSP↑
01	0	142	1	マジックキャンディ	9	10	MSP↑
01	0	143	1	マジックキャンディ	9	10	MSP↑
01	0	144	1	マジックキャンディ	9	10	MSP↑
01	0	145	1	マジックキャンディ	9	10	MSP↑
01	0	146	1	マジックキャンディ	9	10	MSP↑
01	0	147	1	マジックキャンディ	9	10	MSP↑
01	0	148	1	マジックキャンディ	9	10	MSP↑
01	0	149	1	マジックキャンディ	9	10	MSP↑
01	0	150	1	マジックキャンディ	9	10	MSP↑
01	0	151	1	マジックキャンディ	9	10	MSP↑
01	0	152	1	マジックキャンディ	9	10	MSP↑
01	0	153	1	マジックキャンディ	9	10	MSP↑
01	0	154	1	マジックキャンディ	9	10	MSP↑
01	0	155	1	マジックキャンディ	9	10	MSP↑
01	0	156	1	マジックキャンディ	9	10	MSP↑
01	0	157	1	マジックキャンディ	9	10	MSP↑
01	0	158	1	マジックキャンディ	9	10	MSP↑
01	0	159	1	マジックキャンディ	9	10	MSP↑
01	0	160	1	マジックキャンディ	9	10	MSP↑
01	0	161	1	マジックキャンディ	9	10	MSP↑
01	0	162	1	マジックキャンディ	9	10	MSP↑
01	0	163	1	マジックキャンディ	9	10	MSP↑
01	0	164	1	マジックキャンディ	9	10	MSP↑
01	0	165	1	マジックキャンディ	9	10	MSP↑
01	0	166	1	マジックキャンディ	9	10	MSP↑
01	0	167	1	マジックキャンディ	9	10	MSP↑
01	0	168	1	マジックキャンディ	9	10	MSP↑
01	0	169	1	マジックキャンディ	9	10	MSP↑
01	0	170	1	マジックキャンディ	9	10	MSP↑
01	0	171	1	マジックキャンディ	9	10	MSP↑
01	0	172	1	マジックキャンディ	9	10	MSP↑
01	0	173	1	マジックキャンディ	9	10	MSP↑
01	0	174	1	マジックキャンディ	9	10	MSP↑
01	0	175	1	マジックキャンディ	9	10	MSP↑
01	0	176	1	マジックキャンディ	9	10	MSP↑
01	0	177	1	マジックキャンディ	9	10	MSP↑
01	0	178	1	マジックキャンディ	9	10	MSP↑
01	0	179	1	マジックキャンディ	9	10	MSP↑
01	0	180	1	マジックキャンディ	9	10	MSP↑
01	0	181	1	マジックキャンディ	9	10	MSP↑
01	0	182	1	マジックキャンディ	9	10	MSP↑
01	0	183	1	マジックキャンディ	9	10	MSP↑
01	0	184	1	マジックキャンディ	9	10	MSP↑
01	0	185	1	マジックキャンディ	9	10	MSP↑
01	0	186	1	マジックキャンディ	9	10	MSP↑
01	0	187	1	マジックキャンディ	9	10	MSP↑
01	0	188	1	マジックキャンディ	9	10	MSP↑
01	0	189	1	マジックキャンディ	9	10	MSP↑
01	0	190	1	マジックキャンディ	9	10	MSP↑
01	0	191	1	マジックキャンディ	9	10	MSP↑
01	0	192	1	マジックキャンディ	9	10	MSP↑
01	0	193	1	マジックキャンディ	9	10	MSP↑
01	0	194	1	マジックキャンディ	9	10	MSP↑
01	0	195	1	マジックキャンディ	9	10	MSP↑
01	0	196	1	マジックキャンディ	9	10	MSP↑
01	0	197	1	マジックキャンディ	9	10	MSP↑
01	0	198	1	マジックキャンディ	9	10	MSP↑
01	0	199	1	マジックキャンディ	9	10	MSP↑
01	0	200	1	マジックキャンディ	9	10	MSP↑
01	0	201	1	マジックキャンディ	9	10	MSP↑
01	0	202	1	マジックキャンディ	9	10	MSP↑
01	0	203	1	マジックキャンディ	9	10	MSP↑
01	0	204	1	マジックキャンディ	9	10	MSP↑
01	0	205	1	マジックキャンディ	9	10	MSP↑
01	0	206	1	マジックキャンディ	9	10	MSP↑
01	0	207	1	マジックキャンディ	9	10	MSP↑
01	0	208	1	マジックキャンディ	9	10	MSP↑
01	0	209	1	マジックキャンディ	9	10	MSP↑
01	0	210	1	マジックキャンディ	9	10	MSP↑
01	0	211	1	マジックキャンディ	9	10	MSP↑
01	0	212	1	マジックキャンディ	9	10	MSP↑
01	0	213	1	マジックキャンディ	9	10	MSP↑
01	0	214	1	マジックキャンディ	9	10	MSP↑
01	0	215	1	マジックキャンディ	9	10	MSP↑
01	0	216	1	マジックキャンディ	9	10	MSP↑
01	0	217	1	マジックキャンディ	9	10	MSP↑
01	0	218	1	マジックキャンディ	9	10	MSP↑
01	0	219	1	マジックキャンディ	9	10	MSP↑
01	0	220	1	マジックキャンディ	9	10	MSP↑
01	0	221	1	マジックキャンディ	9	10	MSP↑
01	0	222	1	マジックキャンディ	9	10	MSP↑
01	0	223	1	マジックキャンディ	9	10	MSP↑
01	0	224	1	マジックキャンディ	9	10	MSP↑
01	0	225	1	マジックキャンディ	9	10	MSP↑
01	0	226	1	マジックキャンディ	9	10	MSP↑
01	0	227	1	マジックキャンディ	9	10	MSP↑
01	0	228	1	マジックキャンディ	9	10	MSP↑
01	0	229	1	マジックキャンディ	9	10	MSP↑
01	0	230	1	マジックキャンディ	9	10	MSP↑
01	0	231	1	マジックキャンディ	9	10	MSP↑
01	0	232	1	マジックキャンディ	9	10	MSP↑
01	0	233	1	マジックキャンディ	9	10	MSP↑
01	0	234	1	マジックキャンディ	9	10	MSP↑
01	0	235	1	マジックキャンディ	9	10	MSP↑
01	0	236	1	マジックキャンディ	9	10	MSP↑
01	0	237	1	マジックキャンディ	9	10	MSP↑
01	0	238	1	マジックキャンディ	9	10	MSP↑
01	0	239	1	マジックキャンディ	9	10	MSP↑
01	0	240	1	マジックキャンディ	9	10	MSP↑
01	0	241	1	マジックキャンディ	9	10	MSP↑
01	0	242	1	マジックキャンディ	9	10	MSP↑
01	0	243	1	マジックキャンディ	9	10	MSP↑
01	0	244	1	マジックキャンディ	9	10	MSP↑
01	0	245	1	マジックキャンディ	9	10	MSP↑
01	0	246	1	マジックキャンディ	9	10	MSP↑
01	0	247	1	マジックキャンディ	9	10	MSP↑
01	0	248	1	マジックキャンディ	9	10	MSP↑
01	0	249	1	マジックキャンディ	9	10	MSP↑
01	0	250	1	マジックキャンディ	9	10	MSP↑
01	0	251	1	マジックキャンディ	9	10	MSP↑
01	0	252	1	マジックキャンディ	9	10	MSP↑
01	0	253	1	マジックキャンディ	9	10	MSP↑
01	0	254	1	マジックキャンディ	9	10	MSP↑
01	0	255	1	マジックキャンディ	9	10	MSP↑
01	0	256	1	マジックキャンディ	9	10	MSP↑
01	0	257	1	マジックキャンディ	9	10	MSP↑
01	0	258	1	マジックキャンディ	9	10	MSP↑
01	0	259	1	マジックキャンディ	9	10	MSP↑
01	0	260	1	マジックキャンディ	9	10	MSP↑
01	0	261	1	マジックキャンディ	9	10	MSP↑
01	0	262	1	マジックキャンディ	9	10	MSP↑
01	0	263	1	マジックキャンディ	9	10	MSP↑
01	0	264	1	マジックキャンディ	9	10	MSP↑
01	0	265	1	マジックキャンディ	9	10	MSP↑
01	0	266	1	マジックキャンディ	9	10	MSP↑
01	0	267	1	マジックキャンディ	9	10	MSP↑
01	0	268	1	マジックキャンディ	9	10	MSP↑
01	0	269	1	マジックキャンディ	9	10	MSP↑
01	0	270	1	マジックキャンディ	9	10	MSP↑
01	0	271	1	マジックキャンディ	9	10	MSP↑
01	0	272	1	マジックキャンディ	9	10	MSP↑
01	0	273	1	マジックキャンディ	9	10	MSP↑
01	0	274	1	マジックキャンディ	9	10	MSP↑
01	0	275	1	マジックキャンディ	9	10	MSP↑
01	0	276	1	マジックキャンディ	9	10	MSP↑
01	0	277	1	マジックキャンディ	9	10	MSP↑
01	0	278	1	マジックキャンディ	9	10	MSP↑
01	0	279	1	マジックキャンディ	9	10	MSP↑
01	0	280	1	マジックキャンディ	9	10	MSP↑
01	0	281	1	マジックキャンディ	9	10	MSP↑
01	0	282	1	マジックキャンディ	9	10	MSP↑
01	0	283	1	マジックキャンディ	9	10	MSP↑
01	0	284	1	マジックキャンディ	9	10	MSP↑
01	0	285	1	マジックキャンディ	9	10	MSP↑
01	0	286	1	マジックキャンディ	9	10	MSP↑
01	0	287	1	マジックキャンディ	9	10	MSP↑
01	0	288	1	マジックキャンディ	9	10	MSP↑
01	0	289	1	マジックキャンディ	9	10	MSP↑
01	0	290	1	マジックキャンディ	9	10	MSP↑
01	0	291	1	マジックキャンディ	9	10	MSP↑
01	0	292	1	マジックキャンディ	9	10	MSP↑
01	0	293	1	マジックキャンディ	9	10	MSP↑
01	0	294	1	マジックキャンディ	9	10	MSP↑
01	0	295	1	マジックキャンディ	9	10	MSP↑
01	0	296	1	マジックキャンディ	9	10	MSP↑
01	0	297	1	マジックキャンディ	9	10	MSP↑
01	0	298	1	マジックキャンディ	9	10	MSP↑
01	0	299	1	マジックキャンディ	9	10	MSP↑
01	0	300	1	マジックキャンディ	9	10	MSP↑
01	0	301	1	マジックキャンディ	9	10	MSP↑
01	0	302	1	マジックキャンディ	9	10	MSP↑
01	0	303	1	マジックキャンディ	9	10	MSP↑
01	0	304	1	マジックキャンディ	9	10	MSP↑
01	0	305	1	マジックキャンディ	9	10	MSP↑
01	0	306	1	マジックキャンディ	9	10	MSP↑
01	0	307	1	マジックキャンディ	9	10	MSP↑
01	0	308	1	マジックキャンディ	9	10	MSP↑
01	0	309	1	マジックキャンディ	9	10	MSP↑
01	0	310	1	マジックキャンディ	9	10	MSP↑
01	0	311	1	マジックキャンディ	9	10	MSP↑
01	0	312	1	マジックキャンディ	9	10	MSP↑
01	0	313	1	マジックキャンディ	9	10	MSP↑
01	0	314	1	マジックキャンディ	9	10	MSP↑
01	0	315	1	マジックキャンディ	9	10	MSP↑
01	0	316	1	マジックキャンディ	9	10	MSP↑
01	0	317	1	マジックキャンディ	9	10	MSP↑
01	0	318	1	マジックキャンディ	9	10	MSP↑
01	0	319	1	マジックキャンディ	9	10	MSP↑
01	0	320	1	マジックキャンディ	9	10	MSP↑
01	0	321	1	マジックキャンディ	9	10	MSP↑
01	0	322	1	マジックキャンディ	9	10	MSP↑
01	0	323	1	マジックキャンディ	9	10	MSP↑
01	0	324	1	マジックキャンディ	9	10	MSP↑
01	0	325	1	マジックキャンディ	9	10	MSP↑
01	0	326	1	マジックキャンディ	9	10	MSP↑
01	0	327	1	マジックキャンディ	9	10	MSP↑
01	0	328	1	マジックキャンディ	9	10	MSP↑
01	0	329	1	マジックキャンディ	9	10	MSP↑
01	0	330	1	マジックキャンディ	9	10	MSP↑
01	0	331	1	マジックキャンディ	9	10	MSP↑
01	0	332	1	マジックキャンディ	9	10	MSP↑
01	0	333	1	マジックキャンディ	9	10	MSP↑
01	0	334	1	マジックキャンディ	9	10	MSP↑
01	0	335	1	マジックキャンディ	9	10	MSP↑
01	0	336	1	マジックキャンディ	9	10	MSP↑
01	0	337	1	マジックキャンディ	9	10	MSP↑
01	0	338	1	マジックキャンディ	9	10	MSP↑
01	0	339	1	マジックキャンディ	9	10	MSP↑
01	0	340	1	マジックキャンディ	9	10	MSP↑
01	0	341	1	マジックキャンディ	9	10	MSP↑
01	0	342	1	マジックキャンディ	9	10	MSP↑
01	0	343	1	マジックキャンディ	9	10	MSP↑
01	0	344	1	マジックキャンディ	9	10	MSP↑
01	0	345	1	マジックキャンディ	9	10	MSP↑
01	0	346	1	マジックキャンディ	9	10	MSP↑
01	0	347	1	マジックキャンディ	9	10	MSP↑
01	0	348	1	マジックキャンディ	9	10	MSP↑
01	0	349	1	マジックキャンディ	9	10	MSP↑
01	0	350	1	マジックキャンディ	9	10	MSP↑
01	0	351	1	マジックキャンディ	9	10	MSP↑
01	0	352	1	マジックキャンディ	9	10	MSP↑
01	0	353	1	マジックキャンディ	9	10	MSP↑
01	0	354	1	マジックキャンディ	9	10	MSP↑
01	0	355	1	マジックキャンディ	9	10	MSP↑
01	0	356	1	マジックキャンディ	9	10	MSP↑
01	0	357	1	マジックキャンディ	9	10	MSP↑
01	0	358	1	マジックキャンディ	9	10	MSP↑
01	0	359	1	マジックキャンディ	9	10	MSP↑
01	0	360	1	マジックキャンディ	9	10	MSP↑
01	0	361	1	マジックキャンディ	9	10	MSP↑
01	0	362	1	マジックキャンディ	9	10	MSP↑
01	0	363	1	マジックキャンディ	9	10	MSP↑
01	0	364	1	マジックキャンディ	9	10	MSP↑
01	0	365	1	マジックキャンディ	9	10	MSP↑
01	0	366	1	マジックキャンディ	9	10	MSP↑
01	0	367	1	マジックキャンディ	9	10	MSP↑
01	0	368	1	マジックキャンディ	9	10	MSP↑
01	0	369	1	マジックキャンディ	9	10	MSP↑
01	0	370	1	マジックキャンディ	9	10	MSP↑
01	0	371	1	マジックキャンディ	9	10	MSP↑
01	0	372	1	マジックキャンディ	9	10	MSP↑
01	0	373	1	マジックキャンディ	9	10	MSP↑
01	0	374	1	マジックキャンディ	9	10	MSP↑
01	0	375	1	マジックキャンディ	9	10	MSP↑
01	0	376	1	マジックキャンディ	9	10	MSP↑
01	0	377	1	マジックキャンディ	9	10	MSP↑
01	0	378	1	マジックキャンディ	9	10	MSP↑
01	0	379	1	マジックキャンディ	9	10	MSP↑
01	0	380	1	マジックキャンディ	9	10	MSP↑
01	0	381	1	マジックキャンディ	9	10	MSP↑
01	0	382	1	マジックキャンディ	9	10	MSP↑
01	0	383	1	マジックキャンディ	9	10	MSP↑
01	0	384	1	マジックキャンディ	9	10	MSP↑
01	0	385	1	マジックキャンディ	9	10	MSP↑
01	0	386	1	マジックキャンディ	9	10	MSP↑
01	0	387	1	マジックキャンディ	9	10	MSP↑
01	0	388	1	マジックキャンディ	9	10	MSP↑
01	0	389	1	マジックキャンディ	9	10	MSP↑
01	0	390	1	マジックキャンディ	9	10	MSP↑
01	0	391	1	マジックキャンディ	9	10	MSP↑
01	0	392	1	マジックキャンディ	9	10	MSP↑
01	0	393	1	マジックキャンディ	9	10	MSP↑
01	0	394	1	マジックキャンディ	9	10	MSP↑
01	0	395	1	マジックキャンディ	9	10	MSP↑
01	0	396	1	マジックキャンディ	9	10	MSP↑
01	0	397	1	マジックキャンディ	9	10	MSP↑
01	0	398	1	マジックキャンディ	9	10	MSP↑
01	0	399	1	マジックキャンディ	9	10	MSP↑
01	0	400	1	マジックキャンディ	9	10	MSP↑
01	0	401	1	マジックキャンディ	9	10	MSP↑
01	0	402	1	マジックキャンディ	9	10	MSP↑
01	0	403	1	マジックキャンディ	9	10	MSP↑
01	0	404	1	マジックキャンディ	9	10	MSP↑
01	0	405	1	マジックキャンディ	9	10	MSP↑
01	0	406	1	マジックキャンディ	9	10	MSP↑
01	0	407	1	マジックキャンディ	9	10	MSP↑
01	0	408	1	マジックキャンディ	9	10	MSP↑
01	0	409	1	マジックキャンディ	9	10	MSP↑
01	0	410	1	マジックキャンディ	9	10	MSP↑
01	0	411	1	マジックキャンディ	9	10	MSP↑
01	0	412	1	マジックキャンディ	9	10	MSP↑
01	0	413	1	マジックキャンディ	9	10	MSP↑
01	0	414	1	マジックキャンディ	9	10	MSP↑
01	0	415	1	マジックキャンディ	9	10	MSP↑
01	0	416	1	マジックキャンディ	9	10	MSP↑
01	0	417	1	マジックキャンディ	9	10	MSP↑
01	0	418	1	マジックキャンディ	9	10	MSP↑
01	0	419	1	マジックキャンディ	9	10	MSP↑
01	0	420	1	マジックキャンディ	9	10	MSP↑
01	0	421	1	マジックキャンディ	9	10	MSP↑
01	0	422	1	マジックキャンディ	9	10	MSP↑
01	0	423	1	マジックキャンディ	9	10	MSP↑
01	0	424	1	マジックキャンディ	9	10	MSP↑
01	0	425	1	マジックキャンディ	9	10	MSP↑
01	0	426	1	マジックキャンディ	9	10	MSP↑
01	0	427	1	マジックキャンディ	9	10	MSP↑
01	0	428	1	マジックキャンディ	9	10	MSP↑
01	0	429	1	マジックキャンディ	9	10	MSP↑
01	0	430	1	マジックキャンディ	9	10	MSP↑
01	0	431	1	マジックキャンディ	9	10	MSP↑
01	0	432	1	マジックキャンディ	9	10	MSP↑
01	0	433	1	マジックキャンディ	9	10	MSP↑
01	0	434	1	マジックキャンディ	9	10	MSP↑
01	0	435	1	マジックキャンディ	9	10	MSP↑
01	0	436	1	マジックキャンディ	9	10	MSP↑
01	0	437	1	マジックキャンディ	9	10	MSP↑
01	0	438	1	マジックキャンディ	9	10	MSP↑
01	0	439	1	マジックキャンディ	9	10	MSP↑
01	0	440	1	マジックキャンディ	9	10	MSP↑
01	0	441	1	マジックキャンディ	9	10	MSP↑
01	0	442	1	マジックキャンディ	9	10	MSP↑
01	0	443	1	マジックキャンディ	9	10	MSP↑
01	0	444	1	マジックキャンディ	9	10	MSP↑
01	0	445	1	マジックキャンディ	9	10	MSP↑
01	0	446	1	マジックキャンディ	9	10	MSP↑
01	0	447	1	マジックキャンディ	9	10	MSP↑
01	0	448	1	マジックキャンディ	9	10	MSP↑
01	0	449	1	マジックキャンディ	9	10	MSP↑
01	0	450	1	マジックキャンディ	9	10	MSP↑
01	0	451	1	マジックキャンディ	9	10	MSP↑
01	0	452	1	マジックキャンディ	9	10	MSP↑
01	0	453	1	マジックキャンディ	9	10	MSP↑
01	0	454	1	マジックキャンディ	9	10	MSP↑
01	0	455	1	マジックキャンディ	9	10	MSP↑
01	0	456	1	マジックキャンディ	9	10	MSP↑
01	0	457	1	マジックキャンディ	9	10	MSP↑
01	0	458	1	マジックキャンディ	9	10	MSP↑
01	0	459	1	マジックキャンディ	9	10	MSP↑
01	0	460	1	マジックキャンディ	9	10	MSP↑
01	0	461	1	マジックキャンディ	9	10	MSP↑
01	0	462	1	マジックキャンディ	9	10	MSP↑
01	0	463	1	マジックキャンディ	9	10	MSP↑
01	0	464	1	マジックキャンディ	9	10	MSP↑
01	0	465	1	マジックキャンディ	9	10	MSP↑
01	0	466	1	マジックキャンディ	9	10	MSP↑
01	0	467	1	マジックキャンディ	9	10	MSP↑
01	0	468	1	マジックキャンディ	9	10	MSP↑
01	0	469	1	マジックキャンディ	9	10	MSP↑
01	0	470	1	マジックキャンディ	9	10	MSP↑
01	0	471	1	マジックキャンディ	9	10	MSP↑
01	0	472	1	マジックキャンディ	9	10	MSP↑
01	0	473	1	マジックキャンディ	9	10	MSP↑
01	0	474	1	マジックキャンディ	9	10	MSP↑
01	0	475	1	マジックキャンディ	9	10	MSP↑
01	0	476	1	マジックキャンディ	9	10	MSP↑
01	0	477	1	マジックキャンディ	9	10	MSP↑
01	0	478	1	マジックキャンディ	9	10	MSP↑
01	0	479	1	マジックキャンディ	9	10	MSP↑
01	0	480	1	マジックキャンディ	9	10	MSP↑
01	0	481	1	マジックキャンディ	9	10	MSP↑
01	0	482	1	マジックキャンディ	9	10	MSP↑
01	0	483	1	マジックキャンディ	9	10	MSP↑
01	0	484	1	マジックキャンディ	9	10	MSP↑
01	0	485	1	マジックキャンディ	9	10	MSP↑
01	0	486	1	マジックキャンディ	9	10	MSP↑
01	0	487	1	マジックキャンディ	9	10	MSP↑
01	0	488	1	マジックキャンディ	9	10	MSP↑
01	0	489	1	マジックキャンディ	9	10	MSP↑
01	0	490	1	マジックキャンディ	9	10	MSP↑
01	0	491	1	マジックキャンディ	9	10	MSP↑
01	0	492	1	マジックキャンディ	9	10	MSP↑
01	0	493	1	マジックキャンディ	9	10	MSP↑
01	0	494	1	マジックキャンディ	9	10	MSP↑
01	0	495	1	マジックキャンディ	9	10	MSP↑
01	0	496	1	マジックキャンディ	9	10	MSP↑
01	0	497	1	マジックキャンディ	9	10	MSP↑
01	0	498	1	マジックキャンディ	9	10	MSP↑
01	0	499	1	マジックキャンディ	9	10	MSP↑
01	0	500	1	マジックキャンディ	9	10	MSP↑
01	0	501	1	マジックキャンディ	9	10	MSP↑
01	0	502	1	マジックキャンディ	9	10	MSP↑
01	0	503	1	マジックキャンディ	9	10	MSP↑
01	0	504	1	マジックキャンディ	9	10	MSP↑
01	0	505	1	マジックキャンディ	9	10	MSP↑
01	0	506	1	マジックキャンディ	9	10	MSP↑
01	0	507	1	マジックキャンディ	9	10	MSP↑
01	0	508	1	マジックキャンディ	9	10	MSP↑
01	0	509	1	マジックキャンディ	9	10	MSP↑
01	0	510	1	マジックキャンディ	9	10	MSP↑
01	0	511	1	マジックキャンディ	9	10	MSP↑
01	0	512	1	マジックキャンディ	9	10	MSP↑
01	0	513	1	マジックキャンディ	9	10	MSP↑
01	0	514	1	マジックキャンディ	9	10	MSP↑
01	0	515	1	マジックキャンディ	9	10	MSP↑
01	0	516	1	マジックキャンディ	9	10	MSP↑
01	0	517	1	マジックキャンディ	9	10	MSP↑
01	0	518	1	マジックキャンディ	9	10	MSP↑
01	0	519	1	マジックキャンディ	9	10	MSP↑
01	0	520	1	マジックキャンディ	9	10	MSP↑
01	0	521	1	マジックキャンディ	9	10	MSP↑
01	0	522	1	マジックキャンディ	9	10	MSP↑
01	0	523	1	マジックキャンディ	9	10	MSP↑
01	0	524	1	マジックキャンディ	9	10	MSP↑
01	0	525	1	マジックキャンディ	9	10	MSP↑
01	0	526	1	マジックキャンディ	9	10	MSP↑
01	0	527	1	マジックキャンディ	9	10	MSP↑
01	0	528	1	マジックキャンディ	9	10	MSP↑
01	0	529	1	マジックキャンディ	9	10	MSP↑
01	0	530	1	マジックキャンディ	9	10	MSP↑
01	0	531	1	マジックキャンディ	9	10	MSP↑
01	0	532	1	マジックキャンディ	9	10	MSP↑
01	0	533	1	マジックキャンディ	9	10	MSP↑
01	0	534	1	マジックキャンディ	9	10	MSP↑
01	0	535	1	マジックキャンディ	9	10	MSP↑
01	0	536	1	マジックキャンディ	9	10	MSP↑
01	0	537	1	マジックキャンディ	9	10	MSP↑
01	0	538	1	マジックキャンディ	9	10	MSP↑
01	0	539	1	マジックキャンディ	9	10	MSP↑
01	0	540	1	マジックキャンディ	9	10	MSP↑
01	0	541	1	マジックキャンディ	9	10	MSP↑
01	0	542	1	マジックキャンディ	9	10	MSP↑
01	0	543	1	マジックキャンディ	9	10	MSP↑
01	0	544	1	マジックキャンディ	9	10	MSP↑
01	0	545	1	マジックキャンディ	9	10	MSP↑
01	0	546	1	マジックキャンディ	9	10	MSP↑
01	0	547	1	マジックキャンディ	9	10	MSP↑
01	0	548	1	マジックキャンディ	9	10	MSP↑
01	0	549	1	マジックキャンディ	9	10	MSP↑
01	0	550	1	マジックキャンディ	9	10	MSP↑
01	0	551	1	マジックキャンディ	9	10	MSP↑
01	0	552	1	マジックキャンディ	9	10	MSP↑
01	0	553	1	マジックキャンディ	9	10	MSP↑
01	0	554	1	マジックキャンディ	9	10	MSP↑
01	0	555	1	マジックキャンディ	9	10	MSP↑
01	0	556	1	マジックキャンディ	9	10	MSP↑
01	0	557	1	マジックキャンディ	9	10	MSP↑
01	0	558	1	マジックキャンディ	9	10	MSP↑
01	0	559	1	マジックキャンディ	9	10	MSP↑
01	0	560	1	マジックキャンディ	9	10	MSP↑
01	0	561	1	マジックキャンディ	9	10	MSP↑
01	0	562	1	マジックキャンディ	9	10	MSP↑
01	0	563	1	マジックキャンディ	9	10	MSP↑
01	0	564	1	マジックキャンディ	9	10	MSP↑
01	0	565	1	マジックキャンディ	9	10	MSP↑
01	0	566	1	マジックキャンディ	9	10	MSP↑
01	0	567	1	マジックキャンディ	9	10	MSP↑
01	0	568	1	マジックキャンディ	9	10	MSP↑
01	0	569	1	マジックキャンディ	9	10	MSP↑
01	0	570	1	マジックキャンディ	9	10	MSP↑
01	0	571	1	マジックキャンディ	9	10	MSP↑
01	0	572	1	マジックキャンディ	9	10	MSP↑
01	0	573	1	マジックキャンディ	9	10	MSP↑
01	0	574	1	マジックキャンディ	9	10	MSP↑
01	0	575	1	マジックキャンディ	9	10	MSP↑
01	0	576	1	マジックキャンディ	9	10	MSP↑
01	0	577	1	マジックキャンディ	9	10	MSP↑
01	0	578	1	マジックキャンディ	9	10	MSP↑
01	0	579	1	マジックキャンディ	9	10	MSP↑
01	0	580	1	マジックキャンディ	9	10	MSP↑
01	0	581	1	マジックキャンディ	9	10	MSP↑
01	0	582	1	マジックキャンディ	9	10	MSP↑
01	0	583	1	マジックキャンディ	9	10	MSP↑
01	0	584	1	マジックキャンディ	9	10	MSP↑
01	0	585	1	マジックキャンディ	9	10	MSP↑
01	0	586	1	マジックキャンディ	9	10	MSP↑
01	0	587	1	マジックキャンディ	9	10	MSP↑
01	0	588	1	マジックキャンディ	9	10	MSP↑
01	0	589	1	マジックキャンディ	9	10	MSP↑
01	0	590	1	マジックキャンディ	9	10	MSP↑
01	0	591	1	マジックキャンディ	9	10	MSP↑
01	0	592	1	マジックキャンディ	9	10	MSP↑
01	0	593	1	マジックキャンディ	9	10	MSP↑
01	0	594	1	マジックキャンディ	9	10	MSP↑
01	0	595	1	マジックキャンディ	9	10	MSP↑
01	0	596	1	マジックキャンディ	9	10	MSP↑
01	0	597	1	マジックキャンディ	9	10	MSP↑
01	0	598	1	マジックキャンディ	9	10	MSP↑
01	0	599	1	マジックキャンディ	9	10	MSP↑
01	0	600	1	マジックキャンディ	9	10	MSP↑
01	0	601	1	マジックキャンディ	9	10	MSP↑
01	0	602	1	マジックキャンディ	9	10	MSP↑
01	0	603	1	マジックキャンディ	9	10	MSP↑
01	0	604	1	マジックキャンディ	9	10	MSP↑
01	0	605	1	マジックキャンディ	9	10	MSP↑
01	0	606	1	マジックキャンディ	9	10	MSP↑
01	0	607	1	マジックキャンディ	9	10	MSP↑
01	0	608	1	マジックキャンディ	9	10	MSP↑
01	0	609	1	マジックキャンディ	9	10	MSP↑
01	0	610	1	マジックキャンディ	9	10	MSP↑
01	0	611	1	マジックキャンディ	9	10	MSP↑
01	0	612	1	マジックキャンディ	9	10	MSP↑
01	0	613	1	マジックキャンディ	9	10	MSP↑
01	0	614	1	マジックキャンディ	9	10	MSP↑
01	0	615	1	マジックキャンディ	9	10	MSP↑
01	0	616	1	マジックキャンディ	9	10	MSP↑
01	0	617	1	マジックキャンディ	9	10	MSP↑
01	0	618	1	マジックキャンディ	9	10	MSP↑
01	0	619	1	マジックキャンディ	9	10	MSP↑
01	0	620	1	マジックキャンディ	9	10	MSP↑
01	0	621	1	マジックキャンディ	9	10	MSP↑
01	0	622	1	マジックキャンディ	9	10	MSP↑
01	0	623	1	マジックキャンディ	9	10	MSP↑
01	0	624	1	マジックキャンディ	9	10	MSP↑
01	0	625	1	マジックキャンディ	9	10	MSP↑
01	0	626	1	マジックキャンディ	9	10	MSP↑
01	0	627	1	マジックキャンディ	9	10	MSP↑
01	0	628	1	マジックキャンディ	9	10	MSP↑
01	0	629	1	マジックキャンディ	9	10	MSP↑
01	0	630	1	マジックキャンディ	9	10	MSP↑
01	0	631	1	マジックキャンディ	9	10	MSP↑
01	0	632	1	マジックキャンディ	9	10	MSP↑
01	0	633	1	マジックキャンディ	9	10	MSP↑
01	0	634	1	マジックキャンディ	9	10	MSP↑
01	0	635	1	マジックキャンディ	9	10	MSP↑
01	0	636	1	マジックキャンディ	9	10	MSP↑
01	0	637	1	マジックキャンディ	9	10	MSP↑
01	0	638	1	マジックキャンディ	9	10	MSP↑
01	0	639	1	マジックキャンディ	9	10	MSP↑
01	0	640	1	マジックキャンディ	9	10	MSP↑
01	0	641	1	マジックキャンディ	9	10	MSP↑
01	0	642	1	マジックキャンディ	9	10	MSP↑
01	0	643	1	マジックキャンディ	9	10	MSP↑
01	0	644	1	マジックキャンディ	9	10	MSP↑
01	0	645	1	マジックキャンディ	9	10	MSP↑
01	0	646	1	マジックキャンディ	9	10	MSP↑
01	0	647	1	マジックキャンディ	9	10	MSP↑
01	0	648	1	マジックキャンディ	9	10	MSP↑
01	0	649	1	マジックキャンディ	9	10	MSP↑
01	0	650	1	マジックキャンディ	9	10	MSP↑
01	0	651	1	マジックキャンディ	9	10	MSP↑
01	0	652	1	マジックキャンディ	9	10	MSP↑
01	0	653	1	マジックキャンディ	9	10	MSP↑
01	0	654	1	マジックキャンディ	9	10	MSP↑
01	0	655	1	マジックキャンディ	9	10	MSP↑
01	0	656	1	マジックキャンディ	9	10	MSP↑
01	0	657	1	マジックキャンディ	9	10	MSP↑
01	0	658	1	マジックキャンディ	9	10	MSP↑
01	0	659	1	マジックキャンディ	9	10	MSP↑
01	0	660	1	マジックキャンディ	9	10	MSP↑
01	0	661	1	マジックキャンディ	9	10	MSP↑
01	0	662	1	マジックキャンディ	9	10	MSP↑
01	0	663	1	マジックキャンディ	9	10	MSP↑
01	0	664	1	マジックキャンディ	9	10	MSP↑
01	0	665	1	マジックキャンディ	9	10	MSP↑
01	0	666	1	マジックキャンディ	9	10	MSP↑
01	0	667	1	マジックキャンディ	9	10	MSP↑
01	0	668	1	マジックキャンディ	9	10	MSP↑
01	0	669	1	マジックキャンディ	9	10	MSP↑
01	0	670	1	マジックキャンディ	9	10	MSP↑
01	0	671	1	マジックキャンディ	9	10	MSP↑
01	0	672	1	マジックキャンディ	9	10	MSP↑
01	0	673	1	マジックキャンディ	9	10	MSP↑
01	0	674	1	マジックキャンディ	9	10	MSP↑
01	0	675	1	マジックキャンディ	9	10	MSP↑
01	0	676	1	マジックキャンディ	9	10	MSP↑
01	0	677	1	マジックキャンディ	9	10	MSP↑
01	0	678	1	マジックキャンディ	9	10	MSP↑
01	0	679	1	マジックキャンディ	9	10	MSP↑
01	0	680	1	マジックキャンディ	9	10	MSP↑
01	0	681	1	マジックキャンディ	9	10	MSP↑
01	0	682	1	マジックキャンディ	9	10	MSP↑
01	0	683	1	マジックキャンディ	9	10	MSP↑
01	0	684	1	マジックキャンディ	9	10	MSP↑
01	0	685	1	マジックキャンディ	9	10	MSP↑
01	0	686	1	マジックキャンディ	9	10	MSP↑
01	0	687	1	マジックキャンディ	9	10	MSP↑
01	0	688	1	マジックキャンディ	9	10	MSP↑
01	0	689	1	マジックキャンディ	9	10	MSP↑
01	0	690	1	マジックキャンディ	9	10	MSP↑
01	0	691	1	マジックキャンディ	9	10	MSP↑
01	0	692	1	マジックキャンディ	9	10	MSP↑
01	0	693	1	マジックキャンディ	9	10	MSP↑
01	0	694	1	マジックキャンディ	9	10	MSP↑
01	0	695	1	マジックキャンディ	9	10	MSP↑
01	0	696	1	マジックキャンディ	9	10	MSP↑
01	0	697	1	マジックキャンディ	9	10	MSP↑
01	0	698	1	マジックキャンディ	9	10	MSP↑
01	0	699	1	マジックキャンディ	9	10	MSP↑
01	0	700	1	マジックキャンディ	9	10	MSP↑
01	0	701	1	マジックキャンディ	9	10	MSP↑
01	0	702	1	マジックキャンディ	9	10	MSP↑
01	0	703	1	マジックキャンディ	9	10	MSP↑
01	0	704	1	マジックキャンディ	9	10	MSP↑
01	0	705	1	マジックキャンディ	9	10	MSP↑
01	0	706	1	マジックキャンディ	9	10	MSP↑
01	0	707	1	マジックキャンディ	9	10	MSP↑
01	0	708	1	マジックキャンディ	9	10	MSP↑
01	0	709	1	マジックキャンディ	9	10	MSP↑
01	0	710	1	マジックキャンディ	9	10	MSP↑
01	0	711	1	マジックキャンディ	9	10	MSP↑
01	0	712	1	マジックキャンディ	9	10	MSP↑
01	0	713	1	マジックキャンディ	9	10	MSP↑
01	0	714	1	マジックキャンディ	9	10	MSP↑
01	0	715	1	マジックキャンディ	9	10	MSP↑
01	0	716	1	マジックキャンディ	9	10	MSP↑
01	0	717	1	マジックキャンディ	9	10	MSP↑
01	0	718	1	マジックキャンディ	9	10	MSP↑
01	0	719	1	マジックキャンディ	9	10	MSP↑
01	0	720	1	マジックキャンディ	9	10	MSP↑
01	0	721	1	マジックキャンディ	9	10	MSP↑
01	0	722	1	マジックキャンディ	9	10	MSP↑
01	0	723	1	マジックキャンディ	9	10	MSP↑
01	0	724	1	マジックキャンディ	9	10	MSP↑
01	0	725	1	マジックキャンディ	9	10	MSP↑
01	0	726	1	マジックキャンディ	9	10	MSP↑
01	0	727	1	マジックキャンディ	9	10	MSP↑
01	0	728	1	マジックキャンディ	9	10	MSP↑
01	0	729	1	マジックキャンディ	9	10	MSP↑
01	0	730	1	マジックキャンディ	9	10	MSP↑
01	0	731	1	マジックキャンディ	9	10	MSP↑
01	0	732	1	マジックキャンディ	9	10	MSP↑
01	0	733	1	マジックキャンディ	9	10	MSP↑
01	0	734	1	マジックキャンディ	9	10	MSP↑
01	0	735	1	マジックキャンディ	9	10	MSP↑
01	0	736	1	マジックキャンディ	9	10	MSP↑
01	0	737	1	マジックキャンディ	9	10	MSP↑
01	0	738	1	マジックキャンディ	9	10	MSP↑
01	0	739	1	マジックキャンディ	9	10	MSP↑
01	0	740	1	マジックキャンディ	9	10	MSP↑
01	0	741	1	マジックキャンディ	9	10	MSP↑
01	0	742	1	マジックキャンディ	9	10	MSP↑
01	0	743	1	マジックキャンディ	9	10	MSP↑
01	0	744	1	マジックキャンディ	9	10	MSP↑
01	0	745	1	マジックキャンディ	9	10	MSP↑
01	0	746	1	マジックキャンディ	9	10	MSP↑
01	0	747	1	マジックキャンディ	9	10	MSP↑
01	0	748	1	マジックキャンディ	9	10	MSP↑
01	0	749	1	マジックキャンディ	9	10	MSP↑
01	0	750	1	マジックキャンディ	9	10	MSP↑
01	0	751	1	マジックキャンディ	9	10	MSP↑
01	0	752	1	マジックキャンディ	9	10	MSP↑
01	0	753	1	マジックキャンディ	9	10	MSP↑
01	0	754	1	マジックキャンディ	9	10	MSP↑
01	0	755	1	マジックキャンディ	9	10	MSP↑
01	0	756	1	マジックキャンディ	9	10	MSP↑
01	0	757	1	マジックキャンディ	9	10	MSP↑
01	0	758	1	マジックキャンディ	9	10	MSP↑
01	0	759	1	マジックキャンディ	9	10	MSP↑
01	0	760	1	マジックキャンディ	9	10	MSP↑
01	0	761	1	マジックキャンディ	9	10	MSP↑
01	0	762	1	マジックキャンディ	9	10	MSP↑
01	0	763	1	マジックキャンディ	9	10	MSP↑
01	0	764	1	マジックキャンディ	9	10	MSP↑
01	0	765	1	マジックキャンディ	9	10	MSP↑
01	0	766	1	マジックキャンディ	9	10	MSP↑
01	0	767	1	マジックキャンディ	9	10	MSP↑
01	0	768	1	マジックキャンディ	9	10	MSP↑
01	0	769	1	マジックキャンディ	9	10	MSP↑
01	0	770	1	マジックキャンディ	9	10	MSP↑
01	0	771	1	マジックキャンディ	9	10	MSP↑
01	0	772	1	マジックキャンディ	9	10	MSP↑
01	0	773	1	マジックキャンディ	9	10	MSP↑
01	0	774	1	マジックキャンディ	9	10	MSP↑
01	0	775	1	マジックキャンディ	9	10	MSP↑
01	0	776	1	マジックキャンディ	9	10	MSP↑
01	0	777	1	マジックキャンディ	9	10	MSP↑
01	0	778	1	マジックキャンディ	9	10	MSP↑
01	0	779	1	マジックキャンディ	9	10	MSP↑
01	0	780	1	マジックキャンディ	9	10	MSP↑
01	0	781	1	マジックキャンディ	9	10	MSP↑
01	0	782	1	マジックキャンディ	9	10	MSP↑
01	0	783	1	マジックキャンディ	9	10	MSP↑
01	0	784	1	マジックキャンディ	9	10	MSP↑
01	0	785	1	マジックキャンディ	9	10	MSP↑
01	0	786	1	マジックキャンディ	9	10	MSP↑
01	0	787	1	マジックキャンディ	9	10	MSP↑
01	0	788	1	マジックキャンディ	9	10	MSP↑
01	0	789	1	マジックキャンディ	9	10	MSP↑
01	0	790	1	マジックキャンディ	9	10	MSP↑
01	0	791	1	マジックキャンディ	9	10	MSP↑
01	0	792	1	マジックキャンディ	9	10	MSP↑
01	0	793	1	マジックキャンディ	9	10	MSP↑
01	0	794	1	マジックキャンディ	9	10	MSP↑
01	0	795	1	マジックキャンディ	9	10	MSP↑
01	0	796	1	マジックキャンディ	9	10	MSP↑
01	0	797	1	マジックキャンディ	9	10	MSP↑
01	0	798	1	マジックキャンディ	9	10	MSP↑
01	0	799	1	マジックキャンディ	9	10	MSP↑
01	0	800	1	マジックキャンディ	9	10	MSP↑
01	0	801	1	マジックキャンディ	9	10	MSP↑
01	0	802	1	マジックキャンディ	9	10	MSP↑
01	0	803	1	マジックキャンディ	9	10	MSP↑
01	0	804	1	マジックキャンディ	9	10	MSP↑
01	0	805	1	マジックキャンディ	9	10	MSP↑
01	0	806	1	マジックキャンディ	9	10	MSP↑
01	0	807	1	マジックキャンディ	9	10	MSP↑
01	0	808	1	マジックキャンディ	9	10	MSP↑
01	0	809	1	マジックキャンディ	9	10	MSP↑
01	0	810	1	マジックキャンディ	9	10	MSP↑
01	0	811	1	マジックキャンディ	9	10	MSP↑
01	0	812	1	マジックキャンディ	9	10	MSP↑
01	0	813	1	マジックキャンディ	9	10	MSP↑
01	0	814	1	マジックキャンディ	9	10	MSP↑
01	0	815	1	マジックキャンディ	9	10	MSP↑
01	0	816	1	マジックキャンディ	9	10	MSP↑
01	0	817	1	マジックキャンディ	9	10	MSP↑
01	0	818	1	マジックキャンディ	9	10	MSP↑
01	0	819	1	マジックキャンディ	9	10	MSP↑
01	0	820	1	マジックキャンディ	9	10	MSP↑
01	0	821	1	マジックキャンディ	9	10	MSP↑
01	0	822	1	マジックキャンディ	9	10	MSP↑
01	0	823	1	マジックキャンディ	9	10	MSP↑
01	0	824	1	マジックキャンディ	9	10	MSP↑
01	0	825	1	マジックキャンディ	9	10	MSP↑
01	0	826	1	マジックキャンディ	9	10	MSP↑
01	0	827	1	マジックキャンディ	9	10	MSP↑
01	0	828	1	マジックキャンディ	9	10	MSP↑
01	0	829	1	マジックキャンディ	9	10	MSP↑
01	0	830	1	マジックキャンディ	9	10	MSP↑
01	0	831	1	マジックキャンディ	9	10	MSP↑
01	0	832	1	マジックキャンディ	9	10	MSP↑
01	0	833	1	マジックキャンディ	9	10	MSP↑
01	0	834	1	マジックキャンディ	9	10	MSP↑
01	0	835	1	マジックキャンディ	9	10	MSP↑
01	0	836	1	マジックキャンディ	9	10	MSP↑
01	0	837	1	マジックキャンディ	9	10	MSP↑
01	0	838	1	マジックキャンディ	9	10	MSP↑
01	0	839	1	マジックキャンディ	9	10	MSP↑
01	0	840	1	マジックキャンディ	9	10	MSP↑
01	0	841	1	マジックキャンディ	9	10	MSP↑
01	0	842	1	マジックキャンディ	9	10	MSP↑
01	0	843	1	マジックキャンディ	9	10	MSP↑
01	0	844	1	マジックキャンディ	9	10	MSP↑
01	0	845	1	マジックキャンディ	9	10	MSP↑
01	0	846	1	マジックキャンディ	9	10	MSP↑
01	0	847	1	マジックキャンディ	9	10	MSP↑
01	0	848	1	マジックキャンディ	9	10	MSP↑
01	0	849	1	マジックキャンディ	9	10	MSP↑
01	0	850	1	マジックキャンディ	9	10	MSP↑
01	0	851	1	マジックキャンディ	9	10	MSP↑
01	0	852	1	マジックキャンディ	9	10	MSP↑
01	0	853	1	マジックキャンディ	9	10	MSP↑
01	0	854	1	マジックキャンディ	9	10	MSP↑
01	0	855	1	マジックキャンディ	9	10	MSP↑
01	0	856	1	マジックキャンディ	9	10	MSP↑
01	0	857	1	マジックキャンディ	9	10	MSP↑
01	0	858	1	マジックキャンディ	9	10	MSP↑
01	0	859	1	マジックキャンディ	9	10	MSP↑
01	0	860	1	マジックキャンディ	9	10	MSP↑
01	0	861	1	マジックキャンディ	9	10	MSP↑
01	0	862	1	マジックキャンディ	9	10	MSP↑
01	0	863	1	マジックキャンディ	9	10	MSP↑
01	0	864	1	マジックキャンディ	9	10	MSP↑
01	0	865	1	マジックキャンディ	9	10	MSP↑
01	0	866	1	マジックキャンディ	9	10	MSP↑
01	0	867	1	マジックキャンディ	9	10	MSP↑
01	0	868	1	マジックキャンディ	9	10	MSP↑
01	0	869	1	マジックキャンディ	9	10	MSP↑
01	0	870	1	マジックキャンディ	9	10	MSP↑
01	0	871	1	マジックキャンディ	9	10	MSP↑
01	0	872	1	マジックキャンディ	9	10	MSP↑
01	0	873	1	マジックキャンディ	9	10	MSP↑
01	0	874	1	マジックキャンディ	9	10	MSP↑
01	0	875	1	マジックキャンディ	9	10	MSP↑
01	0	876	1	マジックキャンディ	9	10	MSP↑
01	0	877	1	マジックキャンディ	9	10	MSP↑
01	0	878	1	マジックキャンディ	9	10	MSP↑
01	0	879	1	マジックキャンディ	9	10	MSP↑
01	0	880	1	マジックキャンディ	9	10	MSP↑
01	0	881	1	マジックキャンディ	9	10	MSP↑
01	0	882	1	マジックキャンディ	9	10	MSP↑
01	0	883	1	マジックキャンディ	9	10	MSP↑
01	0	884	1	マジックキャンディ	9	10	MSP↑
01	0	885	1	マジックキャンディ	9	10	MSP↑
01	0	886	1	マジックキャンディ	9	10	MSP↑
01	0	887	1	マジックキャンディ	9	10	MSP↑
01	0	888	1	マジックキャンディ	9	10	MSP↑
01	0	889	1	マジックキャンディ	9	10	MSP↑
01	0	890	1	マジックキャンディ	9	10	MSP↑
01	0	891	1	マジックキャンディ	9	10	MSP↑
01	0	892	1	マジックキャンディ	9	10	MSP↑
01	0	893	1	マジックキャンディ	9	10	MSP↑
01	0	894	1	マジックキャンディ	9	10	MSP↑
01	0	895	1	マジックキャンディ	9	10	MSP↑
01	0	896	1	マジックキャンディ	9	10	MSP↑
01	0	897	1	マジックキャンディ	9	10	MSP↑
01	0	898	1	マジックキャンディ	9	10	MSP↑
01	0	899	1	マジックキャンディ	9	10	MSP↑
01	0	900	1	マジックキャンディ	9	10	MSP↑
01	0	901	1	マジックキャンディ	9	10	MSP↑
01	0	902	1	マジックキャンディ	9	10	MSP↑
01	0	903	1	マジックキャンディ	9	10	MSP↑
01	0	904	1	マジックキャンディ	9	10	MSP↑
01	0	905	1	マジックキャンディ	9	10	MSP↑
01	0	906	1	マジックキャンディ	9	10	MSP↑
01	0	907	1	マジックキャンディ	9	10	MSP↑
01	0	908	1	マジックキャンディ	9	10	MSP↑
01	0	909	1	マジックキャンディ	9	10	MSP↑
01	0	910	1	マジックキャンディ	9	10	MSP↑
01	0	911	1	マジックキャンディ	9	10	MSP↑
01	0	912	1	マジックキャンディ	9	10	MSP↑
01	0	913	1	マジックキャンディ	9	10	MSP↑
01	0	914	1	マジックキャンディ	9	10	MSP↑
01	0	915	1	マジックキャンディ	9	10	MSP↑
01	0	916	1	マジックキャンディ	9	10	MSP↑
01	0	917	1	マジックキャンディ	9	10	MSP↑
01	0	918	1	マジックキャンディ	9	10	MSP↑
01	0	919	1	マジックキャンディ	9	10	MSP↑
01	0	920	1	マジックキャンディ	9	10	MSP↑
01	0	921	1	マジックキャンディ	9	10	MSP↑
01	0	922	1	マジックキャンディ	9	10	MSP↑
01	0	923	1	マジックキャンディ	9	10	MSP↑
01	0	924	1	マジックキャンディ	9	10	MSP↑
01	0	925	1	マジックキャンディ	9	10	MSP↑
01	0	926	1	マジックキャンディ	9	10	MSP↑
01	0	927	1	マジックキャンディ	9	10	MSP↑
01	0	928	1	マジックキャンディ	9	10	MSP↑
01	0	929	1	マジックキャンディ	9	10	MSP↑
01	0	930	1	マジックキャンディ	9	10	MSP↑
01	0	931	1	マジックキャンディ	9	10	MSP↑
01	0	932	1	マジックキャンディ	9	10	MSP↑
01	0	933	1	マジックキャンディ	9	10	MSP↑
01	0	934	1	マジックキャンディ	9	10	MSP↑
01	0	935	1	マジックキャンディ	9	10	MSP↑
01	0	936	1	マジックキャンディ	9	10	MSP↑
01	0	937	1	マジックキャンディ	9	10	MSP↑
01	0	938	1	マジックキャンディ	9	10	MSP↑
01	0	939	1	マジックキャンディ	9	10	MSP↑
01	0	940	1	マジックキャンディ	9	10	MSP↑
01	0	941	1	マジックキャンディ	9	10	MSP↑
01	0	942	1	マジックキャンディ	9	10	MSP↑
01	0	943	1	マジックキャンディ	9	10	MSP↑
01	0	944	1	マジックキャンディ	9	10	MSP↑
01	0	945	1	マジックキャンディ	9	10	MSP↑
01	0	946	1	マジックキャンディ	9	10	MSP↑
01	0	947	1	マジックキャンディ	9	10	MSP↑
01	0	949	1	マジックキャンディ	9	10	MSP↑
01	0	950	1	マジックキャンディ	9	10	MSP↑
01	0	951	1	マジックキャンディ	9	10	MSP↑
01	0	952	1	マジックキャンディ	9	10	MSP↑
01	0	953	1	マジックキャンディ	9	10	MSP↑
01	0	954	1	マジックキャンディ	9	10	MSP↑
01	0	955	1	マジックキャンディ	9	10	MSP↑
01	0	956	1	マジックキャンディ	9	10	MSP↑
01	0	957	1	マジックキャンディ	9	10	MSP↑
01	0	958	1	マジックキャンディ	9	10	MSP↑
01	0	959	1	マジックキャンディ	9	10	MSP↑
01	0	960	1	マジックキャンディ	9	10	MSP↑
01	0	961	1	マジックキャンディ	9	10	MSP↑
01	0	962	1	マジックキャンディ	9	10	MSP↑
01	0	963	1	マジックキャンディ	9	10	MSP↑
01	0	964	1	マジックキャンディ	9	10	MSP↑
01	0	965	1	マジックキャンディ	9	10	MSP↑
01	0	966	1	マジックキャンディ	9	10	MSP↑
01	0	967	1	マジックキャンディ	9	10	MSP↑
01	0	968	1	マジックキャンディ	9	10	MSP↑
01	0	969	1	マジックキャンディ	9	10	MSP↑
01	0	970	1	マジックキャンディ	9	10	MSP↑
01	0	971	1	マジックキャンディ	9	10	MSP↑
01	0	972	1	マジックキャンディ	9	10	MSP↑
01	0	973	1	マジックキャンディ	9	10	MSP↑
01	0	974	1	マジックキャンディ	9	10	MSP↑
01	0	975	1	マジックキャンディ	9	10	MSP↑
