result_no	generate_no	p_no	name	player	
05	3	1	アンヴォカ・プラネート	全員かかってこい
05	3	4	ウーリ・M・アルムスター	まーじ
05	3	5	五十嵐梓葉	Redinns
05	3	6	エルーセラ・ガブリエッリ	Hinoto
05	3	7	セーコ・ハットリ	Mr25sec
05	3	8	ノト・ストレイド	赤い子
05	3	9	シトリア・E・エレンディル	れーや
05	3	10	ヴィヴリオヴェール＝リテシア＝アリア	うのいず
05	3	11	ヘレカ・オファイル	ベ
05	3	12	リーシュ	濃厚戦艦
05	3	13	トゥルケーゼ	鏡水リト
05	3	14	冷めたコーヒー売り	 
05	3	15	イネット・ジェイディエヌ	つっきーくん
05	3	16	アルノー・C・エーレンフリート	はうりん
05	3	17	瑠璃島麗子	シーフードドリアの　　　シーフーって何？
05	3	18	真縞島 次郎	シーフード
05	3	19	アッシュ・プリテンダ	五連
05	3	20	フェイル・オールト	kw@
05	3	21	フランツ・タキタ	RIN
05	3	22	スティカート＝コン＝アニマ	[ここに日本国憲法を入力]
05	3	23	オクナ・パールハウス	neuz
05	3	24	意思のあるお玉	🍂
05	3	25	片間リコ	べ
05	3	26	ヂッハベ	huwantei
05	3	27	しゅき・スクレテール	Rの手記
05	3	28	ネディア・ヴォイドウォーカー	Re:AGE
05	3	29	ノーチェ	めんるい
05	3	30	セイクリア・クリットハート	深水
05	3	31	エビマヨ	蒼
05	3	32	ネヴェ・R・ギィッテレ	フローズンS
05	3	33	ナイトゴーレム・ダスト	らぴねる
05	3	34	ミグ・アントノフ	zis-ed41
05	3	35	スフェン・クラーレット	速水
05	3	36	子墨	歯車
05	3	37	子墨	歯車
05	3	38	アレル	ぬめぬめ
05	3	39	サユ	skrige
05	3	40	ヘルプさん	わん太
05	3	41	ツィル・アストレイ・ユースティアス	らっ
05	3	42	ザカライアス･リー	由比
05	3	43	ヴィンセント・シュトラウス	憲法9条を守れずに死んだ人
05	3	44	アーテル	プラリネ
05	3	45	シャッセ	chiffon
05	3	46	相戸　マナ	ネコイタチ
05	3	47	セレス=フローレンシア	エスト
05	3	48	ダインリーカ・ディープシィ	金髪好き
05	3	49	七海 しじみ	soku
05	3	50	一番合戦鬼ヶ島	@nodead
05	3	51	ヨナヴェト・セダ	お貞
05	3	52	シュタール	🍣
05	3	53	ルミナ・フォルトゥナ	海老コロッケ
05	3	54	セレスティア・ノルエント・アストラ	ちや
05	3	55	御厨セシル	hack_c_
05	3	56	エリクシア・クロード・フィフス・ソーリス	claudyu
05	3	57	ラノア・ステップトラス	駄無PL
05	3	58	オットセイ	古賀原
05	3	59	レナーデ・アクラ	水城待紘
05	3	60	セス・メチェ	コギト
05	3	61	ルース・メチェ	ぼーろ
05	3	62	アルチバルド	ラスタ
05	3	63	アイリーン・ヴォイドウォーカー	Re:AGE
05	3	64	貴ドラ	貴ドラ
05	3	65	隠岐菜和恭子	神那河恭子
05	3	66	レヴィ・サンディクスシルヴァ	fujimura
05	3	67	スクアーノ・スコッティ	信楽
05	3	68	ドリー・ジーンリッチ	ドリー製作委員会
05	3	69	モルモルール	moru
05	3	70	クルンク・ル〜ン	毛羽立ち三十郎
05	3	71	レイ＝ティモージュ	A
05	3	72	リュステリア=ゲイルロード	れてぃ
05	3	73	ヴィオレッティ	naya_PL
05	3	74	トゥルーデ	結城
05	3	76	アマニタ・アルプシェディア	タカミ
05	3	77	ミンミン	カミム
05	3	78	ユリナ・ラビリンス	ユリル
05	3	80	ミシェル・ミア・コールフィールド	こだわりメガネ
05	3	81	エオニオ	かいばー牧瀬
05	3	82	ニヨン	糖尿
05	3	83	ニョロニュル	ウェ
05	3	84	クロアエジル＝ユレーアイト	ごるびー
05	3	85	Label	
05	3	86	Label	
05	3	87	Label	
05	3	88	Label	
05	3	89	Label	
05	3	90	Label	
05	3	91	星川 エト	虹羽ぺんぎん
05	3	92	Label	
05	3	93	Label	
05	3	94	Phylie Animustras	サイカ
05	3	95	八雲薫	m
05	3	96	 ウルルゥ・リロルリロル	🐙
05	3	97	ジェード・ストーンリバー	閂
05	3	98	Label	
05	3	99	エリザヴェータ＝グリゴリエヴナ＝ラスプーチナ	ウェイクロード
05	3	100	アンジェリカ・サファイア	Tesyu
05	3	101	レタスの妖精	はっぱ
05	3	102	パウラ・イーブルノーツ	skrige
05	3	103	ネル・セイレス	ぴんじぃ
05	3	104	ライトニングスカイ	＠
05	3	105	キーラ・スファレライト	Zook
05	3	106	パウラ・イーブルノーツ	skrige
05	3	107	ギルティ・ファブニル	ふりーど
05	3	108	スワン・エドヴィナ	木製柵
05	3	109	ダーミス	薄 (ススキ)
05	3	110	ダブリュ・ビーエス	子天使
05	3	111	ライル=ゴダード	塩卓
05	3	112	藍鼠眼の魔女マユクニト	ヤミキ
05	3	113	アルチバルド	ラスタ
05	3	114	リヴトライ・ライラ	ぱん
05	3	115	暁 アカシ	ゆ
05	3	116	ティータ・アルグノ・ユゴー	のぼー
05	3	118	宇佐美迅子	うさ
05	3	119	フランネリー・トライオン	ばっくどあ←
05	3	120	クロニクロロクラム	「ここがコメント入力欄か」
05	3	121	カーネリヤ・レオントアルム	ぱんだ
05	3	122	ヴァイス・ブランシュ	どどんぱ
05	3	123	零崎 劉	むら
05	3	124	ナーシサス・R・アシュリー	アルス
05	3	125	へー	えび＠
05	3	126	Label	
05	3	127	リファー・アルタリア	のいぬ
05	3	128	ヴァルナル・アールバリ	夜海
05	3	129	リリステラ	ねこたま
05	3	130	ロゼリー・ヤール	やまもと
05	3	131	ヴァイス	そらりぅ
05	3	132	わがはいはくろねこである	すべてがにゅいになる
05	3	133	ネルネル	ぬべ
05	3	134	アルマ・シャハト	f_in_vanity
05	3	135	ニュクス=ノクス=フリージア	humi
05	3	136	ヨハン・ゲオルク・ファウスト	悪魔の中の人
05	3	137	マギクム・クァドラートゥム	六連　昴
05	3	140	Label	
05	3	141	Label	
05	3	142	Nyank･Welbilis	ルルクス
05	3	143	アトラス・アレストール	aoki
05	3	144	フランジェッタ・ヴィグリオーサ	そとんて
05	3	145	ミラベル・ミラベッラ	007lfy
05	3	146	ベテル	たくお
05	3	147	エアル・アッシュ	御巫咲絢
05	3	148	プリズム・ラヴァ	エクセル
05	3	149	メリオスティール・インヴィーター	ィ
05	3	151	Label	
05	3	152	薬学の魔女	popyado
05	3	153	エルレーン	デニス
05	3	154	フリージア	邪ネ申もっこす
05	3	155	Label	
05	3	156	ライラ・エヴリ	LLL.
05	3	158	ローリエ・H・ガードナー	はるくろ本舗
05	3	159	ミックスナッツストロベリーチーズケーキ	死体
05	3	160	レミー・イル・イルベール	jos
05	3	161	test	test
05	3	162	クリスフェル・ライムアーラ	教祖太郎
05	3	163	フィーア = アガルスト = ペンバーク	市民のナカノヒト
05	3	165	豊蔵久々利	salaspitg
05	3	166	オリバー・レッドアイ	quo_te
05	3	167	ウィレム・ヴァントラン	うしっぽ
05	3	169	メガデス	ろた
05	3	170	スロウ・クロウ	守護神ホルン
05	3	171	ブラウン・"J"・バーンズ	すりっぱ
05	3	172	アルタイル	サイガマン
05	3	173	エインセラ	鴉瓜
05	3	174	キミア・E・タブレット	墓石
05	3	175	Label	
05	3	176	ウーゴ・バンブシュー	切り株
05	3	177	ミケ	ことり
05	3	178	ツヅリ	たまご
05	3	179	ロンド	死者の行軍
05	3	180	ニートリオ・グーレ	テルひこ
05	3	181	辨開　ニルヴァーナ	ヒイロ
05	3	182	レナエル・クラルティ	零史
05	3	183	マシッキア	uzuki
05	3	184	Label	
05	3	185	サファイア・デビル	餅だろ過
05	3	187	ジゼル＝オルコット	てんてこまい
05	3	188	フルーヴ＝イニオダション	くらしぇ
05	3	189	サクィラ・ファリーレ	かんきつ
05	3	190	Fury＝Richter	背景
05	3	191	さくら宮さん	雨宮さん
05	3	192	スラーナ・ルーナ・クレスサングレス	春夏秋冬
05	3	193	南本 雷音	イザヨイ
05	3	194	アシュレイ・ホスキンス	九重みつる
05	3	195	闇	総元帥兼 皇帝
05	3	196	悪魔坂グランドアーサー	巫女瓜
05	3	197	通りすがりのモブ達	モブPL
05	3	198	サンドイッチの妖精	ちきん
05	3	199	コーズ・ラフトゥーン	むろく
05	3	200	オーフェン・アルタリア	あれんだ
05	3	201	クゥネル	 
05	3	202	エルザス＝ロートリンゲン	werueru
05	3	203	"九濫之姫" 綱切エリス	まいのぐ
05	3	204	カペル・エスケイパー	消夢
05	3	205	シュトラル=シュテルン	81
05	3	206	風魔　透子	ituki
05	3	207	フォーチュン=リリー	Meiry
05	3	208	マカロン＝マジェスティ	アルケ
05	3	209	エストレリャ・フロル	しのり
05	3	210	リナータ&リストル	鬼姫
05	3	211	井路葉坂 ギィア	クマー
05	3	212	ウォイヤ・ワーム	Schosan
05	3	213	フォーチューン	シロタマ
05	3	214	シーリゥ	名無しの魔法使いさん(でした)
05	3	215	紅葉 つぐみ	ଳみなづき
05	3	216	サリ・ハルニレ	あーこ
05	3	217	卵	俗物
05	3	218	よっさん	きもぬ
05	3	219	モルナーダ・ヨーディカイン	トモッチ
05	3	220	ルピルリ	しっぽ
05	3	221	グリムナード	HK
05	3	222	Pola Spitz	Alphecca
05	3	223	メフィストフェレス	悪魔の中の人
05	3	224	ヨミコ	赤宮リンド
05	3	225	コルテーゼ	ほろ
05	3	226	アサキ・ヴィレル	瀬野
05	3	227	雨天夜空	amenohi
05	3	228	トミーガン寺崎(仮)	RG
05	3	229	セディー	朔鳥
05	3	230	フェブラリア=フェブルリア=フェブルアーリア	さんそ
05	3	231	イクリプス	Lak
05	3	232	わだち	Ykou
05	3	233	蛙田ひき子（けるだ・－）	筑波山
05	3	234	フェリックス・バーネット	ママママン
05	3	235	ネリンガ・ネヴェラウスカイテ	美少女
05	3	236	信濃	鳥さん
05	3	237	フー	たびにゃ
05	3	238	ソクァ・ラゾルテ	音水
05	3	239	白雲ミヅホ	リル
05	3	240	ギリー・スキャッフォールド	墓ダッシュ
05	3	241	マイ=ノメリー	すこっちぃ
05	3	242	キアロン・アーセイル	青猫
05	3	244	シルビー・ナール	ひぃとうぇーぶ
05	3	245	アスターヒュー・エーファ	シラカタ　ユツキ
05	3	246	リヴィエラ=アルタリア	雪野
05	3	248	リュエル・ケイアルタハト	村人
05	3	249	ニーアム・ココ・ショーグレン	きかぜ
05	3	250	ソウ・ミソラ	コウ
05	3	251	エルヴィラート・イットライア	おさかな
05	3	252	アウローラ・Ｄ・アウギュステ	よっし
05	3	253	ハレルヤ	Re:MGR
05	3	254	マリオ・ラヴュート	さいし
05	3	255	ルナマリア	触手
05	3	256	アルフレッド	しろひと
05	3	257	エステル・ノーデルナ	紅月ペンギン
05	3	258	紅信	鳥さん
05	3	260	大庭堂ライブ	いも
05	3	261	リリア・e・ヴァレンタイン	なんかの具
05	3	262	サニュメールシュナルハルペ	***
05	3	263	ルート・アイアンブルー	有刺鉄線
05	3	264	ラクサ・ストレイシープ	鈴風 鴻
05	3	265	那苗 偀	なおたん
05	3	266	ミュラム・ベルナメラ	昼空卵
05	3	267	リリアナ･ルビオ	どろあめ
05	3	268	フォルカローゼ・レイド	もぶ
05	3	270	リリリエ	ささみのきりみ
05	3	271	草葉風遥	せいさくしゃ
05	3	272	キバ・グニパヘリル	夜色
05	3	273	猫宮あずき	陰坂うじみん
05	3	274	ベルティナ・ヴァスク	イカナゴ
05	3	275	ジャルディーノ・ボサビティ	Trystar
05	3	276	ヴィアノート・シェオル	るな
05	3	277	ハクト	さしぇ
05	3	278	ルース・ウィス＝セルウィ	四つ葉の人
05	3	279	アドレイド	yr
05	3	280	トゥア=オーレス-ナナイ・ティー・テ・テ・スフィ	@siba39ra 
05	3	281	フルエ・リューケルフィー	29
05	3	282	ミコル=コクア	wan
05	3	283	ナナセ・レィグア	そらみち
05	3	284	デイビッド・アニミダクター	怪人
05	3	285	ヘレナ	にく
05	3	286	ラザラス・レグルス	たちばな
05	3	287	ロレッタ・コルケット	ジョン
05	3	288	ユリア・ドルシッラ	younama
05	3	289	アイリス・ニア・シロ・シライト	ろむ
05	3	290	エメ・ハーモニア・ガラニス	夢見野
05	3	292	ヴィーシャノーチェ	おといろ
05	3	293	ラミ	───
05	3	294	天水 花音	あおねこ
05	3	295	凛架・コローレ	りんかー
05	3	296	名称未設定	櫻
05	3	297	ティカ＝ファルル	稲荷屋
05	3	298	サイレン=ト・リオ	ふうしや
05	3	299	サヤカ・ランガンフジ	jimi
05	3	301	オリヴィオ・ラビュリントス	粉海月
05	3	302	レオノール・カティサーク	ま
05	3	303	ハルキゲニア	@_99cafe_1
05	3	304	コルデリア	はぐき
05	3	305	テグチ	ける
05	3	306	アスナ・ドライブ	フェザー
05	3	307	ドラモンド・リルル	あいすべり
05	3	308	フーラ・カティ	葉っぱ
05	3	312	グリム・ヘルハウンド	くえりぃ
05	3	313	間延　佳代子	zazaki
05	3	314	アデルリッタ・グロースハンデル	ないとう
05	3	315	アウェル・エル・ナフ	なしなし
05	3	316	スファレライト	犬科
05	3	317	ロシロ・ホワイトタンヴィレッジ	やながわにな
05	3	319	祈宮　紲	いしゅりん
05	3	320	シュク・リィンカーネーション	どっとるすと
05	3	321	カティム・ティム・ラティム	GT
05	3	322	エイプリル	弥色
05	3	323	サバト・マグナス	八式
05	3	324	ラウダ・オーラルト	石
05	3	325	石動エル	F
05	3	326	清音寺 真威乃	¥29
05	3	327	シー	雪華
05	3	329	フラクタル・ヴィントラスタ	日夜
05	3	330	アンジュ	アフロダイB
05	3	331	　	く
05	3	332	シュガーシロップ・I・バレットパレット	サンダーボルトスクリュー
05	3	333	神名火 みどり	_emeth
05	3	334	ソフィア・フォーリーズン	YTR
05	3	335	ハルプ・ロート	nagira
05	3	336	イェラン・カールフェルト	とうや
05	3	337	ジゼル・クレイドリヒ	すすや
05	3	338	リディウス＝ダイン	ナヤク
05	3	339	シュイミー	榾このえ
05	3	340	三白　小米	雪葉
05	3	341	ユーニス・プレクト	ホオズキ
05	3	342	リネット・ナイトリー	🍅🍅🍅
05	3	343	鹿金 信長	やつふさいぶき
05	3	344	アンビバージュ・エプセン	こると
05	3	345	ナギ・アグラフォノス	だーと
05	3	346	パブレット	pastaria
05	3	347	Edelwei	Birdman
05	3	348	ピカロ	ほろ
05	3	349	リアン＝オリカルクム	む
05	3	350	釜揚ユギリ	@tyau_nen_
05	3	351	ヒョウガ	nox
05	3	352	ユノ	イチ
05	3	353	岸田キラメ	かやまゆきひろ
05	3	354	ギフト	みかづき
05	3	355	オズヴァルド	海々月
05	3	356	ジャック	しゅらく
05	3	357	ソル・ユーホルト	むつき
05	3	358	フレイメア・フォーリーズン	れんこん
05	3	359	エムリス・サインガルト	榊
05	3	360	メリク・シドロス	宮樹海斗
05	3	362	カルセドニー・フォン=アリアーク	イクス
05	3	363	白森 純	アレン
05	3	365	ナハトーレ・タイゲル	匡祐。
05	3	366	ヘーゼル・シャード	ビードロ
05	3	367	ヴィーシャ	Latte
05	3	368	ファンルゥ・フリゲート	黒岩さび
05	3	369	炭焼の焔	カルボナリ
05	3	370	メリリック	望月かのこ
05	3	371	テーコ・オイコフ＝キエフ・トオーコ	スーシロナガ
05	3	372	阿山 エイリーク	なかにし二朗
05	3	373	クヴィル・レクスフィート	無記入
05	3	374	ミュイエ・レクスフィート	amn
05	3	375	オルドロック・オレッド	銀ミノ虫
05	3	376	シークレットテンポォ・テング	无名氏
05	3	377	ウール・ムーレン	アルマレン
05	3	378	アルマ・ナイトリー	まさひこ
05	3	379	Rakiragdoll	佐伯
05	3	380	グリンク	灰蝙蝠
05	3	381	囲炉垣　藻衣	毛
05	3	382	阿山 九郎	なかにし二朗
05	3	383	伏見 総九郎	空鳥海
05	3	384	雪根 莉子	なかにし二朗
05	3	385	プティモルマール	nok
05	3	386	イノヴェルチ	マチュピチュ
05	3	387	アーヴェントラ・シュテル	やしん
05	3	388	リドル	rustiette
05	3	389	ゴルンギョお嬢様	チュピムシ
05	3	390	ペルティール・フラウム	ロア
05	3	391	石画波羅　はじめ	say
05	3	392	サケルイ・トキシラーズ	サーモン祭
05	3	393	カラ＝シ・タカナ	VSR
05	3	394	アグネス＝トラヴァース	旅人
05	3	395	▁▄▁▄▅▁▁▄▁▄█▄▁▄▁▄▆▂▁▄▁▃▅▆	YTT
05	3	396	響	ボトム
05	3	397	レオンハート・アニムスティティア	カニ
05	3	398	ジャン　ハイイー	龍虎
05	3	400	コバルト・ブルー	夜色
05	3	401	----	萱草に寄す
05	3	402	ドゥリズル	じっぷ
05	3	403	クレメンティア	リリア
05	3	404	ヴァラキアカ・ストネブレアク	パクチ
05	3	405	フュール・バッケン	ゆう
05	3	406	アルフリート・レウナン	AR
05	3	407	プルメル・ロルラーパ＝パロリエ＝ラヴォラータ・レヴール	Aiya_Miyazono
05	3	408	ヴァウヘルミナ・ワッフル	あにー
05	3	409	夢宮陽子	抜け助
05	3	410	砥鷺丸	うごくどうぞう
05	3	412	コロチロ・モルガテッラ	たまち
05	3	413	ネージュ・ウィンフィオルナ	エクス
05	3	414	リュシーカ・フェルディモス	ＴＯＭ
05	3	415	紅翠ヒカリ	Aoto
05	3	416	Yvo	そーさき
05	3	417	歩陽道 日景	ロブがに
05	3	418	シードリー	CSA
05	3	419	シーナ・セネット	希月スズ
05	3	420	トバイアス・タウゼント	虚影
05	3	422	フミナヅ=マガサ	cman
05	3	423	ヒュロ・マームル	アマノ（はりくら）
05	3	424	シンク＝アルタリア	眠玉
05	3	425	マイス・夜明詩院=ティルフォ	よあかしさんさんおはようさん
05	3	426	グリフォンの飼育に青春のすべてをささげた人	人間
05	3	427	大悪寺 貴志	てと
05	3	428	ニハチソヴァセット	enabakis
05	3	429	アカネ・クリムゾンフレア	51
05	3	430	沼兎のヘイヤ	max
05	3	431	子猫のようななにか	MEKS
05	3	432	マニエラ・マイア	じんしん
05	3	433	ルノン・リヴィエール	めりえ
05	3	434	ユリウス・レーヴェン	はこみ
05	3	435	MMP増2	確認用
05	3	436	ルト・アニムスペルヘイム	b
05	3	437	アリカ・ウェンズデー	森のかえる
05	3	438	マル・マール	田村部 尊
05	3	439	エメリエル＝グッドバーグ	ω
05	3	440	花影	Avi
05	3	441	ラプラス・エジリン	ta11
05	3	442	マルル＝ケッパー	アカマ
05	3	443	アイーゼ	DSD
05	3	445	ノワゲネル	うしゃ
05	3	446	シニシデス＝デスデデス	elec.
05	3	447	レティシア	青色
05	3	448	シャルル・スターリィ	りっとく
05	3	449	Label	
05	3	450	ラブリュス・ドルドル	zia
05	3	451	アルヴィナ・ルキーニシュナ・ルトコフスカヤ	nira
05	3	452	白野 幸	秋晴れの空
05	3	453	スピカ	K
05	3	454	アークトゥルス・サンヒルマン	midnight
05	3	455	リュヌイ・クロルパン	mogu416
05	3	456	ミキ	ターバンの羊
05	3	457	双魚宮・パイシーズ	黄龍神
05	3	458	フィボナッチ・F・ナイジェラス	あっきょん
05	3	459	ウォルター・アニムセラ	夜桜
05	3	460	歌宴龍ヤォラン	狻猊
05	3	461	藤森 サト	句外
05	3	462	ライラ＝レイテ・リィノイト	いがら
05	3	463	律月	架神
05	3	464	ユーラ・アムニ・スペクルミア	のき
05	3	465	リレイ・セブンズ	rapis
05	3	466	ハシバミ	Soregashi
05	3	467	イド・メラン・レウコン・エリスロオス	イドPL
05	3	468	ロロット・ブランシュ	七重
05	3	469	エイボン＝アポカリア＝リ＝インデクス	当白
05	3	470	ガヴァルド=ドーキンス	なで
05	3	471	リア	リア
05	3	472	Aura	戦うぴっき
05	3	473	ループス・ノイモーント	aa
05	3	474	ア・ナトゥア・ニナ・ノルナナドゥ・ヌァイ	99
05	3	475	ユースティーリア・モルス・アルティオレイズ	しあの
05	3	476	BranGard	Quga
05	3	477	東海林　緋音	和葉
05	3	478	ウリナス・パトゥルジャン	たしなみがい
05	3	479	餅月・ロナ・ドラグーン	犬ずきトカゲ
05	3	480	E.R.I.S.	えりちー
05	3	481	ティア	白い毛玉
05	3	482	トルソ5号	@heparinoid
05	3	483	ジゼル	さくら
05	3	484	ヒュノープスゥ・ナムネライト	いつき
05	3	485	Cigno	おり
05	3	486	スゥ・イェナ	ミズノコ
05	3	487	『ニール』	なし
05	3	488	カタシロ	ﾅﾄﾘｳﾑ
05	3	489	ユイ・アラキ	たまちゃん
05	3	490	メルティ・ミーニャ	凪砂
05	3	491	ネリネ	ボイ
05	3	492	カシャ	いちせ
05	3	493	別宮みつる	ろくばつ
05	3	494	アンベ・Ｓ＝コロン・にぅ	いとこん
05	3	496	東雲霜花	△◇13
05	3	497	Prixi Ironspark	緑青
05	3	498	ユルクト	黒夢兎
05	3	499	ウェムテン・フライエス	ずんたろう
05	3	500	七夕糸彦	おわこん
05	3	502	イティード・R・カジマ	魔法少女
05	3	503	右ヶ丘 左	まれみ。
05	3	504	マーサ	東風屋梓
05	3	505	オルヒデー＝ダス＝マイグレッグヒェン	LB
05	3	506	ヴァイナハテン＝ダス＝マイグレッグヒェン	。
05	3	507	ブルーベル・アディンセル	米
05	3	508	片隅のランタン	ルラン
05	3	509	エル・シルペケレチュプ	ファイアハムスター
05	3	510	レイピス・ラーズワード	わっとまん
05	3	511	シン	海洋蛮族多腕種
05	3	512	セルズ	湿地帯剣山
05	3	513	メル・メイヤー	しろつめくさ
05	3	514	アイダス・ミラビリア	狩咲
05	3	515	鏡　泰夢	ゆうたん／リル
05	3	516	　	@umimk_2
05	3	518	フォンミン	Flower0mai
05	3	519	大雲　鳩羽	なっき
05	3	520	プリムロゼ・アフ・エルシノア	フリーダPL
05	3	521	イクリスタ	@slow_chiruru
05	3	523	リモーネ・ミルフィオーレ	ハル
05	3	524	アレナーシェ・ディエリ	的
05	3	525	マリー＝バルバストル	吉田君
05	3	526	ラナレンジア＝レミュレーティ	syamaimu
05	3	527	ツキハヤテ＝パンテーラ	ざくろてんし
05	3	528	ラヴィリエラ	lrtb1883
05	3	529	翔龍	三郎
05	3	530	エイト	なつみか
05	3	531	我狼 舞	ちるきゅー
05	3	532	リーフ	ぬめぬめ(2人目)
05	3	536	ラヴィ・シャイツ	@ChimairaMirror
05	3	539	ふわふわ魔綿のドラゴネット	🍙
05	3	540	呉須鬼	ドクヲ
05	3	541	氷室　シン	時
05	3	542	チタニア・T・イリエイラ	φ
05	3	543	マグヌム・アルカヌム・レトゥム・フラメル	渡部アクサ
05	3	544	カーラ	セミ
05	3	545	シープ	ちどり
05	3	546	コリー	あびす
05	3	547	ファドル	タクト
05	3	548	ルイリ	フィーナ
05	3	549	フェルト・チルリィ	笛氷
05	3	550	シトローネ	low
05	3	551	トウル・アキナシ	こじゅkuma
05	3	552	葛根ユノ	ぐるこさみん
05	3	553	フォリア・メーデル	Molet
05	3	554	粕屋 唐音	くさったおさとう
05	3	555	片羽 華煉	メイパー
05	3	556	ドリス・ラ・コーネリア	やすお
05	3	557	ミュゼット・フィールド	のあ
05	3	558	知性自走砲	（M）
05	3	559	コーリィ	ああああ
05	3	560	万場一秀	ヂャン
05	3	561	SSR	えーや
05	3	562	ウー	ももんが
05	3	563	ミセリコルデ・ヘファイストス	山岡
05	3	564	スティレット・ヘファイストス	ありあ
05	3	565	みこと	星詠さん
05	3	567	ガッラ・クゥタ	△◇13
05	3	568	霧裂 九十九	貴族院
05	3	569	シルビア・アルフォン	月影
05	3	570	ベルジア	ビードロ
05	3	571	ダニエル・ジョンソン	雨水
05	3	572	トラヴル	とびうおくん
05	3	575	プランタン・ボー	あかつき
05	3	576	エテ・ボー	しゃご
05	3	577	オトンヌ・ボー	きなこ
05	3	578	イヴェール・ボー	キック
05	3	579	五月七日　つむぎ	coco
05	3	580	シグリッド=ヘフネル	せんり
05	3	581	リーム＝アディットン	ちくわ糖
05	3	582	ニーナ	ゆきつね
05	3	584	サイル・ディネア	ねみみみ
05	3	585	フェルナーダ＝パトレイジア	癖毛大大大学
05	3	586	プリケ・スノウ	水トカゲ
05	3	587	アイニ・クライヴクライア	@Rewahuxu
05	3	588	ナツメ・ヤマブキ	ym
05	3	589	シエラ・リーン	ラリ
05	3	590	侘助	のーころ
05	3	591	リズリット＝ファンティ	Aksk
05	3	592	リングィ	ひとなし怜
05	3	593	ルロイラ・テュパテ	じゅうがつざくら
05	3	595	Label	
05	3	596	シュアラディブル	ぴん
05	3	597	ホイーラードウィット	胃軸捻転
05	3	598	寺田 龍成	唐沢
05	3	599	アンナ・ナビ	Zono
05	3	600	ミャイスティ・ペロスペロッテ	JAREREN!
05	3	601	赤坂カサンドラ	冬籠り
05	3	602	ぱぺ	此方かなた
05	3	603	ミア	mato
05	3	604	羽多こする	こすれ
05	3	605	チヒロ・ローレンツ	二階
05	3	606	ヘーゼル・ロリポップ	そとんて2
05	3	608	メリッサ・ヴィエルジュ	JACK
05	3	609	シエル＝ニュイ・エトワール	紫陽花＠くろいの
05	3	610	レーヴ・インジェーヌ	LG
05	3	611	フィーネ	フカイン
05	3	612	フミクラ・フミアーニ	sizu
05	3	613	アーネスト・F・オーウェル	jacta
05	3	614	厄燕	たぬき
05	3	615	ダヤン・キース	Ｊ
05	3	616	シウィルド・ヴァン・ブラスティア	 
05	3	617	アリアノール・シルヴェストリ	涼丘
05	3	618	クロロ	川島
05	3	619	ライチ・エフィロン	あま
05	3	621	クレーベル	カタリテパフェ
05	3	622	リーシャランテ	てすしゃ
05	3	623	ルドヴィーク	ろくばつ
05	3	624	リールリール	po
05	3	625	ナラグ・ミクルス	せいさくしゃ
05	3	626	ペ・ペ・ペペペ	葉っぱ
05	3	627	ユラ・フォーリィ	AMRN（あむりん）
05	3	628	Charlotte=Avaluncher	Nora
05	3	629	プラネ=アルタルフ	ぼんさん
05	3	630	アーゼンタム	deburu
05	3	631	アイン	㋲
05	3	632	フレア	㋲
05	3	633	ジェルヴェーズ・ジスレーヌ・アルヴィエ	えちゅーど
05	3	634	翠華	姫榊みみ
05	3	635	ハヒア	鰻
05	3	636	氷狐	みみ姉
05	3	637	グレイグロウ・メイソン	Pitti1097
05	3	638	セッテ	レニニ３
05	3	639	スズメ	佐藤
05	3	640	シンシア・バルトリ	一色恋
05	3	641	ネメシス・ファブニル	ふりーど
05	3	642	フリッツ・グリューニング	アオヤギ
05	3	643	ギムレット・ドライヴァイン	笛氷
05	3	644	オルカ=ディーネ	wan
05	3	645	コズ	29
05	3	647	メイベル・ミッドロック	コウノセ
05	3	648	リンリア・アイレフィマ	forest
05	3	649	ウィロウ・アイレフィマ	forest
05	3	650	クフ	forest
05	3	651	リリアーナ・アシエル	カミヤキサラ
05	3	652	ミクスシェイク・殿川	TTX
05	3	653	チェルシー・クライオベル	ささちゃ
05	3	654	エルネスト・ヘイズニール	m4t
05	3	655	バシュウ＝ユーロル	モノ徒音
05	3	657	ミツル=シロサキ	くとら
05	3	659	ルフ	駄無PL(２)
05	3	662	シャロン・サベラス	友人K
05	3	663	シャルロット＝ハルシオン	us@
05	3	664	戦闘メカ　ザブンスル	夏風
05	3	665	リズィエル	名前を入力
05	3	666	甘い魔法の＂キャラメリゼ＂	こうもり
05	3	667	セプト・ザ・プライド	rain
05	3	668	色兎馬 映	さかな肉
05	3	669	クルミット・フリューレン	めるとちょこ
05	3	670	フリゼレス・ネベル	シルバーシザー
05	3	671	ヴィクトル・モギルニー	もちぱい
05	3	672	ヴァルヴァーラ	わざき
05	3	673	草原の支配者	たわらや
05	3	674	芦原　紫苑	シラカタ　ユツキ
05	3	675	ミナウス・O・ダーリッチ	𝓑𝓸𝓱/ぼー
05	3	676	イリス	ときな
05	3	677	魔法少女シナノカモミール	空虚。
05	3	678	闘猫士キムリック	aisa
05	3	679	メイ・ブルーム	鈴鳴 美希
05	3	680	ヤッホー・グースレックス	卜部卜伝
05	3	681	chelsea	chelsea2525
05	3	682	シエルトルーデ・メーカ・レキシァル	rins
05	3	683	ヤマキ カツシ	Aiya_Miyazono
05	3	684	ルルトラ＝ガリヴァズム	俺
05	3	685	森亜 穣	minoru
05	3	686	エミール・ノーヴル	ma
05	3	687	クーツァイル＝エノドガルド	白鏡香
05	3	689	カルム・レーベン	りゅい
05	3	690	フィロ・フィア	もりまりも
05	3	691	どてらぎつね	柊 風月
05	3	692	エインセル	白井ぽっぽ
05	3	693	ハルペル・フローエ	pit
05	3	694	アナベル・グリーンペタル	け～け
05	3	695	シィナ	みずモチ
05	3	696	ペペペスカ・ペペロナータ	miya
05	3	697	ラムチャ=ブロックバスター	aster
05	3	698	フレジェ	ビードロ
05	3	699	ころらいころ	むちのちみち
05	3	700	紫壇鋼繕	くずもち。
05	3	701	ツュンフ・シグラート	黒山羊
05	3	702	サランテュール	あおばし
05	3	703	シアリーゼ	蒼鳥ふぃり
05	3	704	Eve	誰かな
05	3	705	ムゲン	鼻歩行
05	3	706	レルタ	カラリ
05	3	707	シチロウ	Mo
05	3	708	テオ・グラント	蒸しパン
05	3	709	SVN-AL-200000710	紅緒
05	3	710	フレイヤ・ムーンウォーター	skis
05	3	711	シャルランツァ	ゆめっぽい
05	3	712	アタナシア・メシアルート	とらいあど
05	3	713	リゼリア・メシアルート	どこかのたぬき
05	3	714	レクス・グロース＝ドラティア・フォン・ドラク	当白
05	3	715	アン・トゥア・ニナ・ノルナナドゥ・ヌァイ	９９
05	3	716	カルナバイオサイラス	かーな
05	3	717	アルルコ・リャツカ	Pitti1097
05	3	718	シトリ	ククノキ
05	3	719	イド	菊
05	3	720	四季　小夜美	教祖太郎
05	3	721	オーヴェルニュ	はと
05	3	723	夢川まほろ	診療所
05	3	724	アリス・アンジュ	鮎宮
05	3	725	カナタ	杉平紅天狗
05	3	726	ウィーティス	尾崎
05	3	727	カフカ	getu
05	3	728	不確定のグランデバスト	首輪付き
05	3	729	柊 真白	山岡
05	3	730	スネーストルム・ハル・フェムヒュース	田中彼方
05	3	731	シルヴェル・シェールブレーデ・フェムヒュース	Dさん
05	3	732	ヒーラー	つつじ
05	3	733	サナキス	治ー図
05	3	734	リサ	霧羽エル
05	3	735	アルマ	霧羽エル
05	3	736	シエラ	霧羽エル
05	3	737	ミトラ	霧羽エル
05	3	738	風祁院　風璃	はや
05	3	739	観葉植物	森
05	3	740	灯台宮つつじ	salaspitg
05	3	741	ガラクティーノ・ボロ	ニケタ
05	3	742	ミファーレ=アッラルヌート	酸化銀
05	3	743	セタ	kururi
05	3	744	セラフィーネ	きがん
05	3	746	イシパソ・イチタミ	ニト
05	3	747	オズワルド・アノトーム	埴輪
05	3	748	残影・碧の使徒	まいのぐ
05	3	749	ククーロ・クレプスクルム	サクラコウジ
05	3	750	ギギ・デイン	星野うらら
05	3	751	ダリラ・ローゼンフィールド	コーカサスオオスッゴイ(予定)
05	3	752	シスト＝ヴィヴァーチェ	TKA
05	3	753	アニヤ・ニッキ	pp
05	3	754	アリシア・バターカップ	C.S. Calico
05	3	755	シルヴィア・グランフェルト	nira
05	3	756	音呼　火笛	スラント
05	3	757	シィザ・クラーヴァ	くおん
05	3	758	エイロス・チェスティラシャス	てんぷら屋
05	3	759	モリマツリカイコビト	うどんのおつゆ
05	3	760	Label	
05	3	762	Mache・Ninot	佐伯
05	3	763	加瀬　隼人	もずく沼バナナ
05	3	764	ドリスコル・ヴァイス	かぎしっぽ
05	3	765	喰慈	Gけいん
05	3	766	《ネレーム》	りくも
05	3	767	Lanterne・Petit	七日空
05	3	768	リオーネ・リオンツェ	朱坂理樹
05	3	769	惜選 空慈	Gけいん
05	3	770	『監視者』	Peerlee
05	3	771	綾城　葵	水破
05	3	772	魔力啜り	bero
05	3	773	暴食実験体	bero
05	3	774	NO NAME	bero
05	3	775	呪文翅のワーアント	bero
05	3	776	リューナ・ゼー	月色
05	3	777	ギーメイ・フマージメ	全裸中年男性
05	3	778	ジュール・ローズグレイズ	Nor
05	3	779	アクイラ・アリオスト	hzr
05	3	780	雪白　藍	詩緒里
05	3	781	Arma=ie=Rache	Diane
05	3	782	ミルドレッド・ヘイルフィールド	nox
05	3	783	Zarqarimm	緑青
05	3	784	漆竈　捌華	五筒
05	3	785	イェレ＝ラトゥリ	海月人
05	3	786	タツノ	粗雑
05	3	787	立間　笑舞	単色
05	3	788	シャナ・ラ・クーン	ぬえ
05	3	789	レニフィール・ユポン	ぽん
05	3	790	サキ	シセラさん
05	3	791	秩序ロボ	111
05	3	792	フィーク・ゴートバレー	たいちょお
05	3	794	ルル・クルール	ヤマネ
05	3	795	雪告鳥	箱猫
05	3	796	イグニスレギオン	@
05	3	797	ルナティックナイト	@
05	3	798	ナルァ・コーウェン・ノーディア	@
05	3	799	アルネブ・ニハル	ゆき
05	3	800	シャーロット・ウォレス	Toki
05	3	801	リグ・フォード	来人（改β）
05	3	802	クラン・O・フルークエンド	冬
05	3	803	八尋	しゃるふぇす
05	3	804	アゼリア＝リューゲル	Avi
05	3	806	おおあんまきさん	ヒクイドリ
05	3	807	ディア	ぬめぬめ(3人目)
05	3	808	トーマ・ソエイ	黒河
05	3	809	Label	
05	3	810	Label	
05	3	812	ギリアム	夕凪
05	3	813	キョウカ	カイ
05	3	814	アシュトヴェルト・シュトランツ	劇場版エルボーの花束
05	3	815	青紫緑	smd
05	3	816	魔宮マクシマ	kdln
05	3	817	ユーヴェル・ミッドソンマル・フェムヒュース	fled
05	3	818	リュウール・ウール	栄
05	3	819	アザミナ・ラビシュリバー	ふぉーと
05	3	821	ミケベル	T-Bash
05	3	822	リサナミヤ・ウィルフエオリア	秋瑞てん
05	3	823	志波姫ゆい	ゆいPL
05	3	824	シキト・ユエルシエル	物陰
05	3	825	フルア・ユエルシエル	静
05	3	826	ミルミル	三毛猫
05	3	827	シュプレニール・"ソウル"・フルハート	しらにゅい
05	3	828	カモミール・コトフ	Penchemi
05	3	829	Label	
05	3	830	Label	
05	3	831	Label	
05	3	832	Label	
05	3	833	Label	
05	3	834	Label	
05	3	835	Label	
05	3	836	Label	
05	3	837	Label	
05	3	838	タタン・トゥエト	からびな
05	3	839	セオドア・フラグナルド	やづさめ
05	3	840	アリシエル・ヴェゼラート	野路
05	3	841	ステルキア	こあとる。
05	3	842	比良坂・黄泉	喰寝サンダース
05	3	843	デーラ ミュースト	リシド
05	3	844	アーガット・フェムヒュース	津村
05	3	845	セラージュ・ヴィコ	十戸
05	3	846	フロール・フィーレンス	やさか
05	3	847	スコルト・マリャ・トロット	KRNG
05	3	848	プルプル・ゼリー	029
05	3	849	ナナホシ・テントー	getu
05	3	850	ブルー	くすい
05	3	851	みーこ	L
05	3	852	みーたろう	L
05	3	853	白猫の首輪	L
05	3	854	灰猫の首輪	L
05	3	855	狗芒 瑞温	エクロウレ
05	3	856	レンカ	まんじゅう協会職員
05	3	857	リアビス・シェーランドット	ぎ。
05	3	858	クニーニファ・スクラ・パラミス	mogura
05	3	859	ジーナ・イー	うい
05	3	860	リアラ＝バルシュバイン	ちねさだ
05	3	861	秘密の球	あどそん
05	3	862	捧 怜太郎	あやせ
05	3	863	アレク・リーズ	境符だった人
05	3	864	クロエベル	花葉
05	3	866	ハーリド	ケイ
05	3	867	シャーロット・"ロッティ"・バートレイ	しのだ
05	3	868	ユーリカ・N・バートレイ	紙箱みど
05	3	869	エム = オールドリッチ	Ian
05	3	870	Nilasera	なまうに
05	3	871	真澄・A・スプリングス	薙
05	3	872	黒白の猫	きゃー
05	3	873	ジェイド・ウォーカー	藪シロミィ
05	3	874	緋色の狐	EvilFox
05	3	875	緋色の狐［分身］	EvilFox
05	3	876	緋色の狐［分身］［分身］	EvilFox
05	3	877	クー・R・ラフレンチ	瓶乃井円
05	3	878	ドロテア・ペーテルス	@
05	3	879	ザイカ・ミアエス	さかみ　さち
05	3	881	ブルー	ガンマ
05	3	882	緋亜乃＝ローズウッド＝田中	クッキー
05	3	883	カーマイン	ガンマ
05	3	885	グレー	ガンマ
05	3	886	バイオレット	ガンマ
05	3	887	リジリシス・シルフィーナ	叢雲美星
05	3	888	キュラテ・ヴァレンタイン	ゆめまねねこ
05	3	889	レヴィース	れれれ
05	3	890	ネムダル	寒空の星
05	3	891	コヴァジナ	泥
05	3	892	ノワール・ストレンジブラッド	たぬー
05	3	893	ベルデライト	るるいる
05	3	894	マルタ・アイゼナハト	赤城
05	3	895	クノウペン	貴族院
05	3	896	ピネット・コルルアカ	ンチブ
05	3	897	アマナ・ファンデルメイル	アサツキ
05	3	898	イリス・ファンデルメイル	pikajet
05	3	899	ドルイ・D	御座布団
05	3	900	ドゥード	白燈蛾
05	3	901	カイツール	赤城
05	3	902	メキシカンバード	貴族院
05	3	903	コイナス	ferrum
05	3	904	羽毛の姫	any
05	3	905	機甲の鳥	貴族院
05	3	906	ガウチェ	亞襲
05	3	907	ユーリ	あにー
05	3	908	ユル	りんご
05	3	909	ポッカ・ポルカ	明智
05	3	910	ロウヴァ	takatei
05	3	911	エール・ブリーム	うまこーん
05	3	912	アロイ	石油王
05	3	913	エルナ・リコレット	白
05	3	915	チェルキオ	ポルティ
05	3	916	絵画の淑女	謎の着ぐるみ
05	3	917	ミリンダ＝L・ハーヴェイ	やすこ
05	3	918	アルト・アルトゥール	こあとる
05	3	919	阿武 沙樹	AA
05	3	920	九紋竜 正洋	AA
05	3	921	カラメルピスターシュ	ビードロ
05	3	922	天空海 真凛	AA
05	3	923	ランリルテュール	nok
05	3	924	デイヴィッド・テイラー	雨酒
05	3	925	カリニーエン	赤井はぐき
05	3	926	クラッジ＝フックショット	さけち
05	3	927	加賀美 陣	AA
05	3	928	アルストリア・エーテルフォージ	こあとる
05	3	929	犬河瀬　譲里	nk
05	3	930	X	E
05	3	931	赤いドラクノマイト、ロサ	Drachnophobia
05	3	932	青いドラクノマイト、レギン	Drachnophobia
05	3	933	ルムア・ダルガ	ヘバラ
05	3	934	X2	F
05	3	935	X3	G
05	3	936	クイニー・バケット	ヒクイドリ
05	3	937	ゴノセン・トール	CHG
05	3	938	アマン・バケット	ヒクイドリ
05	3	939	時雨	赤坂瑞希
05	3	940	ディー・プロウ・メア	海底
05	3	941	Label	
05	3	942	土鼠	もぐら
05	3	943	ケレル・フェリス	てと
05	3	944	マーガレット・デイル	夏初月ミト
05	3	945	メルクリウス・マグヌス	なめくじ
05	3	949	曾根ヶ崎來	❤️
05	3	950	アロスロン •S•漣	となり
05	3	951	僧正・灰爺	_
05	3	952	フィオ＝フィナ	ぽんず
05	3	953	萩月恵佳	桜海老コロッケ
05	3	954	八雲　葛城	狐鴉
05	3	955	ウー	ウーPL
05	3	956	ハーリド	ケイ
05	3	957	モミジ	オツドラ
05	3	958	マイン＝ナイン	???
05	3	959	柳ヶ瀬 慧	rins
05	3	960	レミュイス・コルコット	えふ３
05	3	961	天狐 椿	カナデ
05	3	962	プシュノンテ	getu
05	3	963	駆六丸	くま
05	3	964	志六丸	くま
05	3	965	夕凪　実耶	suzu
05	3	966	河童	御茶請 稔
05	3	967	知識の奴隷ちゃん	御茶請 稔
05	3	968	ダブルデス原ヘル死子	御茶請 稔
05	3	969	エカチェリーナ・ピアラン	ごばん
05	3	970	準備用	XXX
05	3	971	クナイ	謎の着ぐるみ
05	3	972	ひがしや	ひがしや
05	3	973	ひがしや	ひがしや
05	3	974	九重 葛葉	葛葉
05	3	975	Zumi lunall	LNL0
05	3	976	いもに	いもねーちゃん
05	3	977	サフィア・メイリーン	闇乃王
05	3	978	エルディアル・フォーリーズン	あきしま
05	3	979	腐乱ラン	べ
05	3	980	ホンジャク・トマ	junosuke
05	3	981	騒音無言のアレグレーテ	@any777_ss
05	3	982	アカネ・キサラギ	888
05	3	983	グノーシス	野江
05	3	984	Estimate 	のすにき
05	3	985	ノーマン・ジョーンズ	ばっくどあ←
05	3	986	灰屋敷怜華	赤いインスマス
05	3	987	ルナ・シュライデン	rapis
05	3	988	サン・シュライデン	rapis
05	3	989	丸山　祈	ごんべ
05	3	990	神楽坂 圭	4696
05	3	991	ジルベール・レートル	GinGuuGin
05	3	992	Label	
05	3	993	ザアルナ・スールミエト	なしの
05	3	994	ネイシス・レヴィアス	@probabilitysky
05	3	995	Stein	診療所
05	3	996	ピーマンの妖精	銀色残骸
05	3	997	ニイエカンシジリョアキオルマ	マツオ
05	3	998	八柳 一華	4696
05	3	999	八柳 陽大	4696
05	3	1000	エイン	さざなみ
05	3	1001	アイリスネレ・トウラムカ・アレジ	ヨナさん
05	3	1002	クティー	上上下下左右左右BA
05	3	1003	 	 
05	3	1004	リリエア	白雪
05	3	1005	リベラティオ	ぴんじぃ
05	3	1006	カノン・フローリア	ちゃーはん
05	3	1007	獅南蒼二	Schosan
05	3	1008	スレイズ・ハイラー	Dhis
05	3	1009	赤石澤茉利奈	ワタリガラス
05	3	1010	レティシア・スタッシュフェルト	レティ
05	3	1011	黒銀 月華	あくと
05	3	1012	アクア・ノエル	ちゃーはん
05	3	1013	めたるん	mazer179
05	3	1014	フィジー・ヴィンタードルフ	らっ
05	3	1015	テリスタ=ミレティトーレ	？
05	3	1016	味利亭 速雄	soku
05	3	1017	レーナス=リコル	A4
05	3	1018	ニーヴァ・アストロメア	さざなみ
05	3	1020	エレオノーラ・ルドウィグ	kikuno
05	3	1021	ナターシャ・セリメーヌ	サ行
05	3	1022	ランファ	タルタルソース
05	3	1023	シオン・グリンティア	抹茶のシフォン
05	3	1024	モココ・ギヤ・ゴート	モアイ像
05	3	1025	如月　白	mazer179
05	3	1026	奈木野鈴里	cyorori
05	3	1027	RS-roid-02（ドゥーエ）	さざなみ
05	3	1028	森戸りあむ	🧠
05	3	1029	リリーア	カラー仮面様
05	3	1031	行雲 神威	古道カンナ
05	3	1033	ルナ・アズライト	お布団
05	3	1035	碧井　葵唯	HOI
05	3	1036	ファル＝ミューリムス	ミッツ
05	3	1037	ガンマ・ユールガロット	青丸
05	3	1039	nocturnal=snake	背景
05	3	1040	古日山かな	猫缶
05	3	1044	ヴィクトリア・アニムセラ	夜桜
05	3	1045	海鳴みこ	ホラー好き人
05	3	1046	シスター・エミリア	篠崎
05	3	1047	ダリア	のばら
05	3	1048	レンジレンジ・メチルタフィー	おーずい
05	3	1051	エミリアン・タンルトゥーネ	あおばし
05	3	1052	Label	
05	3	1053	ロムファ・リース	匿名希望R
05	3	1054	モカロ・リース	匿名希望R
05	3	1055	御影池　悠希	　
05	3	1056	ドゴーリン・マクガヴァーリン	ブライト
05	3	1057	シャオリィ	まりも
05	3	1058	宝楽	桜海老
05	3	1059	すてきなおひめさま	Master Yi
05	3	1060	興市 優	酸素
05	3	1061	ルラ・キザキ	hatter
05	3	1062	ドレミー・アグライア	負け犬
05	3	1063	アストラ	Astra
05	3	1064	マルカ・タチアナ	　
