result_no	generate_no	p_no	title	nickname	subject_id	course_id	species	sexuality	age	
08	1	1	夢見の魔法使い	アンヴォカ	0	2	人間	男	16
08	1	4	少年兵はオリーブオイルの夢を見るか	ウーリ	1	4	人間？	男	15
08	1	5	不滅の大烈風	アズハ	1	2	人間	女	17
08	1	6	瞬間冷凍機	セラ	0	2	人間	女性	17
08	1	7	間の魔女	せーこ	1	5	人間	female	20
08	1	8	風と共に生き自由を謳歌する者	ノト	0	4	人間	♀	14
08	1	9	アウリカルクムの精霊使い	シトリア	0	5	エルフ	女	20程度
08	1	10	払暁の魔女	ヴィヴリア	0	5	人間	男（戸籍・学籍）／ぱっと見女	16
08	1	11	泥の	ヘレカ	0	5	エルフ	「君の好きな方に思うといい」	12歳ぐらいに見える
08	1	12	はちゃめちゃ錬禁術師	リーシュ	1	2	人間	女	16
08	1	13	菱形の眼差し	トゥルケ	0	5	竜人	女性	17歳
08	1	14	極夜の海	まかちゃん	1	4	みたまま	みたまま	みたまま
08	1	15	雷吼と雷咬の牙	イネ	1	6	人間（？）	男	11歳
08	1	16	男装の騎士見習い	アルノー	1	4	人間	男？	15
08	1	17	瑠璃色の魔術師	レーコ	0	5	人間	女	28
08	1	18	やんちゃ坊主	真縞島	0	6	人間	男	10歳
08	1	19	赫き眼の小惡魔	アッシュ	0	4	魔のもの	時による	14程度に見える
08	1	20	灰降の小人	フェイル	0	6	エルフ	男	11才
08	1	21	銀眼の卓廃	タキタ	0	2	人間	男	１６
08	1	22	未来の冒険者	スティカート	0	6	人間	男	9歳(本プレイ時は10歳)
08	1	23	深淵なる水の司祭	オクナ	0	5	魚人…？	♂	18
08	1	24	魅力的でかわいい	お玉	1	6	お玉	不明	不明
08	1	25	片間リコは硬くなりたい	片間リコ	0	4	人間	少女	13歳
08	1	26	ハイエルフの女王	ヂッハベ	0	6	ハイエルフ	無	不定
08	1	27	前のめりな記録者	しゅき	0	2	ひと	女性	17歳ぐらい？
08	1	28	六合終滅	ネディア	0	2	人間	男	16
08	1	29	すたこらりす	ノーチェ	0	4	人間	男	13
08	1	30	聖なる癒し手	セイ	0	2	人間	女	16
08	1	31	アホエルフ	エビマヨ	0	5	エルフ	雌	15（実年齢37）
08	1	32	輝きを永遠に	ネヴェ	0	5	人間	女性	20歳
08	1	34	寡黙なる紙魔行機空母	ミグ	0	2	人間	男	18
08	1	35	灰の中の灯り	スフェン	0	4	人間と思い込んでる魔のもの	基本的には男	14と思っている
08	1	36	魅了されし系譜	ズームォ	0	2	亜人（兎猫種）	男	16
08	1	37	魅了されし系譜	ズームォ	0	2	亜人（兎猫種）	男	16
08	1	38	燃える正義	アレル	1	5	このは族	♂	おとな
08	1	39	服屋の娘	サユ	0	2	人間	女	16
08	1	40	強化型ヘルパー	ヘルプさん	0	5	ロボ	ロボ	18
08	1	41	正義の剣	ツィル	1	2	思考する森	女性	17
08	1	42	文学地紀不良	ザック	0	2	人間	男	15
08	1	43	美しきものよ永遠なれ	ヴィンセント	0	5	人間	男	19
08	1	44	魔性幻想	アーテル	0	5	異形	男	20歳
08	1	45	水底に閃く那由多	シャッセ	1	2	水精	お・ん・な❤	14
08	1	46	幼き魔法少女	マナ	0	4	人間	女性	13
08	1	47	薄幸の水風術士	セレス	1	4	人間	男	14
08	1	48	炎竜の瞳を宿し者	ダインリーカ	1	5	人間	男性	二十代半ば
08	1	49	旅人刀術士	しじみ	1	2	貝類	女性	15歳
08	1	50	鈍重！バリバリ！メカニック！東の国の雷光電鬼！	オニガシマ＝イマガイ	1	2	鬼	男	16
08	1	51	クソガキアルバイター	ヨナヴェト	1	2	人間	男	17
08	1	52	鋼鉄の騎士	シュタール	1	5	少なくとも人型の種族	どちらともつかない	判断が難しい
08	1	53	薄明の月紡ぐ音色	ルミナ	0	5	不明	女	成人っぽく見える
08	1	54	完璧を目指す従者	セレン	0	4	ハーフエルフ	女	12
08	1	55	嘲り弄ぶ朧花	ミクリヤ	1	4	鬼	女	13
08	1	56	万能第五元素狙撃しとけばなんとかなる	エリクシア	1	2	長耳種ホムンクルス	女性	17歳前後
08	1	57	虹色の流れ星	ラノア	0	2	人間	男子/外見はかなり女子	16
08	1	58	イケメンセクシーモンスター	オットセイ	0	5	オットセイ	オス	不明
08	1	59	灯楼の	レナーデ	0	2	人間	女	18
08	1	60	恋に恋する	セス	1	2	人間	女性	16
08	1	61	元気な生徒	ルス	0	2	人間	男	16
08	1	62	闇を歩む者夜の眷属	アル	0	2	吸血鬼	男性	17
08	1	63	第二特異点	アイリーン	0	6	人間	女	11
08	1	64	癒し系ドラゴン	貴ドラ	0	5	ドラゴン	男性	少なくとも25以上
08	1	65	韋編三絶の六法全書	隠岐菜和恭子	0	4	ハイエミル	女性	15
08	1	66	猟師と猟犬	レヴィ	0	2	人間	男性	16歳
08	1	67	剣士剣聖尽く滅ぶべし	スクアーノ	0	2	人間	男	16
08	1	68	最高傑作のオート”マトン”	ドリー	0	6	automutton	無性雌型	16歳程度
08	1	69	ふわふわもふもふ	モモ	0	2	獣人	女	16
08	1	70	巻き！マジ！？メイジの	巻き！マジ！？メイジのクルンク・ル〜ン	0	5			
08	1	71	マジョリティ	レイ	0	5	人間	男	19歳
08	1	72	白翼旋風	リア	0	2	人間(?)	女	16
08	1	73	紫のサラマニスク	レティ	1	4	人間	女	15
08	1	74	魔眼の持ち主	トゥール	0	2	人間	女	16
08	1	75	落花流水鏡花水月		0	0			
08	1	76	白い影の娘	アマニタ	0	2	人間	女	15
08	1	77	赤眼の四ツ拳	ミンミン	1	4	人間	女	14
08	1	78	ほんのりはやいれべる１	ユリナ	0	2	兎人族	女性	16
08	1	80	脱力系箱入り娘	ミミ	0	2	人間	女	10代前半
08	1	81	永遠の猫	エオニオ	0	2	星猫	？	若者に見える
08	1	82	力任せ力任せ	ニヨン	1	4	人間	♀	十代
08	1	83	浸食爾蠢	ニョロ	0	6	人間	オス	10
08	1	84	逆巻く清流	クロア	0	4	ウンディーネ	女性	14歳
08	1	85	かくも愛しき身代わりの花		0	0			
08	1	86	光の魔法発明家		0	0			
08	1	87	萌葱色の探究者		0	0			
08	1	88	軟派垂らし		0	0			
08	1	89	魔術尖鋭鬼陣相殺		1	0			
08	1	90	かくも愛しき身代わりの花		0	0			
08	1	91	ゲームが好きな記憶喪失系女子	えと	0	4	人間	女性	15
08	1	92	大和撫子		0	0			
08	1	93	魔眼堅牢		0	0			
08	1	94	奔如雷猛如雷	フィリエ	1	4	人間	Female	15
08	1	95	暴走する炎漆黒の霧	薫	0	2	人間	♂	14
08	1	96	水音の神官	シスター・ウルルゥ	0	2	人間	女	16
08	1	97	大地を癒す凶刃	ジェード	1	4	人間	男	13歳
08	1	98	雪風に舞う猫		0	0			
08	1	99	Дева Стрибога	エリザ	0	5	人間	女性	10代前半？
08	1	100	幻術幻術	アン	0	2	人間	女	１６
08	1	101	かしこくってすばやい	レクス	0	6	妖精種	女の子	子供
08	1	102	小さな悪魔	パウラ	0	5	人間	女	
08	1	103	深水の子守歌	ネル	0	4	人間？	女？	14歳くらい
08	1	104	ターフの稲妻		0	0			
08	1	105	閃光の黎明	キーラ	0	2	ロボット	女	16
08	1	106	小さな悪魔	パウラ	0	5	人間	女	見た目は幼い
08	1	107	魔竜『ファブニル』厄災の力	ギルティ	0	5	ドラゴン	女	25
08	1	108	飛び立つ白鳥遺る泥濘	エドヴィナ	0	2	ホムンクルス	男性	17歳前後
08	1	109	重度Ⅰ皮劣化	ダーミス	0	2	人間	男	16歳
08	1	110	猪突猛進	ダブリュ	1	2	人間	男	16
08	1	111	星空の探究者	ライル	1	2	人間	男	18歳
08	1	112	藍鼠眼の魔女	マユクニト	0	5	二百五十六色の魔女	♀？	16歳
08	1	113	闇を歩む者夜の眷属	アル	0	2	吸血鬼	男性	17
08	1	114	炎魔術師	リヴ	0	2	人間	男	18
08	1	115	火力一筋	アカシ	1	2	人間	男	15
08	1	116	辺境のそよ風	ティータ	1	4	人間	男	14
08	1	118	ぼちぼちはんなり	トキコ	1	2	獣人	女性	15
08	1	119	星降るレイ・オンザライン	フラン	0	2	カーシー	男性	二十代前後
08	1	120	魔術教本	クロニカ	0	2	本	男？	古臭い装丁
08	1	121	陰湿な魔女	カーネ	0	2	人間	女	16歳
08	1	122	兄を探す白猫	ヴァイス	1	2	猫	男	18
08	1	123	紅美人蕉	劉	1	5	人間	男	24
08	1	124	蛇使いの魔法使い	ナーシサス	0	4	人間	女	13
08	1	125	木こりの精霊	へー	1	4	精霊	なし	ひよっこ
08	1	126	火と風の謡使い		0	0			
08	1	127	白雪の癒し手	リファー	0	5	半精霊	女性	23歳
08	1	128	失声の魔術師	ヴァル	0	5	人間	男	18
08	1	129	魔王の娘	リリステラ	0	5	魔族	女性	外見年齢10代後半
08	1	130	■■■■■■■■■■■■■■■■■■■■■■■■■■■■■■■■	ロゼリー	0	2	魔術師	女	17歳
08	1	131	魔法科学者	ヴァイス	1	2	獣人	男	15
08	1	132	黒き夜月	にゅい	0	6	くろねこ	おす	こねこ
08	1	133	万年はらぺこ	ネルネル	0	5	人間	女性	19
08	1	134	蒼き森の若木の子	アルマ	1	2	ヴァルトエルフェ	女	16～18
08	1	135	氷結精帝	ニュクス	0	5	半精霊	女	10代前半
08	1	136	魂を売った錬金術師	ヨハン	1	6	人間	不明	16
08	1	137	六番目の魔法神	マギクム	0	5	創世神	男	23
08	1	140	インヴィジブルギター		1	0			
08	1	141	アルぺの愛天使		1	0			
08	1	142	無名の魔法使い	ニャンカ	0	2	人間	男	18歳
08	1	143	満漢全席	アトラス	1	4	人間	男	14
08	1	144	栄誉を掲げて貫き穿つ	フランジェッタ	1	2	人間	女性	16
08	1	145	xxの鏡	理想鏡	1	5	不明	不明	不明
08	1	146	ぽっと出の竜術士	ベテル	0	4	竜人	男	13
08	1	147	果てを知らぬ子猫魔道士	エアル	0	6	ケットシーと精霊人のハーフ	おとこのこ！	7歳
08	1	148	四光の指輪使い	プリズム	0	5	獣人／鱗族	男性	15
08	1	149	インヴィジブル……	メリオ	1	5	プラントノイド	男	14
08	1	151	濡羽色の探求者		0	0			
08	1	152	紫紺のケミカルマジック	ヴィオレッタ	0	5	魔女	女	20代
08	1	153	夢見る機械人間	エルレ	1	2	（機械）人間	女性	18
08	1	154	未熟な氷竜娘	フリージア	0	4	半竜	女	16
08	1	155	撃鉄の魔法使い		0	0			
08	1	156	混熔	ライラ	0	4	幽霊	男	13
08	1	158	濡羽色の探求者	ローリエ	0	2	人間（東洋人）	男	17歳
08	1	159	AquarelleRose	ミスチー	0	5	人間	女性	5歳
08	1	160	人形と一緒	レミー	0	6	子供	男の娘	12歳
08	1	161	testtest	test	0	6	test	test	test
08	1	162	名門の落ちこぼれ	クリスフェル	0	2	天界人	女	15
08	1	163	速筆のソルシエール	フィーア	0	2	人間	女性	17
08	1	165	遊芸達者壊器必罰	くくり	1	2	人間	女	16
08	1	166	体育はサボります	オリバー	1	2	自称、人間	自称、男	16歳前後
08	1	167	決意の守り	ウィレム	1	5	人間	男	22
08	1	169	紅蓮の大魔道(予定)	メガデス様	0	4	人間？	♀	2000歳(自称)
08	1	170	暗夜	スロウ	0	4	人間	男	13
08	1	171	荒野を駆る風の亡霊	ジョー	0	4	人間	男	13
08	1	172	比刃薄明	アルタイル	1	4	ハーフエルフ	男	14
08	1	173	八度目の七竈	エインセラ	1	2	妖精	不詳	15歳
08	1	174	狂騒的な天災	キミア	1	5	人間	女	13歳
08	1	175	まきこみメガンテ		0	0			
08	1	176	気弱なメガネっ子	ウーゴ	0	2	サピエ人族	♂	16
08	1	177	屠殺のぷにきゅう	ミケ	1	6	獣人	オス	6
08	1	178	緑のつむじ風	ツヅリ	1	5	人間	男性	10代後半
08	1	179	屍炎黎明	ロン	1	2	シャドウエルフ	女	16歳
08	1	180	努力家の人狼	ニート	1	2	人狼	男	16
08	1	181	喪われた普遍性	ニルヴァーナ	0	2	半妖	女性	16歳
08	1	182	ヤンキー＆マジカル	レナエル	1	2	人間	女	17
08	1	183	太陽招く者アトラタと大地繰る者	マッキー	0	2	エルフ	女	16
08	1	184	見えざる風魔鼬		1	0			
08	1	185	†蒼玉の棺†	サファイア	0	5	人間	男	18
08	1	187	魔術の探究者	ジゼル	0	6	ひつじの獣人？	♀	12歳
08	1	188	大水の踊り姫	フルーヴ	0	2	人間（ユマン）	女の子！	14
08	1	189	もふもふ狂い	サクィラ	0	6	人間	女	12
08	1	190	裁判官の判決は遅く激昂と共に下される	ヒューリー	0	2	人間	不明	17歳
08	1	191	風紀委員の歩くミサイル女	さくら宮	0	2	人間	女性	15
08	1	192	斬姫	スラーナ	1	4	人間	女	13
08	1	193	燃やしたがりな獅子	ライオン	0	2	獣人	男	19
08	1	194	SparklingFirework	アシュレイ	0	2	人間	男	16歳
08	1	195	宵闇蒼月	闇	0	2	未分類	不詳	不詳
08	1	196	信頼できない語り手	アーサー	0	5	人間（半妖精）	男性	10代後半
08	1	197	その辺の	モブ	0	4	モブなので多種多様	モブなので色々	モブなので老若男女
08	1	198	好奇心旺盛な悪戯妖精	サンドイッチの妖精	0	5	サンドイッチの妖精	妖精	７歳ぐらい
08	1	199	魔月の剣閃	コーズ	1	2	？？？	男	17
08	1	200	五つ指の願い	オーフェン	1	5	人間？	男	21
08	1	201	帰って寝たい		1	0			
08	1	202	秘密警察	エルザス	1	2	アーリア	男	16
08	1	203	稀災、非神龍。暴龍、不能生。	エリス	0	5	人間	♀	9歳くらい
08	1	204	汚泥の泣女	カペル	0	2	人間	女性	16
08	1	205	光の魔法発明家	シュシュ	0	2	人間	男	18歳
08	1	206	見えざる風魔鼬	トーコ	1	2	人間	女	18
08	1	207	宣託乙女	リリー	0	2	精霊族	女	16
08	1	208	北欧血統種	マカロン	1	4	コーギー	雌	14歳
08	1	209	星花	エストレリャ	0	2	人	女	16
08	1	210	タイラントスーサイダー	リナータ	1	5	人間(怪力娘)	女	22
08	1	211	超魔術型改造怪人兵	ギィア	0	2	人間/魔物	女	16
08	1	212	虚ろなる小さな魂	ウォイヤ	0	2	人間	男	16
08	1	213	作られるべき完成型	フォーチューン	0	5	ホムンクルス	無し	18
08	1	214	全部燃えるまで終わらない	シーリゥ	1	2	使い魔	なし	わかい
08	1	215	病殺しの魔女	十五夜	0	5	便宜上は人間	女	14
08	1	216	異世界から来た普通の少女	サリ	0	2	人間	女	16
08	1	217	ひみつのたまご	卵	1	5	卵	卵	卵
08	1	218	お得用酢イカ	よっさん	0	5	酢イカ	駄菓子	賞味期限前
08	1	219	野望の死霊術師	モルナーダ	0	2	獣人	女性	１７歳
08	1	220	ちいぷに触手ちゃん	ルピルリ	0	2	触手生物	♀	不明
08	1	221	意思を持った本と感情を失った少年	グリムナード	0	4	グリモア	―――	古ぼけている
08	1	222	蕩眠せし極北の魔女見習い	スピッツ	0	2	ヒト	女	16
08	1	223	悪魔の名を冠する者	メッフィーさん	0	6	（自称）悪魔	無	24
08	1	224	デスメディスン地雷女	ヨミコ	1	2	人間	女	16
08	1	225	聖女見習い	コルテ	0	2	人間	女性	16
08	1	226	燦然白刃	アサキ	1	2	ヒト	女	16
08	1	227	スーツ姿の旅人	夜空	0	5	不明	男性	19歳
08	1	228	愛の使徒コレクター	トミー	0	5	人間	男性	24
08	1	229	願いを叶える悪魔人形	セディー	1	5	悪魔	男性型	17
08	1	230	竜令嬢	フェブラリア	1	5	人間(竜)	女性	24歳
08	1	231	朔日の剣	イクリプス	1	5	人	女	24歳
08	1	232	取扱い注意の大蠍	わだち	1	2	サソリ族	女	10代半ば
08	1	233	筑波嶺の四六蝦蟇	ゲルダ	0	4	蟇蛙の混ざった人間	女	13
08	1	234	貴族のお坊ちゃん	フェリ	1	5	人間	男	22歳
08	1	235	盗奪の魔女	ネリンガ	0	2	人間	女	十代前半
08	1	236	ドMな不死鳥	シノ	0	5	不死鳥/人間	女性	18
08	1	237	火の鳥ストライカー	フー	0	2	ひみつ	ひみつ	17歳
08	1	238	星海を好む魔術士	ソクァ	0	2	人間	書かなきゃダメ？	16
08	1	239	いつでも傘の子	ミヅホ	0	2	人間	女性	16
08	1	240	逆巻く白波深海の泡	ギリー	0	2	人間（？）	男	18
08	1	241	前のめり突貫娘	マイ	0	4	人間	女	14才
08	1	242	化身の鎧美少年	キアロン	1	4	ペリュトン	男	14
08	1	244	歌う火蜥蜴	シルビー	0	2	人間	女性	16歳
08	1	245	かくも愛しき身代わりの花	ヒュー	0	5	人間	女	17
08	1	246	運命の秤を握りし少女	リヴィ	0	5	人間	女	16（身長156cm）
08	1	248	原初占星術師	リュエル	0	4	人間	男	14
08	1	249	琥爪珀牙	ココ	0	2	半人間	女	15
08	1	250	空を駆ける	ソウ	1	2	人間	女性	16歳
08	1	251	32歳、異世界転生者	エルヴィラート	1	5	人間	男性	32歳
08	1	252	迷宮の愛娘	アウローラ	0	4	人間	女	１０代前半
08	1	253	ライドクラフトウィッチ	ハレルヤ	1	4	バチクソ人間ですわ！	別嬪ですわ！	10～14くらいに見え…ますわよね？
08	1	254	ぼくは魔法使い	マリオ	0	2	宇宙塵	おとこ	みたまま
08	1	255	はーいちゅうもーく！！	ルナ	0	4	魔女	女	15
08	1	256	無名の魔法使い	アル	1	2	人間	男	18歳前後
08	1	257	かけだし冒険少女	エステル	1	2	人間	女	16
08	1	258	寡黙な従者	クシン	1	5	人間/熾天使	男性	20
08	1	260	撃鉄の魔法使い	ライブちゃん	0	2	大庭堂の魔法使いの妹	female	18
08	1	261	赤い糸の紡ぎ手	リリア	1	4	有翼種	女	15
08	1	262	アルぺの愛天使	ルカ	1	5	天使	男性より	17か18前後
08	1	263	淡く照らす電飾	ルート	0	2	アンコウ	男(可変)	16
08	1	264	輪廻の白羊	ラクサ	0	5	魔女	女性	24
08	1	265	機械仕掛けの天使	偀	0	2	？？？	女	16
08	1	266	探究の蛇	ミュラム	0	5	ラミア	女性	10歳程度
08	1	267	唐紅の田舎娘	リリー	1	2	人間	女	16
08	1	268	ナンパタラシ	フォルカ	0	2	ダンピール	男	16
08	1	270	刀山剣樹	リリリエ	0	2	ヒューマン(雑種)	女	15歳程
08	1	271	娯楽の創造主	ソウバ	1	4	獣人	男子	13歳
08	1	272	火狼炎舞	キバ	1	2	獣人	男	高校生相当
08	1	273	歌が好きな癒しの歌い手	あずき	1	2	ニンゲン	女子	17～18
08	1	274	呪い魔術師	ベル	0	2	人間	女性	16歳
08	1	275	高利貸しの元締め	ジャルディ	1	5	人間	男	26
08	1	276	肉体派お嬢様	ヴィア	1	2	ハーフエルフ	女	18
08	1	277	ガラス弾の撃ち手	ハクト	1	6	獣人（ウサギ）	女	11
08	1	278	折れぬことを知らぬ愚か者	ルース	1	2	人族	男性	17歳
08	1	279	暮れゆく火花	アドレイド	1	5	人間	男	20代半ば
08	1	280	語り鳴く人面獣	トゥア	0	5	登録申請中	未分化	10代後半
08	1	281	不思議可愛い	フルエ	0	2	人間	男	18
08	1	282	温もりと安らぎ	ミコ	0	2	ヒト	男	16歳
08	1	283	雪風に舞う猫	ナナセ	0	5	猫人	女	21ぐらい
08	1	284	魔道開拓者	デイヴ	1	2	人間	男	16
08	1	285	鍛冶屋の息子	ヘレナ	1	2	人間	男性	16歳
08	1	286	赤銅の聖職者	ラズ	0	5	獣人	男	19
08	1	287	ふわふわ採掘家	ローリー	1	2	人間	女性	17
08	1	288	ロマン・イージス	ユリア	1	2	人間	女	16
08	1	289	青空を呼ぶ虹霓	イリス	0	6	ドラゴン	メス	11
08	1	290	硬派な音楽家	エメ	0	2	人間	女性	１6
08	1	292	花屍の花守	ヴィーシャ	0	5	人間	女	16
08	1	293	図書室ではお静かに	ラミー	0	5	人族	女	18~20
08	1	294	黒聖女	カノン	0	5	人間	女性	18
08	1	295	白狼眼鏡	凛架	1	2	白狼	女	16
08	1	296	倉庫暮らしの自律機械	名称未設定	1	2	機械	女性型	十代中～後半
08	1	297	乱数の女神に強気で挑め	ティカ	0	2	人間	女性	16
08	1	298	気弱な死神	サイレン	0	2	デュラハン	男・女・不明	16
08	1	299	鞘走る藍火	サヤカ	1	2	人間	女性	16
08	1	301	輝翼	ヴィオ	0	2	ステリア	男	17
08	1	302	きれいはきたないきたないはきれい	カティサーク	0	2	？	男	18
08	1	303	戦闘用魔導槍斧	ハル	0	2	魔法武器	？性	16年
08	1	304	夢見る妖精郷	コリー	1	6	人工精霊	無性	12歳
08	1	305	見栄張りエージェント	テグチ	1	5	竜	男	20代後半
08	1	306	青く燃ゆる心	アスナ	0	2	ヒト	女性	１７
08	1	307	ドリル令嬢	リルル	0	2	人間	♀	17歳
08	1	308	自称風紀委員	フーラ	0	2	ハーフエルフ	♀	15
08	1	312	墓守の駄犬	グリム	1	6	ヘルハウンド	オス	9歳
08	1	313	手は汚さない主義の	間延	0	2	人間	女	16
08	1	314	がんばるお嬢様	アデルリッタ	0	2	人間	女	15歳
08	1	315	まつろわぬちえ	ナフ	0	5	にんげん	学生	19歳
08	1	316	淫蕩な隣人	スファレライト	0	2	淫魔	♂	17歳
08	1	317	空飛ぶ魔法使い	ろしろ	1	4	ハーピー	女	13
08	1	319	風紀委員の静かなイカヅチ	祈宮	0	2	人間	女性	16
08	1	320	なんでも屋≪空の栞≫	シュー	0	2	ヒト	不詳	16歳
08	1	321	ゴーレム代返	カティム	0	4	人間	男	15
08	1	322	伝承のフール	エイプリル	1	2	人/獣	♂	17歳前後
08	1	323	冬枯れの剣	サバト	1	5	人間	女	17
08	1	324	無彩色の魔女	ラウダ	0	2	不詳	男	17歳程度
08	1	325	鋼鉄と消炎	エル	1	2	天族	女	17
08	1	326	でんしんばしらの影	マイノ	1	2	人間	女の子	15歳くらい
08	1	327	虚栄宿し繁栄の蛹	シー	0	2	人間	女	16歳
08	1	329	銀閃魔騎	フラクタル	1	5	人間(無機)	女性(無)	19
08	1	330	大地讃頌	アンジュ	0	4	天使族	女	12
08	1	331	陽炎蜻蛉	　	1	5	　	その他	見たまま
08	1	332	清き高潔の劣等種 -THE OUT OF GUNTYU-	シュガパレ	1	4	ハーフエルフ	メスガキ	10代前半
08	1	333	自然由来の	みどり	0	6	人間	女	15
08	1	334	柔風の魔女	ソフィー	1	4	エルフ	女	15
08	1	335	誰かに望まれなかった赤星	ハルプ	0	4	ダンピール	男	14
08	1	336	金鴉水月	イェラン	0	2	人間	男	16歳
08	1	337	いつかのねがいごと	ジゼル	0	4	人間	女	14
08	1	338	慈しむもの快癒の導き	リッド	1	2	人間	男	１７歳
08	1	339	カワイイ磨き	シュイミー	0	4	夢魔	男	13
08	1	340	雪の町の魔法使い	コゴメ	0	6	人間	女	12
08	1	341	武器商人の娘	ユーニス	1	2	人間	女	16
08	1	342	自称：天才冒険者	リネット	1	5	人間	女性	13
08	1	343	界渡りの学生	ノッブ	0	5	人間	男性	18歳
08	1	344	紺青の別れ	アビー	1	5	獣人	♂	16
08	1	345	悲嘆の藍	ナギ	0	5	獣人	♂	16
08	1	346	自称ドワーフ	パブレット	1	6	ハムスター	オス	１歳？
08	1	347	白く輝く	エーデル	0	6	魔導変異種(ドラゴン種)	男	11
08	1	348	風のイタズラっ子	ピカロ	1	6	不明	男性	12
08	1	349	後の先の構え	リアン	1	4	亜人	男	14
08	1	350	"うどん使って戦う奴"	ユギリ	0	5	釜揚ユギリ	女性	20
08	1	351	虚飾	ヒョウガ	0	5	不定	無	青年(20代には見える)
08	1	352	ちいさなまほうつかい	ユノ	0	4	ハーフエルフ	女	13歳
08	1	353	明星メテオ	キラメ	1	2	サキュバス	女性	18
08	1	354		ギフト	1	6	獣人	女性	12歳程度
08	1	355	コン・アニマカンタービレ	オズ	0	5	人間	♂	22
08	1	356	臥狼天成	ジャック	1	2	人造人間	女	16
08	1	357	ノーミドノミデス	ソル	0	4	人間	男の娘	14歳
08	1	358	焔蜂	フレイア	1	6	エルフ	男	10歳程度
08	1	359	戴冠のアヴァンチュリエ	エムリス	1	2	人間	男性	16歳
08	1	360	異界の天童	メリク	0	5	天霊	女性	10歳前後
08	1	362	求己の天刃	クリス	1	5	人間	女	19
08	1	363	城守 	ジュン	0	2	白猫	男	16歳
08	1	365	不苦労の虎…その末裔	ナハ	1	4	亜人の末裔	♀	15
08	1	366	知らない知りたくもない	ヘーゼル	0	2	亜虫類		
08	1	367	可能性の花弁	ヴィーシャ	0	6	ドリアード	女	15（見た目）
08	1	368	絶対負けたりしない！	ファンルゥ	0	2	人間（自己申告）	男性	少年（約145cm）
08	1	369	点念無想流の剣客	ホムラ	1	6	人類	女	保育園児
08	1	370	天真爛漫光る原石	メリリ	0	2	ハーフエルフ	女性	17
08	1	371	魔法嫌い	トオーコ	1	2	一つ目	女	17
08	1	372	空の生まれ変わり	エイリーク＆ノア＆ネイ＆ニール	0	6	人間	男性寄りの両性	7歳
08	1	373	黒き無准	クヴィル	1	5	人間	男性	16歳
08	1	374	夢見るお姉ちゃん	ミュイエ	0	5	人間	女性	18
08	1	375	老渇領地	オルドロック	0	5	ヒト	男	老年
08	1	376	天駆ける風	TENGU	1	2	人間	男	18
08	1	377	白き幼羊	ウルム	0	4	獣人/羊		人間だと13歳程に見える
08	1	378	《夜梟》	アルマ	0	5	人間（悪魔）	男　／　身長 178cm	17
08	1	379	愚かな悪魔	ラク	1	2	???	男	20代
08	1	380	魔軍召喚導師	グリンク	0	5	人間	男	32
08	1	381	輝滅の刃	モイ	1	2	人間	女	15
08	1	382	無の生まれ変わり	クロウ	0	6	人間	男性寄りの両性	7歳
08	1	383	梅の香漂う黒狐	黒曜	0	5	狐	オス	18
08	1	384	北国の少女	リコ	0	6	人間	女性	5歳
08	1	385	深紅宝玉	もる	1	6	人間	女	10
08	1	386	血の異端者信仰無き者	イノ	1	6	ヴァンパイア	男	12
08	1	387	悪戯な明星	アーヴェ	0	4	人間	女性	13
08	1	388	終末の冬	リドリー	0	5	人間	男	27
08	1	389	ゴールデンお嬢様	ゴルンギョお嬢様	0	4	高貴なる人間	高貴なる女性	15
08	1	390	驚天動地	フラウム	1	4	岩竜族	パッと見♀	(種族的には)10
08	1	391	蒐集王の末裔	フォルシュテンディヒ	0	2	異世界人	男性	16歳
08	1	392	いにしえのビッタリ	ギョギョたん	0	6	人間	女	10
08	1	393	黒精霊の友人	カラ	0	4	人間	男	１０代前半
08	1	394	窮鼠噛猫	アグネス	1	6	ワーキャット	指定なし	15
08	1	395	▂▂▁█▂▆▁▄▁▂▁▅▁▇▆█▄▄▁█▂▇▂▂	ム・ラゥ	1	5	▁▄▁▄▆▂▁▄▁▄▃▆	▁█▃▅▇█	▁▅█▁▂▆▁▇▄▁▂▇
08	1	396	胡乱な雷獣	ヒビキ	1	2	人間/獣人(ハクビシン)	男	17歳前後
08	1	397	天帝裁決	レオンハート	0	2	人間	男	18
08	1	398	一なる槌	ハイイー	1	5	人間	男	25
08	1	400	ピクトマンサー	コバルト	1	2	妖魔・コボルド	男	18歳
08	1	401			0	0			
08	1	402	まきこみメガンテ	ドゥリズル	0	4	シュ・カ族	男	15
08	1	403	魔の慈悲	クレメンティア	0	2	魔族	女	15歳
08	1	404	アグラディア《輝く男》ギルセリオン《強き星》	ヴァル	0	2	エルフ	男性	18歳
08	1	405	舞う歌空の囁き	フユ	0	2	人間	男	15歳程度
08	1	406	侯爵家の御曹司	アルフ	1	4	人間	男	13歳
08	1	407	風の花	プルメル	0	5	ロウエルフ	女	17
08	1	408	かしこいわんちゃん	ミナ	1	5	いぬ人	女性	小さい（実19歳）
08	1	409	最後の玉眼	ヨーコ	0	4	ヒト	女	21（実年齢14）
08	1	410	外面冷静内面天然娘	シサギマル	0	4	人造生命体	無し	14
08	1	412	可憐な御子様	コロ	1	6	人間	♀	10歳
08	1	413	氷雪の魔女	ネージュ	0	5	人間	女	13
08	1	414	黄昏の藍闇	リュシーカ	0	5	魔竜と魔族のハーフ	女	17
08	1	415	剣聖魔法少女	ヒカリちゃん	1	2	人間	女性	18
08	1	416	魔法を楽しむ一年生	イーヴォ	1	4	人間	男性	13歳
08	1	417	湿った森の土	ヒカゲ	1	2	人間	男	18歳くらい
08	1	418	虚弱狭窄	シードリー	1	2	人型	？	？
08	1	419	微睡みシンドローム	シーナ	0	4	人間	女性	15
08	1	420	繊細な指先	トビー	1	5	ハーフエルフ	男	10代後半～20代前半に見える
08	1	422	踏み惑う一陣	フミナヅ	1	2	ヒト	女	16
08	1	423	陽光耀く銀の剣	ヒュロ	1	4	人間	女性	14
08	1	424	意味の追求者	シンク	0	2	人間(？)	女性	17
08	1	425	守りは薄く攻めは厚く即ち攻める火だるま	マイスさん	0	5	魔法生命体……かしら	女性	二十代
08	1	426	おまえまだ学校やめてなかったのか！？	グリ人	0	5	ドラゴニュート	びみょぅ	20くらい
08	1	427	悪辣非道	たかし	0	5	人間様	オレが“女”に見えるってぇのかぁ？	オレは立派な“大人”だぜぇ？
08	1	428	灰青色の妖精猫	ニハチ	0	2	ケット・シー	♂	若い
08	1	429	火山生まれの火蜥蜴娘	アカネ	1	2	ハーフサラマンダー	火の玉みたいな娘っ子	10代半ば
08	1	430	ティーパルラビット	ヘイヤ	1	2	イロウサギ	♀	18
08	1	431	星の魔獣	ねこ	1	6	もちふわ毛玉	なし	あかちゃん
08	1	432	凄いカワイイ男の子	マニエラ	0	2	人間	♂	16
08	1	433	香雨と花一片	ルノン	0	2	人間	女	16
08	1	434	メガネおにいさん	ユリウス	0	2	人間	男	18
08	1	435	MMP増MHP減MMP増MMP減	カクニーン	0	6	PC	なし	
08	1	436	逃げ出してきたお嬢様	ルト	0	2	人間	女	10代後半
08	1	437	黒纏の少女	アリカ	0	2	？？？	♀	10
08	1	438	血の盗人	マル	0	2	亜人	女	16
08	1	439	幻の生徒	エメ	0	2	魔術師	男	17
08	1	440	雪峰に舞う花	花影	1	4	筆の化身	男性型（無性別）	13
08	1	441	世紀の大発明	エジリン	1	4	人間	エジリン	14
08	1	442	朝採れシャキシャキ	マルル	0	2	マンドラゴラ	♀	16歳
08	1	443	竜の魔剣士	アイーゼ	0	2	人間	男	16
08	1	445	パワフルアメージング	ノワゲネル	1	2	鳥人間	オス	28
08	1	446	実家太きもの	シニシデ	0	5	人間	男	19
08	1	447	白鷺姫	レティシア	1	5	人間	女性	16
08	1	448	煌めきのエトワール	シャルル	0	2	半竜人	男性	十代後半
08	1	449	臆病な歌うたい		0	0			
08	1	450	常闇より来たる男	ラブ	1	2	人間	男性	17
08	1	451	光刃見習い	ヴィーナ	1	6	人間	女性	12歳
08	1	452	見通す悪魔	幸	0	2	人間	女性	16
08	1	453	宇宙の天秤	スピカ	0	2	人間	女	10代半ば
08	1	454	闇使い	アルク	0	2	人間	男	10代後半
08	1	455	おサボり黒兎	リュヌイ	0	4	黒月兎族	女	14
08	1	456	ヒートハート	ミキ	1	2	人間	男(女)　身長160(145)	16
08	1	457	双つの魚の天駆ける星	しぃ	0	6	天星宮	不詳	(見た目)3歳
08	1	458	死喰わぬ蛇の継承者	フィボナッチ	0	5	魔法使い	♀	19
08	1	459	才華爛発の貴顕紳士	ウォルター	0	2	人間	男性	16
08	1	460	歌うたいの小龍	ヤォ	0	5	龍	女性	10
08	1	461	勇猛果敢明鏡止水	藤森	1	2	人間	女性	17
08	1	462	土踏まずの魔女	リィレイラ	1	4	魔女	女	12～14才
08	1	463	月にうかれてポンポコリン	リツキ	0	2	ラクーン	男	10代後半
08	1	464	深海の番人	ユーラ	0	2	海底の番人	♀	18歳程度
08	1	465	偽装の魔術師	リレイ	1	5	人間…？	女	20歳前後
08	1	466	星影識す	ハシバミ	0	4	ハーフエルフ	女	14
08	1	467	アルケーによる始祖理論	イド	1	2	物好き	中性的（男性）	若い（成人済）
08	1	468	魔力溢れる見習い魔女	ロロット	0	5	一応人間	女性	19
08	1	469	【黙禄】の魔導書	エイボン	0	2	魔導書	無性/両性	１８歳
08	1	470	ブラックドッグは曲がらない	ガヴァルド	0	2	ブラックドッグ	♂	18
08	1	471	火力優先猛撃	リア	0	4	リヴァイアサン	♀	12歳
08	1	472	誰が為の生命	アウラ	1	6	墓守	無	幼い？
08	1	473	新月の狼少年	ループス	0	2	狼男	男	16～18
08	1	474	終わった物語の其ノ先	※諸事情により交代予定	0	5	※諸事情により交代予定	※諸事情により交代予定	※諸事情により交代予定
08	1	475	終極の悪魔	ユースティーリア	0	5	アルティオレイズの悪魔	--	10代後半
08	1	476	爆裂漢乙女	Bran	1	4	ヒト	女	14
08	1	477	唯我独奏	緋音	0	2	人間（現代日本）	女性	十六歳
08	1	478	とてもおいしいナス	ウリナス	0	5	マンドラゴラ（煙の使い魔）	無性（性自認男性）	20歳
08	1	479	幼き学者ちゃん	ロナ	0	6	疫病竜	♀	6
08	1	480	逃れえぬ魔眼神罰の轟雷	E.R.I.S.	1	6	緊急時即応迎撃システム	無し（外見上は女性）	17
08	1	481	ただの猫よ？	ティア	0	2	猫	雌	
08	1	482	ぽんこつマネキン	5号	1	2	マネキン	女	15歳
08	1	483	泡の魔術師見習い	ジゼル	0	2	人間	女	16歳
08	1	484	眠り姫	ヒス	0	6	ひとっぽい	女	10前後
08	1	485	まひるの月	シグノ	1	4	有翼人種	男	15
08	1	486	影の薄い魔族	スゥ	0	4	悪魔	♀	13
08	1	487	白白	ニール	0	5	亜人	無性	23
08	1	488	極彩の黒	“カタシロ”	0	5	広義の精神体	分化が可能な無性	少女と大人の間
08	1	489	ゆめかわいい	ユイ	1	5	にんげん	おんなのこ	自称18さい
08	1	490	ネコは液体	メルティ	0	2	猫人	女性	16才前後
08	1	491	駆け出しの探究者	ネリネ	0	4	獣人	???	13~15
08	1	492	カシャカシャ	カシャ	0	6	オニ	おんなのこ	7
08	1	493	かんなぎいちこ	みつる	0	6	現代人	女の子	10歳程度
08	1	494	ねじねじ時間のだ～い魔法使い	ラヴ・トゥ・ノーブル	0	2	にぅげん	女性	16
08	1	496	ミレナリィドール	霜花	0	2	オートマタ	無性型(自称男性)	外見18
08	1	497	俊敏なる早足	プリクシー	1	2	ノーム	女性	10代
08	1	498	薄夜の魔	ユルクト	0	4	魔族	不明	14
08	1	499	残月よりの使い	ウェムテン	1	5	妖狐(自称)	秘密	年齢不詳
08	1	500	蒸気の影	イトヒコ	1	2	人	男	18
08	1	502	魔法少女学専攻	ティード	1	5	人間	男性	20代後半
08	1	503	普通の錬金術師	左	0	5	人間	男	20
08	1	504	らくがき魔女	マーサ	0	6	魔女	女	7歳程度
08	1	505	早咲きの胡蝶蘭	オルヒデー	1	2	エルフ	女性	17才
08	1	506	原初の鈴蘭	ヴァイナハテン	0	2	エルフ	女性	15(見た目)
08	1	507	剪定される魔女	ブルーベル	0	5	人間	女	75
08	1	508	とても明るい	ヴィリ	0	5	ランタン	完全燃焼	20
08	1	509	わからせる風紀委員	エル	1	2	人間	女	12
08	1	510	深海へ招く声	ラピス	0	6	人間	Female	11
08	1	511	自称使い魔	シン	1	5	使い魔	見た目通り	飲酒が出来る
08	1	512	滅びの残滓	セルズ	0	5	ヒト	男	成人済み
08	1	513	呪い屋修道女	メル	1	4	人間	女	14
08	1	514	魂の棺	アイダス	0	2	人間	男	16歳
08	1	515	暗き明鏡	かがみちゃん	0	2	人間	♀	18歳
08	1	516	未知の接続者	　	0	6	女神	女	
08	1	518	塒を巻く黎黑の蛇	シャオミン	0	5	ドラゴン？	女性？	9歳
08	1	519	ちっちゃな頑張り屋	鳩羽	0	4	人間	女	13
08	1	520	魔女の孫娘	プリム	1	2	百尾族（ウサギ）	女	16
08	1	521	筆走る魔法、	イクリスタ	0	2	人間	女性	16
08	1	523	みたらしボーイ	モネ	1	5	人間	漢	7
08	1	524	アーケイン・メティマーレ	ディエ	0	4	半神	女	12
08	1	525	紅いハートのお嬢様	マリー	0	2	人間	女性	10
08	1	526	烈日の女装少年	ラナ	1	2	人間	男性	16
08	1	527	明月の男装少女	ツキハヤ	0	2	人間	女性	16
08	1	528	混沌の使魔	リエラ	0	2	？？？	女	16
08	1	529	前陣速攻ドライブマン	タッキュー	1	4	幽霊	男	15
08	1	530	ねじ曲がり杖モスケンの小うずしお	エイト	0	4	人間	男	15
08	1	531	パワフルガール	マイ	1	2	人間	♀	16
08	1	532	ちっちゃななきむし	リーフ	0	6	このは族	♂	こども
08	1	536	一天地六	ラビ	1	5	人間	男	20
08	1	539	もふもふのぬいぐるみ	-	1	5	ドラゴン（ぬいぐるみ）	-	-
08	1	540	自己否定の呉須色	ゴス	0	4	鬼	男	14(仮)
08	1	541	水纏の剣	シン	0	5	人間	男	20前後
08	1	542	無色の錬金術師	チッタ	0	2	人間	女	15
08	1	543	震えよ世界	マグ・メル	1	2	秘匿	女	15
08	1	544	ベストバッドエンド	カーラ	0	5	悪魔	どちらでも	10代後半～20代前半
08	1	545	こわがりひつじ	シープ	0	2	羊人	女性	16歳
08	1	546	はりきりわんこ	コリー	1	4	獣人	男	13
08	1	547	導きの旗	ファドル	0	5			20
08	1	548	水流の舞水流の奇跡	ルイリ	0	2	スライム	女	16
08	1	549	清楚にして清廉	フェルト	0	2	清楚	女	15
08	1	550	気だるい大学生	シトロ	0	5			
08	1	551	夢見の魔眼持ち	トール	0	5	人間	♂	16
08	1	552	カスとクズ	クズ	1	2	人間	男	高校生
08	1	553	波風にさざめく	フォル	1	4	小獣人	男	14
08	1	554	クズとカス	カス	0	2	人間	男	17
08	1	555	失われた片翼	華煉	0	2	人間	男	17歳
08	1	556	パワフルドラゴンガール	ドリス	1	2	ドラゴニュート	メス	16歳
08	1	557	貧乏ド平民	ミュゼット	0	5	ヒト	おんな	17
08	1	558	高精度高機動	自走砲さん	0	4	自走砲	滑腔砲	製造1年程
08	1	559	ヤバすぎる滅私奉公	犬	0	2	犬	男	15
08	1	560	頑固一徹一撃必倒	バンバ	1	2	人	男	16歳
08	1	561	銀色のボーパルバニー	エス	1	2	スペシャルシルバーラビッタ	♀	16
08	1	562	うーぅーうぅー……	ウー	0	4	人間	男	12歳
08	1	563	田舎者ディオスクロイ	コルデ	1	2	人間	女性	16
08	1	564	田舎者ディオスクロイ	スティ	1	2	人間	女性	16
08	1	565	薄紅巫女	みこと	1	2	人間	女	16
08	1	567	ガラクタ人形	がらくた	1	6	オートマタ	少年型	14
08	1	568	唐揚げ弁当を喰らう者	ツクモ	0	5	人狼？	女	二十代前半
08	1	569	青炎の聖従戦士	シル	1	2	人間？	男	16
08	1	570	一日一歩	ベルジア	0	2	霊族		
08	1	571	鉄骨	ダニー	0	2	人間	男	16歳
08	1	572	何もしてないのに壊れた	トラヴル	0	5	オニ	なし	謎
08	1	575	『春』	ラン	0	5	数多の祝福の子	女性	中～高等部にいても違和感がない
08	1	576	『夏』	エテ	1	2	口付け無き者	男性	学部相応の容姿
08	1	577	『秋』	オト	1	4	レールを敷かれた者	女性	思春期の真っ只中
08	1	578	『冬』	ヴェル	1	5	明かぬ夜の澱	男性体	エテと同じほどに見える
08	1	579	迷子の少女	つむぎ	1	4	人間	女	14歳
08	1	580	烏の弾丸	シグ	0	2	人間	♂	17
08	1	581	空疎な夢幻劇	リーム	0	4	人間	女の子	11歳くらい
08	1	582	黒焔の魔女	ニーナ	0	2	犬獣人	女	16
08	1	584	墓守修習生	サイル	0	2	人間	男	17
08	1	585	じょーねつがだいばくはつ！	業火のヘルちゃん	1	5	食用人類	♀	7～8歳くらい
08	1	586	水泡の村娘	プリケ	0	2	鳥人種	女性	10代後半
08	1	587	夜明けの松明	アイニ	0	5	ヒューマン・リライト	女	14
08	1	588	夕暮れ時の嵐	ナツメ	1	2	人間	男	18
08	1	589	精霊の森の魔女	シエラ	0	4	人間	女	15歳
08	1	590	ふてぶてしいデスイーター	わびちゃん	1	2	猫	オス	16
08	1	591	鉄塔の騎士	リズリット	1	2	エルフ	女	18
08	1	592	燐火の霊鬼	リングィ	0	5	僵尸（キョンシー）	男	12歳程度
08	1	593	なんちゃって不良	ルロイラ	1	5	人間	女性	19
08	1	595	硝子の光彩		0	0			
08	1	596	悪魔のスイーツ	シュアラ	1	2	悪魔	女性	16歳
08	1	597	星の砂時計	瓶底	1	5	引きこもり	女	20↑
08	1	598	プレデターサバイバー	JacKnifE	0	4	人間	男	15
08	1	599	好奇心の塊にして導き手見習い	アンナ	0	6	ヒューマン	女	17
08	1	600	聡明なフサフサ	ミャイスティ	0	5	猫	♀	おばあちゃん猫
08	1	601	アニミズムの敗北 	カサンドラ	1	2	付喪神	女	17
08	1	602	ぷんぷんぷくぷく	ぱぺ	0	6	ネザーランドドワーフ	女	10
08	1	603	星詠みのお手伝いさん	ミア	1	5	じんるい	女	16～17歳ぐらい
08	1	604	乾布摩擦の権化	こする	1	6	人間的	男	9
08	1	605	土佐の暴れベース	チヒロ	1	2	トサトウケン族	男	15
08	1	606	泡沫夢遊紀行	ヘーゼル	1	6	夢替え子	女性	11
08	1	608	秘めたる最奥の薄き護り	メリッサ	0	4	人間	女	14
08	1	609	宵の明星	シエル	0	4	獣人	女	14
08	1	610	強さを夢見る者	レーヴ	1	4	獣人	男	13歳
08	1	611	ダメダメな煙紀不良	フィーネ	1	2	人間	女	16
08	1	612	狩猟する書庫	フミクラ	0	2	人間らしきもの	女	16
08	1	613	定年退職経験者	アネット	0	5	人間	女性	60代
08	1	614	陰日向のつばくろ	厄ちゃん	0	2	人間	男	17
08	1	615	居残り上等	ヤンキー	1	4	人間	男	15
08	1	616	風の大剣使い	シド	1	5	人間	男	21
08	1	617	幽冥のエルフ	アリア	0	4	エルドリッチエルフ	女	14
08	1	618	輝ける星の生ける炎	クロロ	0	5	炎	外見上は女性	20代前後
08	1	619	悪逆に染まりし堕落の学徒	ライチ	0	5	アンデッド	女	20
08	1	621	小さな幸せ呼ぶ栞	ベル	0	6	四つ葉の栞妖精(幼体)	女の子	11歳
08	1	622	一輪の淡花猫	リーシャ	0	2	獣人	女	16
08	1	623	〓〓〓の研究者	ルー	1	5	人間	男性	20歳
08	1	624	カス避海の魔女	リール	1	5	人間	女	22
08	1	625	虹欠の魔法戦士	ナラグ	1	6	獣人	男子	10
08	1	626	借金取り兼猫カフェ店長	ペペペ	0	2	エルフ	♂	15
08	1	627	鮮血の妖精	ユラ	0	2	リャナンシー	trap	16
08	1	628	深窓の令嬢	シャーロット	0	5	人間	女	20
08	1	629	彗星と残響	プラネ	1	2	人間	女性	16
08	1	630	岩砦命城	タム	1	2	人間	男	17
08	1	631	魂共鳴の加護	アイン	1	4	亜色狼族	女	15歳
08	1	632	魂共鳴の加護	フレア	0	4	銀色狼族	女性	14歳
08	1	633	悠愛の錬金術師	ジェル	0	5	人間	女性	24
08	1	634	光るきつねさん	スイ	1	4	きつねさん	おとこのこ	11くらい
08	1	635	田舎の牧場娘	ハヒア	0	4	謎ケモミミ	女	14
08	1	636	どじっこ雪女妖狐	ヒコ	0	4	雪狐	女	中学生くらい
08	1	637	Whispered by stones	グレイグ	0	6	人間	男性	12
08	1	638	ふわふわぽんぽん	セッテ	0	4	人間	♀	14
08	1	639	子どもと猫		0	0			
08	1	640	ウルトラダウナー恋愛脳（スイーツ・ワン）	シンシア	0	4	ハーフエルフ	女	_15
08	1	641	邪悪なる魔竜	ネメシス	0	5	ドラゴン	男	20代後半
08	1	642	暁と黄金	フリッツ	0	5	人間	男	18
08	1	643	美の求道者	ギムレット	1	2	人間	美男子	19
08	1	644	人嫌い	オルカ	1	2	ヒト	男	16
08	1	645	多分いける	コズ	1	2	鬼と人のハーフ	男	17歳
08	1	647	アンチクロックワイズ	メイベル	1	2	ひとひとひと～	女子でしょ！	振る舞いが初等部並
08	1	648	雪原の民	リンリア	0	5	人間	女性	21歳
08	1	649	雪原の民	ウィロウ	0	2	人間	男性	18歳
08	1	650	いぬ	クフ	1	6	動物	オス	若い
08	1	651	綻びる白百合	リリィ	0	2	人間	女	16歳
08	1	652	七色墓漁り	ミクスシェイク	0	2	人間	女	16
08	1	653	深海に響く鐘	チェルシー	0	2	深海に住む者	女	15
08	1	654	仄暗き星原	ネスティ	1	2	深海に住む者	男	16
08	1	655	紅爆の精霊憑き	バシュウ	0	5	人間	♀	20代後半
08	1	657	マジカルブーストフォローライトニング	ミツル	0	2	人間	男	16
08	1	659	道具の魔女	ルフ	0	2	半魔族	女子	16
08	1	662	鋼鉄の羊	シャロン	0	6	人間	女	12
08	1	663	エージェントブルーバード	ハル	0	2	汎人類	女性	17歳
08	1	664	所詮はリサイクルメカ	ザブンスル	1	2	機械	男	12～14
08	1	665	エソテリック/ドール	リズ	0	5	人形	女	16
08	1	666	恋する吸血コウモリ	キャラメリゼ	0	5	吸血コウモリ	メイド　163cm	20歳くらい
08	1	667	私が風紀です（マイネーム・イズ・プライド）	セプト	1	4	人間	女性	１０代前半
08	1	668	色の色々	エイ	1	6	獣人	雌	11
08	1	669	暗い顔の女の子	クルミ	0	4	自称人間	女	10代前半
08	1	670	儚く不動の魔王	フリザス	0	2	エルヴザタニア	男	17歳
08	1	671	お気楽主人	ヴィクトル	0	5	ユラン族	男	19
08	1	672	生真面目従者	ヴァルヴァーラ	1	2	ジラン族	女	17
08	1	673	風纏う魔獣	すだち	0	6	カピバラ	雌	成体
08	1	674	光あれ其を良しとする	紫苑	1	6	ヒト	男	17
08	1	675	醜い反逆者	ミナ	1	4	人間	男	26
08	1	676	放浪回遊	イリス	1	5	ヒト種	男	20前
08	1	677	安らぎの魔法少女	カモミール	0	2	人間	女性	10歳前後
08	1	678	猫と闘うもの	キムリック	1	2	猫になりたかった人	男性	17歳
08	1	679	微風に舞う	メイ	0	4	ハーフエルフ	♀	14
08	1	680	すてきな足跡	ヤッホー	1	5	恐竜	不明	1歳以上
08	1	681	マジで神めっちゃ神	ちぇる	0	5	神	男	22
08	1	682	好奇心旺盛な貴族	シエル	1	2	人間	女性	16歳前後
08	1	683	超絶美男子	ヤマキ	1	2	イケメン	イケメン	イケメン
08	1	684	3分間だけ舞ってやる	ルルー	1	6	巨人と妖精のハーフ	少女	背が高いので大人に見える
08	1	685	隔たれた藁遣い	穣	0	2	自称獣人	男	15
08	1	686	発明に殉ず	ノーヴル	0	4	人間	male	15
08	1	687	灰の騎士	クーツァイル	1	5	不死人	男性	十代半ば
08	1	689	自信過剰なナルシスト	カルム	0	2	ダークエルフ	男	20
08	1	690	ギャルゲの親友ポジ	フィロ	1	2	人間	男	17
08	1	691	ねむねむぎつねの	どてらぎつね	0	5	見て分かんない？	男	12歳くらい
08	1	692	黒曜石の銀河	エル	0	6	魔法生物	♂	15
08	1	693	今日もごはんがおいしいね	ハルペル	1	4	人間	男性	10代前半
08	1	694	普通の街娘	アナベル	0	4	人間	女	小学生に間違えられる
08	1	695	空色オオカミ	シィナ	0	2	オオカミ	どちらも	「しらないー」
08	1	696	肉食の伝道師	ペスカ	0	6	ハイエルフ	♀	10
08	1	697	マスターキーはじめました	ラム	1	2	人間	女	16
08	1	698	『　　　　　　』	フレジェ	0	2			
08	1	699	ふわふわぺんぺん	ころ	0	4	ハーピー	めす	おこさま
08	1	700	龍脈詠み符術士	コウゼン	1	2	人間	男	17
08	1	701	深淵に誘う豊穣の光	シスター・シグ	0	2	人間	女	16
08	1	702	せいちのサランテュール	テュレット	0	2	少女	少女	16
08	1	703	赤い毒りんご	シアリーゼ	1	2	木竜人族	♀	「あれぇ？わかんないやぁ～」
08	1	704	自惚れの鏡	イヴ	0	5	？	女	30
08	1	705	弩級機関	ムゲン	1	5	魔導列車砲	男	不明
08	1	706	色即是彩	レルタ	1	5	人間	女性	19歳程度
08	1	707	不浄の使い魔	シチロー	1	2	ドブネズミ	♂	10
08	1	708	孤月の夜想曲	テオ	1	5	人間	男	20歳
08	1	709	星影の助奏	レイム	1	5	自律式ヒト型魔動機	なし	18～20歳程度
08	1	710	泉の祝福雨の祝福	フレイヤ	0	5	女神	女性	20
08	1	711	奇跡の少女	シャル	0	4	人間？	女性	14～16歳
08	1	712	光の少女	アーニャ	0	5	半人半魔	女	15歳
08	1	713	闇の勇者(見習)	リズィ	0	5	半人半魔	女	15歳
08	1	714	騎士竜の末裔	レクス	1	5	人間（竜の一族の末裔）	男	18歳
08	1	715	生き残った復讐の火	※諸事情により交代予定	1	2	※諸事情により交代予定	※諸事情により交代予定	※諸事情により交代予定
08	1	716	カイネイスカイネース	カーナ	0	2	人参	助詞	!8
08	1	717	魔法薬医の娘	アルルコ	1	4	人間	女	13
08	1	718	記憶喪失の財宝探検家	シトリ	1	2	人間	男	16歳
08	1	719	昏き水底のイドラ	イド	1	5	妖精（悪魔）	男性	20代くらいに見える
08	1	720	夢の思い出	四季　小夜美	0	2	半魔者(狐)	女	18
08	1	721	燃え上がる深青	オーヴェ	0	5	人間	男	23歳
08	1	723	ゆめかわまほギャル	まほろ	0	2	人間	♀	17歳
08	1	724	見習い魔導士	アリス	1	2	人間	女性	17
08	1	725	人を愛する人食い粘菌	カナタ	1	2	ウツシミトコヨヒトモドキ	可愛いの最適解	多分14くらい
08	1	726	つちくれの器	ウィッティ	0	2	人間	女	17
08	1	727	ダットニャン	カフカ	0	6	魔物？	？？	幼少
08	1	728	バースト★バスト	バスト様	1	5	ネコマ族	雌	どう見える？
08	1	729	白き暗殺者	真白	1	4	吸血種	女	14歳
08	1	730	巍巍たる青盾	ネス	1	4	エルフ	女	13
08	1	731	覃及なる追儺	ヴィー	0	2	クォーターエルフ	女	13～14前後
08	1	732	白の癒し手	うさ子	0	6	人間	女	10歳ほど
08	1	733	黒鷹	大学部	0	5	人間	男	23
08	1	734	いじっぱり大魔王	リサ	0	5	多分人間	女	18
08	1	735	ピンクの変態	アルマ	0	5	多分人間	女	18
08	1	736	無垢なる少女	シエラ	0	5	多分人間	女	16
08	1	737	不思議ちゃんオーラ	ミトラ	1	5	多分人間	女	17
08	1	738	ぶん殴ってなんとかする	カザリ	1	2	人間	女	17
08	1	739	気付けば背後に茂る緑	観葉植物	1	6	植物	無性	0歳
08	1	740	熱しやすく焦がれやすい	つつじ	0	5	人間	女	22
08	1	741	おちゃめロボット	ガラクティーノ	0	5	ガラクタ	ハンサム	ナイスガイ
08	1	742	青銀のリゾルート	ミファ	0	6	ヒューマン	女性	11
08	1	743	好物はアイス	セタ	1	6	人間	男	12
08	1	744	水神巫女	セラ	0	2	人魚	女性	17歳
08	1	746	幸運の招き竜／自意識過剰一般人	イシパソ	0	2	人間	男	16
08	1	747	巡礼の騎士	オズワルド	1	2	人間	男性	18歳
08	1	748	残影、朧なりや	プラシノス	1	5	人外	-	-
08	1	749	深海の魔女	クク	0	2	半海魔	女性	17歳
08	1	750	闇の住人	ギギ	0	2	不明	外見は女性	16
08	1	751	奸佞邪智	ダリラ	1	5	堕天使	女	(みのむし)23
08	1	752	黒猫の次女	シスト	1	5	ワーキャット（猫と人の混血種）	女	十代後半
08	1	753	一般通過女子生徒	アニヤ	1	2	人間	女	16
08	1	754	小さなゴーレム術師	アリシア	0	6	猫人族	女	9歳
08	1	755	ディープスノウ	シルヴィ	0	5	人間	女性	27歳
08	1	756	リングテイルツインテイル	ネッカ	0	2	人	女	17
08	1	757	月砕く紅銀	シィザ	1	2	人間	女	18
08	1	758	嚮導の虹	エイロス	0	5	ヒト系	女性	20代
08	1	759	ふわふわひらひら	キャリコ	1	4	モリマツリカイコビト	メス	13
08	1	760	荒野の魔狼		0	0			
08	1	762	ハリボテの魔術師	ハリボテ生徒	0	5	人間	男	20代
08	1	763	崩身の博士	ハカセ	0	5	人造人間	女	19
08	1	764	不具の堕落者	ヴァイス	0	5	人間	男性	38
08	1	765	忘念孤狼	喰慈	0	2	混血狼男	Men	17
08	1	766	獣導宿	ネレーム	0	6	魔法使い	幼女	幼女
08	1	767	あなたの為のあたたかな光	ランテルヌ	1	2	竜と人のハーフ	どっちでしょう！	18歳
08	1	768	ロッテルラステル	リオーネ	0	5	人間	女性	20
08	1	769	今世のグルメ王	オシヨ	0	2	混血狼男	Men	17
08	1	770	classPCName	Gazer	0	5	分割世界	女に見える	10代に見える
08	1	771	錬技風雅	アオイ	1	2	人間	女	16
08	1	772	ヌメヌメ	魔力啜り	1	6	害獣		
08	1	773	絡みつく自然	暴食実験体	0	6	害獣		
08	1	774	NODATA	NO NAME	1	6	NO DATA	NO DATA	NO DATA
08	1	775	地下の技師	呪文翅のワーアント	1	6	害獣		
08	1	776	昏き海と月の泡	リューナ	0	2	人間	女	16歳
08	1	777	旅の呪術師	ギーメイ	0	5	人間	女性	18
08	1	778	硫黄の魔女	ジュール	0	2	人間	女性	18歳～
08	1	779	敬虔なる協会員	アクイラ	1	5	人間	女性	24
08	1	780	氷雪静寂	アイ	1	2	氷妖精	女性	18
08	1	781	波の共有者	アルマ	0	5	共有者	女	23
08	1	782	オカルトマニア	オカ研部長	1	4	人間	女性	15
08	1	783	不屈の戦士	カリム	0	2	ヒューマン	男性	10代
08	1	784	紅蛛一族の出来損ない	ハツカ	1	2	アラクネ	♀	１８歳
08	1	785	藍翼の狩人	イェレ	1	4	亜人	男性	15歳
08	1	786	波乱万丈	タツノ	0	2	人間	女	17
08	1	787	我は此方に、汝は彼方に	エマ	0	2	ヒト科霊長類	女性	16
08	1	788	極東妖怪逸れ妖狸	シャナ	0	2	化け狸（エゾタヌキ）	雌	20
08	1	789	少女魔法剣士	レニ	1	4	人間	女	13歳
08	1	790	人形たちの小さなお姉さん	サキ	0	2	魔女	女性	中等部
08	1	791	ミュートできない	秩序ロボ	1	5	ロボ	ロボ	ロボ
08	1	792	翡翠の羊飼い	フィーク	1	2	ハーフエルフ	男	14♀️（本当は17♂️）
08	1	794	昏き海の使徒	ルル	0	2	人間(自己申告)	女	17
08	1	795	白い群れる頃	雪告鳥	0	6	鳥綱スズメ目エナガ科エナガ属	鳥	小鳥
08	1	796	燃ゆる鬣		1	0			
08	1	797	闇夜より迫る		1	0			
08	1	798	”世界”の平和を見過ごし隊		0	0			
08	1	799	大食らい	ラヴィ	0	6	人間	男	10
08	1	800	ごく普通の中学生	シャーロット	0	4	ヒト	女の子	13くらい
08	1	801	健勝硬派	リグ	1	2	人間	男性	18
08	1	802	冷静沈着	クラン	1	2	人間	男性	18
08	1	803	社の霊狐	八尋	1	4	霊狐	♂	13歳
08	1	804	Memento of Madrugada	アゼリア	0	4	人間	女性	15
08	1	806	ジンジャエール名物おおあんまきさん	おおあんまきさん	0	2	獣人	女	１７
08	1	807	正義のおっとり少女	ディア	1	4	このは族	♀	少女
08	1	808	放蕩不良少年	トーマ	1	2	人間	男	17
08	1	809	趣味は園芸		0	0			
08	1	810	滅私奉公		1	0			
08	1	812	僕が一番可愛いでしょ☆	ギリア	1	2	人間	男の娘	16
08	1	813	酔いどれ雪女	キョウカ	0	5	雪女	女	20代
08	1	814	バカ男1/2	アシュト	1	2	人間	男	16
08	1	815	フリーダムの化身	みどり	0	2	にんげん	女	未成年（16歳ぐらい）
08	1	816	ツインテモデラー	MM	0	6	人間	女	12
08	1	817	還願せし祭り屋	ユーヴ	0	5	エルフ	女	っゃっゃ
08	1	818	羊蹄気鋭	ウール	0	2	角人	女	18
08	1	819	キャストプログラマー	アザミナ	1	2	人間	女性	17歳（実年齢も）
08	1	821	闘争筋肉	ミケ	1	6	猫？	オス	１歳
08	1	822	流浪の元神殿騎士	リサナミヤ	1	2	ハーフエルフ	女	18
08	1	823	ふつうの魔術師	ゆい	0	2	人間	女	17歳
08	1	824	宵闇の騎士	シキト	1	4	天使	男	13歳
08	1	825	見習い魔法使い	フルア	0	6	天使	男	12歳
08	1	826	ゆるふわな恋する少女	ミル	0	6	サキュバス	女	12歳
08	1	827	自己同一性の迷い仔	ハート	0	6	死神族	女	13歳
08	1	828	渚のさざなみ	カモミール	0	2	ヒト	女	16
08	1	829	低身長男子		0	0			
08	1	830	解体ボーイ		0	0			
08	1	831	美味しいまんじゅう		0	0			
08	1	832	美味しいまんじゅう		0	0			
08	1	833	美味しいまんじゅう		0	0			
08	1	834	美味しいまんじゅう		0	0			
08	1	835	美味しいまんじゅう		0	0			
08	1	836	testtest		0	0			
08	1	837	testtest		0	0			
08	1	838	低身長男子	タータ	0	2	人間	男	16
08	1	839	解体ボーイ	セオ	1	2	人間	男	16歳
08	1	840	自由奔放な冒険者	アリシア	1	5	人間	女	20
08	1	841	七色の単色	ルキア	0	4	精霊	男性に見える	13歳前後に見える
08	1	842	黄昏の叛英雄	黄泉	1	2	人間	female	十代半ば
08	1	843	惰眠姫	デーラ	0	4	人間	女性	14歳
08	1	844	エルフの聖皇女	アーガット	1	4	高貴なるエルフ	永遠の少女	14
08	1	845	炉底に冠する火石竜子	セラージュ	1	2	サラマンデル	男	16
08	1	846	恥ずかしがりの愛され羊	フロール	1	2	亜羊	男	16
08	1	847	角あるもの牙なるもの	スコルト	1	2	北方トロール	男	16
08	1	848	ルイくん応援隊	プルル	0	4	？？？	美少年	10
08	1	849	赤くて小さい	テントー	1	5	ナナホシテントウ	ナイショ	小さい大人
08	1	850	蒼い夜	よる	0	5	悪魔	女性	14
08	1	851	探究の白猫	みーこ	1	5	ねこ	雌	？
08	1	852	灰猫の煌宝	みーたろう	1	5	ねこ	雄	？
08	1	853	白猫の橙宝	白猫首輪	0	5	無機物	首輪	新品？
08	1	854	灰猫の煌宝	灰猫首輪	0	5	無機物	首輪	新品？
08	1	855	幸運の稲畑	ミハル	0	5	人間	女性	18
08	1	856	美味しいまんじゅう屋	レンカさん	0	2	まんじゅう屋	へへ…	それなりに若い
08	1	857	深潭を泳ぐ	リアビス	0	2	？？？	男性	17
08	1	858	マナグラスウィッチ	クニーニファ	1	2	獣人	女性	16
08	1	859	記憶なき少女	ジーナ	0	2	人間？	女	16
08	1	860	魔女見習い	アリスリアラ	0	2	人間	女性	17
08	1	861	謎の存在幾何学存在	球	0	5	無機生命体	？	？
08	1	862	時空の支配者	レン	0	4	悪魔(自覚なし)	男性	15
08	1	863	精霊の遣い手	アレク	0	5	ハーフエルフ	男	18歳
08	1	864	少年魔術師	クロエ	0	2	人間	男性	10代半ば
08	1	866	全力回避	ハロ	0	6	ヒト	美少年	11
08	1	867	行き当たりばったりな半月	ロッティ	0	4	吸血鬼	女性	13
08	1	868	運命を信じない半月	ユーリカ	1	4	吸血鬼	女	13
08	1	869	虚ろなる三つ子	エム	1	5	人	魔女	年齢不詳
08	1	870	写し鏡の少女	ナイラ	0	4	ムラサキシジミ	雌に分類される	１４～１８
08	1	871	蒼玉の雫	真澄	0	5	狐の獣人	女性	かわいい
08	1	872	黒白	ぴゃー	0	6	ミタメネコ	ぴゃ〜？	こねこ
08	1	873	風使い	ジェイド	0	2	人間	男性	16歳
08	1	874	お気楽極楽	緋色の狐	0	5	キツネ？	男性	？？
08	1	875	お気楽極楽	緋色の狐［分身］	1	5	［分身］	［分身］	［分身］
08	1	876	お気楽極楽	緋色の狐［分身］［分身］	1	5	［分身］	［分身］	［分身］
08	1	877	歩く提灯	クー	0	5	人間	女	9歳　131cmくらい
08	1	878	故なき学徒	ドロテア	1	2	人間	♀	18
08	1	879	流転の月読み	ザイカ	0	4	人造人間	男	14
08	1	881	青緑	ブルー	0	5	ドラウ	不詳	不詳
08	1	882	魔法マニア魔法観楽者	ぴあの	1	2	ハーフエルフ	男	13歳
08	1	883	紅炎	カーマイン	1	5	バグベア	不詳	不詳
08	1	885	灰黒	グレー	0	6	洞窟ノーム	不詳	不詳
08	1	886	紫暗	バイオレット	1	5	スリ	不詳	不詳
08	1	887	疾風怒涛	リジィ	1	5	？	女	19
08	1	888	なしなし	キュラテ	0	2	人間（サキュバスハーフ）	女性(両性具有)	16歳
08	1	889	ろくでもない研究者	レヴィ	0	2	人間	男	17
08	1	890	怠惰	ネムダル	0	6	魔女	女	10
08	1	891	蟲憑き薬師	コヴァジナ	1	5	人間	女性	20
08	1	892	見境の無い調薬師	ノワール	0	5	表向きは人族	男	20そこそこ
08	1	893	自我なき紫電	ベル	1	6	人間	女	10
08	1	894	《煙焔》の魔女	マルタ	0	2	不明	外見上は女	17
08	1	895	苦悩するペンギン	クノウペン	1	5	ペンギン	不明	不明
08	1	896	風脈の神成り	ピネット	0	2	デミゴッド	女	15歳
08	1	897	白花の片翼	アマナ	0	4	人間	女	14
08	1	898	縹の片翼	イリス	1	4	人間	女	14歳
08	1	899	おそうじロボ	ドルイ	1	6	機械	？？？	？？？
08	1	900	歩く生き人形	ドゥード	0	2	人間？	？	17歳
08	1	901	《醜悪》の人造人間	カイツール	1	5	ゴーレム	外見上は男	いい歳
08	1	902	砂漠の人気者	マラカス鳥	1	5	メキシカンバード	不明	不明
08	1	903	さいきょうまじゅつし	コイナス	0	6	超絶かわいい	超絶かわいい	11歳くらい
08	1	904	ふわふわもこもこ	ひよこ	0	6	とり人	メス	幼い
08	1	905	愛くるしいメカバード	メカバード	0	5	機甲の鳥	不明	不明
08	1	906	粋がる争鳴	ガウチェ	0	2	人間	男	15
08	1	907	神の下僕	ユーリ	1	2	不明	女性	若い
08	1	908	　　	ユル	0	2	？	？	16
08	1	909	羽耳亜人	ポッカ	1	2	デミ・ヒューマン	無性別	16
08	1	910	冷や水の年寄り	ロウヴァ	0	4	ヒト	女	76歳
08	1	911	宙を泳ぐ魚	エール	0	5	翼人魚	♀	19
08	1	912	錆びついた黄金	アロイ	1	5	人間	男	40代後半
08	1	913	暴風の風紀委員	エルナ	0	4	人間	女	13
08	1	915	ありふれた鴉	チェルキオ	0	5	人間	男	20
08	1	916	絵の中の少女	レディ	0	2	絵画	女性	16～18
08	1	917	誤解倒置	ミラ	0	4	迷子	♀	成人済
08	1	918	月星の友人	アルト	0	2	人間に見える	男に見える	15～6歳に見える
08	1	919	不惜身命	サキ	0	2	ヒト		
08	1	920	質実剛健	正洋	1	2	ヒト		
08	1	921	後先考えない	カルメ	1	5	海棲族		
08	1	922	怪力無双	マリン	1	2	ヒト		
08	1	923	深蒼宝玉	ラン	0	6	人間	女	10
08	1	924	ふわふわやわらか	デイヴ	1	6	クマ	男	--
08	1	925	秘匿する生命	カリニーエン	0	5	人造人間	男性	30代前半
08	1	926	ハネウマフライアンドスティング	フック	1	2	人間	男	17
08	1	927	風紀遂行	ジン	1	2	ヒト		
08	1	928	流転の魔槍士	アルス	1	2	人間	男	16～17
08	1	929	願いよ叶え	ゆずり	0	2	ヒト	男性	16
08	1	930	--	X	0	5	X	X	X
08	1	931	桜鱗の野蛮人	ロサ	0	6	ドラクノマイト	不明	たぶん老齢ではない
08	1	932	碧眼のシャーマン	レギン	0	6	ドラクノマイト	不明	たぶん老齢ではない
08	1	933	疾い小さき者いのちの重さ	ルム	0	6	恐らく人間	男	十歳
08	1	934	--	X2	0	5	X2	X2	X2
08	1	935	--	X3	1	5	X3	X3	X3
08	1	936	メロンパン大好きクイニーちゃん	クイニー	1	2	獣人	女	１７
08	1	937	後の先	トール	1	4	半人半馬	雄	青年（上半身は）
08	1	938	魔女見習いアマンちゃん	アマン	0	2	獣人	女	１６
08	1	939	煉獄オーバードライブ	シグレ	1	5	人間	女性	22
08	1	940	海より来たりて謳う子	ディー	0	6	海人	女	10
08	1	941	testtest		0	0			
08	1	942	土の中隠れ蓑	もぐら	1	6	哺乳類	女	12
08	1	943	迅速軽快	ケレル	0	4	獣人	男	こども
08	1	944	そよ風の真珠	マギー	1	2	人間	女	１７
08	1	945	黒の汞	メルク	1	2	人間	女	20前後
08	1	949	LOVEMACHINE	こい	1	2	人間（セイレーンクォーター）	女	10代半ば
08	1	950	星と縞の	なみ	0	6	人魚	女性	11
08	1	951	アルプスの	灰爺	1	5	アルプスの僧正	爺	老人
08	1	952	無垢なる力	フィオ	1	2	亜人	女性	16歳
08	1	953	惨劇からの生還者	恵佳	1	5	人間	男	20代
08	1	954	暗室の女郎蜘蛛	八雲	0	5	人間	女性	25
08	1	955	花緑青の破顔一笑	ウー	1	2	人間	女性	17
08	1	956	全力回避	ハロ	0	6	ヒト	?	11
08	1	957	風詠みの仔竜	モミジ	0	4	黒豆竜	雌	仔竜（実際は14歳）
08	1	958	赤い夜	マイン	0	4	魔族	女	16
08	1	959	TRPGが趣味の男子高校生	ケイ	1	2	人間	男性	高校生
08	1	960	宙を追う者	レミュ	0	2	人間	女性	17
08	1	961	ピアニーカーマイン	天狐	0	5	人間	女性	30代
08	1	962	羽音が重低音	プシュ	0	6	妖精っぽい何か	♀	幼児
08	1	963	黒いクマ	クロクマル	1	5	クマ	？	成獣
08	1	964	白いクマ	シロクマル	0	5	クマ	？	成獣
08	1	965	緋の護り手	ミヤ	1	4	人間	♀	15
08	1	966	"地元の"	河童	0	5	河童	オス	大人の河童
08	1	967	無知を憎む知	知識の奴隷ちゃん	1	2	人間	女性	17
08	1	968	"公務員ヤクザプロゲーマー"	ヘル死子	0	5	無改造人間	女性	22
08	1	969	雪風の華	カーチャ	1	2	人間	女性	16歳
08	1	970	--	準備用	0	6	-	-	-
08	1	971	変わり身の術	クナイ	1	2	シノビ	？	？
08	1	972	もがもも	ひがしや	1	6	人	漢	普通
08	1	973	花鳥風月	ひがしや	1	2	人間	漢	17
08	1	974	彼は誰時の天津狐	葛葉	0	5	妖狐	男	29
08	1	975	小さな策士	zumi	0	5	獣人		子供
08	1	976	いも	いもに	0	2	人	女性	１６
08	1	977	星霜剥落	サフィ	0	6	ホムンクルス	女性	12?
08	1	978	泰然自若絶対無心	エディ	0	5	人間	男	19
08	1	979	腐乱ランは腐らせたい	腐乱ラン	1	4	人間	少女	13歳
08	1	980	踊る阿呆に撮る阿呆	ホンジャク	0	2	人間	男性	10代後半
08	1	981		アレグレーテ	0	4	人間？	不明	10代
08	1	982	今日は食べ放題	アカネ	0	2	人間	女	17
08	1	983	Yggdrasilbranch	ノース	0	5	ヒューマン	女性	18
08	1	984	何もない少年	Est	1	4	人間？	少年的	少年的
08	1	985	深海より来るネモフィラの花束	ノーム	1	5	鮫人	男性	二十代前後
08	1	986	夢はでっかく烈火のごとく！強気強火なフレイム・ガール！	レーカ	0	4	人間	女	14
08	1	987	月光の魔術師	ルナ	0	5	人間	女	20
08	1	988	太陽の魔術師	サン	0	5	人間	女	20
08	1	989	枯れた技術と女子高生	マル	1	2	人間	女	15
08	1	990	白金の騎士	ケイ	1	2	人間	男	16歳
08	1	991	じぶんのみはじぶんでまもろう	ジルベール	1	6	にんげん	おとこのこ	7
08	1	992	アリス・アリス		0	0			
08	1	993	気弱女子と化け猫	ザアルナ	0	2	人間	女	17歳
08	1	994	フィジカル系幻想精霊	ネイ	1	2	エルフ	女	17
08	1	995	闇医者	シュタイン	0	5	人間	♂	31
08	1	996	おばかでじゆー	ピマ	1	6	妖精種	おとめ	子供
08	1	997	長兄の祷り次兄の見切り	イル	0	5	未定義	男	30歳前後
08	1	998	雷霆万鈞	一華	0	5	魔人	女	20後半
08	1	999	独弦哀歌	陽大	0	5	魔人	男	20前半
08	1	1000	モノクロの見習い魔女	エイン	0	4	不明	女性	14
08	1	1001	夕闇の王女	アイリス	0	4	ヒューマン	女性	15歳
08	1	1002	深海の小さき者	ティー	0	6	秘密（小さい種族）	女性	5歳
08	1	1003	 	 	0	6	 	 	 
08	1	1004	久遠の吸血姫	リリィ	0	5	吸血鬼	女	14
08	1	1005	A grin without a cat	リベロ	1	2	化け猫	男	17、8歳くらい
08	1	1006	灯火に咲く花	カノン	0	2	人間	女	16～20
08	1	1007	教えよう、お前に学ぶ意欲があるのなら。	獅南蒼二	1	5	人間	男	40～50代
08	1	1008	堕ちた天翼	スレイズ	1	2	堕天使	女	17
08	1	1009	パイルバンカー愛好家	マリン	1	4	人間	女性	14
08	1	1010	スタッシュフェルトの怪物	レティ	1	4	人間	女	13程度
08	1	1011	半人半魔	月華	1	2	人間	男	16
08	1	1012	深海に映る者	アクア	1	2	人間	男	15～18
08	1	1013	虚弱の魔剣使い	めたるん	1	2	人間	男性	14
08	1	1014	可憐なる美少女魔術師！	フィジー	0	2	人間	可憐な美少女	若者
08	1	1015	白影を辿る者	テリスタ	1	5	人間	女	19
08	1	1016	噺の速い	味利亭	1	5	落語家	男性	
08	1	1017	日陰の読者	レナ	0	4	人族	女性	13
08	1	1018	バーサク系優等生	ニーヴァ	1	2	人間	女性	17
08	1	1020	黒紅火魔女	エレナ	0	4	人間	女	16
08	1	1021	お気楽な小人	ナターシャ	1	4	ハーフリング	女	13
08	1	1022	荒れ狂う餓狼	ラン	1	2	人狼	女	18
08	1	1023	引きこもり魔書使い	シオン	0	5	不死者	女性	20代前半
08	1	1024	眠り浅き山羊擬き	モココ	1	5	人間	女性	21
08	1	1025	闇を照らす極光	しろ	0	2	人間	女性	17
08	1	1026	再生樹木	鈴里	0	5	人間	女	20
08	1	1027	自爆狂アンドロイド	ドゥーエ	1	5	アンドロイド	無し	16
08	1	1028	伝説の	リアム	0	2	人	男	17
08	1	1029	銀花の剣姫	リリーア	1	5	人間	女性	16
08	1	1031	宵闇の昴	カムイ	1	5	人間	男	22
08	1	1033	宝石の魔法使い	ルナ	0	4	人間	女性	13
08	1	1035	未来の冒険者	アオイ	1	4	人間	男	声変わり前
08	1	1036	機動幼塞	ファル	1	2	たぶん人間	女	13くらい
08	1	1037	コスモパワーアンドロメダ銀河の加護	がんま	0	2	宇宙人	女	19
08	1	1039	魚が泳ぐ色鮮やかに	ノク	1	2	人魚	雄	17くらい
08	1	1040		かな	1	6	獣人	女	11
08	1	1044	世界を呑み尚尽きぬ愛	トリア	1	5	人間だった者	女性	20
08	1	1045	深淵からの幼子	みこさま	0	6	人間？	女	6
08	1	1046		アエミリウス	0	4	人	男	14歳
08	1	1047		ダリア	1	2	ゴースト？	？？	？？
08	1	1048		メチルタフィー	1	6	脳喰い虫	不明	8歳
08	1	1051	魔法使いを志す少年	エミル	0	4	人間	男	15
08	1	1052	testtest		0	0			
08	1	1053	双生の水竜	ロムファ	0	2	アルナーキ	女性	18
08	1	1054	双生の水竜	モカロ	0	2	アルナーキ	女性	18
08	1	1055	影の者	ユウキ	0	5	ホムンクルス	男	20歳
08	1	1056	戦士失業中	ドゴーリン	1	5	ドワーフ	男性	45
08	1	1057	パイロマンシーヴォルケイノ	シャオ	0	2	人間	女	17
08	1	1058	月の子の守護神	宝楽	0	5	式神	男？	成人
08	1	1059	みんなのアイドル		1	0			
08	1	1060	秘めたる覚悟	優ちゃん	1	4	人間	女	18
08	1	1061	戦うメイドさん	ルラ	0	5	狐人族	女性	18
08	1	1062	不動要塞	ドレミー	1	2	人	男	18
08	1	1063	遍く大空の守護者	アストラ	1	2	人間	男性	17歳
08	1	1064	召喚研究者	マルカ	0	5	北方人	女に見える	19
08	1	1065	ストレンジトラベラー		0	0			
08	1	1066	泡沫との邂逅	プネウマ	1	2	クラゲっぽい人	色々	様々
08	1	1067	探究せし老魔獣	ギヴル	1	5	ヴェラルガ（魔獣民族）	男（オス）	人間換算55歳
08	1	1068	愛の使徒／愛の化身	アナ	1	2	天使？	性別と言う概念が無い	10代後半ぐらい
08	1	1069	カースエメラルド	リーヴァス	0	5	人間	女	１１歳
08	1	1070	命中増の命中増	ドーサテスト	1	5	動作テスト	無性	概念
